draw_date,weekday,game_era,total_combinations,base_play_price_usd,advertised_jackpot_musd,lr_jackpot_first_musd,lr_jackpot_last_musd,mmcom_jackpot_musd,mmcom_cash_value_musd,final_jackpot_musd,final_cash_value_musd,jackpot_won,jackpot_winners,jackpot_winner_states,jackpot_winners_source,base_sales_usd,jtj_sales_usd,base_plays,jtj_plays,jackpot_eligible_plays,plays_per_combination,coverage_pct_random_model,reported_pct_combos_covered,reported_tickets,reported_source,lr_sales_revised_flag,data_quality_flag,lr_jackpot_raw,notes
2013-01-01,Tue,MM 5/56+1/46 $1 (..2013-10-18),175711536,1,30,30,30,,,,,0,0,,texaslottery (Roll),14912328,,14912328,,14912328,0.08487,8.14,,,,0,,$30,
2013-01-04,Fri,MM 5/56+1/46 $1 (..2013-10-18),175711536,1,39,39,39,,,,,0,0,,texaslottery (Roll),17275643,,17275643,,17275643,0.09832,9.36,,,,0,,$39,
2013-01-08,Tue,MM 5/56+1/46 $1 (..2013-10-18),175711536,1,47,47,47,,,,,0,0,,texaslottery (Roll),16986396,,16986396,,16986396,0.09667,9.21,,,,0,,$47,
2013-01-11,Fri,MM 5/56+1/46 $1 (..2013-10-18),175711536,1,55,55,55,,,,,0,0,,texaslottery (Roll),18369924,,18369924,,18369924,0.10455,9.93,,,,0,,$55,
2013-01-15,Tue,MM 5/56+1/46 $1 (..2013-10-18),175711536,1,62,62,62,,,,,0,0,,texaslottery (Roll),18181985,,18181985,,18181985,0.10348,9.83,,,,0,,$62,
2013-01-18,Fri,MM 5/56+1/46 $1 (..2013-10-18),175711536,1,70,70,70,,,,,0,0,,texaslottery (Roll),20649658,,20649658,,20649658,0.11752,11.09,,,,0,,$70,
2013-01-22,Tue,MM 5/56+1/46 $1 (..2013-10-18),175711536,1,80,80,80,,,,,0,0,,texaslottery (Roll),20083228,,20083228,,20083228,0.11430,10.80,,,,0,,$80,
2013-01-25,Fri,MM 5/56+1/46 $1 (..2013-10-18),175711536,1,89,89,89,,,,,1,,,,22190538,,22190538,,22190538,0.12629,11.86,,,,0,,$89,
2013-01-29,Tue,MM 5/56+1/46 $1 (..2013-10-18),175711536,1,12,12,12,,,,,0,0,,texaslottery (Roll),14411785,,14411785,,14411785,0.08202,7.87,,,,0,,$12,
2013-02-01,Fri,MM 5/56+1/46 $1 (..2013-10-18),175711536,1,13,13,13,,,,,0,0,,texaslottery (Roll),15690923,,15690923,,15690923,0.08930,8.54,,,,0,,$13,
2013-02-05,Tue,MM 5/56+1/46 $1 (..2013-10-18),175711536,1,19,19,19,,,,,1,,,,15257798,,15257798,,15257798,0.08683,8.32,,,,0,,$19,
2013-02-08,Fri,MM 5/56+1/46 $1 (..2013-10-18),175711536,1,12,12,12,,,,,0,0,,texaslottery (Roll),15162318,,15162318,,15162318,0.08629,8.27,,,,0,,$12,
2013-02-12,Tue,MM 5/56+1/46 $1 (..2013-10-18),175711536,1,13,13,13,,,,,0,0,,texaslottery (Roll),14459603,,14459603,,14459603,0.08229,7.90,,,,0,,$13,
2013-02-15,Fri,MM 5/56+1/46 $1 (..2013-10-18),175711536,1,20,20,20,,,,,0,0,,texaslottery (Roll),16013086,,16013086,,16013086,0.09113,8.71,,,,0,,$20,
2013-02-19,Tue,MM 5/56+1/46 $1 (..2013-10-18),175711536,1,26,26,26,,,,,1,,,,15153877,,15153877,,15153877,0.08624,8.26,,,,0,,$26,
2013-02-22,Fri,MM 5/56+1/46 $1 (..2013-10-18),175711536,1,12,12,12,,,,,0,0,,texaslottery (Roll),14907061,,14907061,,14907061,0.08484,8.13,,,,0,,$12,
2013-02-26,Tue,MM 5/56+1/46 $1 (..2013-10-18),175711536,1,13,13,13,,,,,0,0,,texaslottery (Roll),14158057,,14158057,,14158057,0.08058,7.74,,,,1,,$13,
2013-03-01,Fri,MM 5/56+1/46 $1 (..2013-10-18),175711536,1,19,19,19,,,,,0,0,,texaslottery (Roll),16342844,,16342844,,16342844,0.09301,8.88,,,,0,,$19,
2013-03-05,Tue,MM 5/56+1/46 $1 (..2013-10-18),175711536,1,26,26,26,,,,,0,0,,texaslottery (Roll),15938625,,15938625,,15938625,0.09071,8.67,,,,0,,$26,
2013-03-08,Fri,MM 5/56+1/46 $1 (..2013-10-18),175711536,1,33,33,33,,,,,0,0,,texaslottery (Roll),16900743,,16900743,,16900743,0.09618,9.17,,,,0,,$33,
2013-03-12,Tue,MM 5/56+1/46 $1 (..2013-10-18),175711536,1,41,41,41,,,,,1,,,,17051325,,17051325,,17051325,0.09704,9.25,,,,0,,$41,
2013-03-15,Fri,MM 5/56+1/46 $1 (..2013-10-18),175711536,1,12,12,12,,,,,0,0,,texaslottery (Roll),15877991,,15877991,,15877991,0.09036,8.64,,,,0,,$12,
2013-03-19,Tue,MM 5/56+1/46 $1 (..2013-10-18),175711536,1,13,13,13,,,,,0,0,,texaslottery (Roll),14718028,,14718028,,14718028,0.08376,8.04,,,,0,,$13,
2013-03-22,Fri,MM 5/56+1/46 $1 (..2013-10-18),175711536,1,20,20,20,,,,,0,0,,texaslottery (Roll),16843787,,16843787,,16843787,0.09586,9.14,,,,0,,$20,
2013-03-26,Tue,MM 5/56+1/46 $1 (..2013-10-18),175711536,1,26,26,26,,,,,0,0,,texaslottery (Roll),15847121,,15847121,,15847121,0.09019,8.62,,,,0,,$26,
2013-03-29,Fri,MM 5/56+1/46 $1 (..2013-10-18),175711536,1,34,34,34,,,,,0,0,,texaslottery (Roll),17467099,,17467099,,17467099,0.09941,9.46,,,,0,,$34,
2013-04-02,Tue,MM 5/56+1/46 $1 (..2013-10-18),175711536,1,42,42,42,,,,,0,0,,texaslottery (Roll),17370023,,17370023,,17370023,0.09886,9.41,,,,0,,$42,
2013-04-05,Fri,MM 5/56+1/46 $1 (..2013-10-18),175711536,1,50,50,50,,,,,0,0,,texaslottery (Roll),19456144,,19456144,,19456144,0.11073,10.48,,,,0,,$50,
2013-04-09,Tue,MM 5/56+1/46 $1 (..2013-10-18),175711536,1,56,56,56,,,,,0,0,,texaslottery (Roll),18465071,,18465071,,18465071,0.10509,9.98,,,,0,,$56,
2013-04-12,Fri,MM 5/56+1/46 $1 (..2013-10-18),175711536,1,66,66,66,,,,,0,0,,texaslottery (Roll),20025011,,20025011,,20025011,0.11397,10.77,,,,0,,$66,
2013-04-16,Tue,MM 5/56+1/46 $1 (..2013-10-18),175711536,1,74,74,74,,,,,0,0,,texaslottery (Roll),19664246,,19664246,,19664246,0.11191,10.59,,,,0,,$74,
2013-04-19,Fri,MM 5/56+1/46 $1 (..2013-10-18),175711536,1,83,83,83,,,,,0,0,,texaslottery (Roll),21357500,,21357500,,21357500,0.12155,11.45,,,,0,,$83,
2013-04-23,Tue,MM 5/56+1/46 $1 (..2013-10-18),175711536,1,92,92,92,,,,,0,0,,texaslottery (Roll),22021871,,22021871,,22021871,0.12533,11.78,,,,0,,$92,
2013-04-26,Fri,MM 5/56+1/46 $1 (..2013-10-18),175711536,1,103,103,103,,,,,0,0,,texaslottery (Roll),26247762,,26247762,,26247762,0.14938,13.88,,,,0,,$103,
2013-04-30,Tue,MM 5/56+1/46 $1 (..2013-10-18),175711536,1,114,114,114,,,,,0,0,,texaslottery (Roll),26381674,,26381674,,26381674,0.15014,13.94,,,,0,,$114,
2013-05-03,Fri,MM 5/56+1/46 $1 (..2013-10-18),175711536,1,126,126,126,,,,,0,0,,texaslottery (Roll),29284012,,29284012,,29284012,0.16666,15.35,,,,0,,$126,
2013-05-07,Tue,MM 5/56+1/46 $1 (..2013-10-18),175711536,1,139,139,139,,,,,0,0,,texaslottery (Roll),29914902,,29914902,,29914902,0.17025,15.65,,,,0,,$139,
2013-05-10,Fri,MM 5/56+1/46 $1 (..2013-10-18),175711536,1,154,154,154,,,,,0,0,,texaslottery (Roll),33938749,,33938749,,33938749,0.19315,17.56,,,,0,,$154,
2013-05-14,Tue,MM 5/56+1/46 $1 (..2013-10-18),175711536,1,170,170,170,,,,,0,0,,texaslottery (Roll),36533733,,36533733,,36533733,0.20792,18.77,,,,0,,$170,
2013-05-17,Fri,MM 5/56+1/46 $1 (..2013-10-18),175711536,1,190,190,190,,,,,1,,,,59883399,,59883399,,59883399,0.34081,28.88,,,,0,,$190,
2013-05-21,Tue,MM 5/56+1/46 $1 (..2013-10-18),175711536,1,12,12,12,,,,,0,0,,texaslottery (Roll),19014052,,19014052,,19014052,0.10821,10.26,,,,0,,$12,
2013-05-24,Fri,MM 5/56+1/46 $1 (..2013-10-18),175711536,1,15,15,15,,,,,0,0,,texaslottery (Roll),17291953,,17291953,,17291953,0.09841,9.37,,,,0,,$15,
2013-05-28,Tue,MM 5/56+1/46 $1 (..2013-10-18),175711536,1,23,23,23,,,,,0,0,,texaslottery (Roll),15309982,,15309982,,15309982,0.08713,8.34,,,,0,,$23,
2013-05-31,Fri,MM 5/56+1/46 $1 (..2013-10-18),175711536,1,30,30,30,,,,,1,,,,18126468,,18126468,,18126468,0.10316,9.80,,,,0,,$30,
2013-06-04,Tue,MM 5/56+1/46 $1 (..2013-10-18),175711536,1,12,12,12,,,,,0,0,,texaslottery (Roll),15575173,,15575173,,15575173,0.08864,8.48,,,,0,,$12,
2013-06-07,Fri,MM 5/56+1/46 $1 (..2013-10-18),175711536,1,14,14,14,,,,,0,0,,texaslottery (Roll),16453549,,16453549,,16453549,0.09364,8.94,,,,0,,$14,
2013-06-11,Tue,MM 5/56+1/46 $1 (..2013-10-18),175711536,1,21,21,21,,,,,0,0,,texaslottery (Roll),16076160,,16076160,,16076160,0.09149,8.74,,,,0,,$21,
2013-06-14,Fri,MM 5/56+1/46 $1 (..2013-10-18),175711536,1,29,29,29,,,,,0,0,,texaslottery (Roll),17209706,,17209706,,17209706,0.09794,9.33,,,,0,,$29,
2013-06-18,Tue,MM 5/56+1/46 $1 (..2013-10-18),175711536,1,36,36,36,,,,,0,0,,texaslottery (Roll),16484492,,16484492,,16484492,0.09382,8.95,,,,0,,$36,
2013-06-21,Fri,MM 5/56+1/46 $1 (..2013-10-18),175711536,1,44,44,44,,,,,0,0,,texaslottery (Roll),17831364,,17831364,,17831364,0.10148,9.65,,,,0,,$44,
2013-06-25,Tue,MM 5/56+1/46 $1 (..2013-10-18),175711536,1,52,52,52,,,,,0,0,,texaslottery (Roll),17361153,,17361153,,17361153,0.09880,9.41,,,,0,,$52,
2013-06-28,Fri,MM 5/56+1/46 $1 (..2013-10-18),175711536,1,61,61,61,,,,,0,0,,texaslottery (Roll),18948903,,18948903,,18948903,0.10784,10.22,,,,0,,$61,
2013-07-02,Tue,MM 5/56+1/46 $1 (..2013-10-18),175711536,1,70,70,70,,,,,0,0,,texaslottery (Roll),19010735,,19010735,,19010735,0.10819,10.25,,,,0,,$70,
2013-07-05,Fri,MM 5/56+1/46 $1 (..2013-10-18),175711536,1,79,79,79,,,,,1,,,,19046606,,19046606,,19046606,0.10840,10.27,,,,0,,$79,
2013-07-09,Tue,MM 5/56+1/46 $1 (..2013-10-18),175711536,1,12,12,12,,,,,0,0,,texaslottery (Roll),14260356,,14260356,,14260356,0.08116,7.80,,,,0,,$12,
2013-07-12,Fri,MM 5/56+1/46 $1 (..2013-10-18),175711536,1,13,13,13,,,,,0,0,,texaslottery (Roll),14939438,,14939438,,14939438,0.08502,8.15,,,,0,,$13,
2013-07-16,Tue,MM 5/56+1/46 $1 (..2013-10-18),175711536,1,20,20,20,,,,,1,,,,14539989,,14539989,,14539989,0.08275,7.94,,,,0,,$20,Texas Lottery lists 1 Texas jackpot winner (CVO)
2013-07-19,Fri,MM 5/56+1/46 $1 (..2013-10-18),175711536,1,12,12,12,,,,,0,0,,texaslottery (Roll),14537921,,14537921,,14537921,0.08274,7.94,,,,0,,$12,
2013-07-23,Tue,MM 5/56+1/46 $1 (..2013-10-18),175711536,1,13,13,13,,,,,0,0,,texaslottery (Roll),13825208,,13825208,,13825208,0.07868,7.57,,,,0,,$13,
2013-07-26,Fri,MM 5/56+1/46 $1 (..2013-10-18),175711536,1,19,19,19,,,,,1,,,,15161489,,15161489,,15161489,0.08629,8.27,,,,0,,$19,
2013-07-30,Tue,MM 5/56+1/46 $1 (..2013-10-18),175711536,1,12,12,12,,,,,0,0,,texaslottery (Roll),13780079,,13780079,,13780079,0.07842,7.54,,,,0,,$12,
2013-08-02,Fri,MM 5/56+1/46 $1 (..2013-10-18),175711536,1,13,13,13,,,,,0,0,,texaslottery (Roll),15409429,,15409429,,15409429,0.08770,8.40,,,,0,,$13,
2013-08-06,Tue,MM 5/56+1/46 $1 (..2013-10-18),175711536,1,20,20,20,,,,,0,0,,texaslottery (Roll),16138280,,16138280,,16138280,0.09185,8.78,,,,0,,$20,
2013-08-09,Fri,MM 5/56+1/46 $1 (..2013-10-18),175711536,1,28,28,28,,,,,0,0,,texaslottery (Roll),16590105,,16590105,,16590105,0.09442,9.01,,,,0,,$28,
2013-08-13,Tue,MM 5/56+1/46 $1 (..2013-10-18),175711536,1,36,36,36,,,,,0,0,,texaslottery (Roll),15385107,,15385107,,15385107,0.08756,8.38,,,,0,,$36,
2013-08-16,Fri,MM 5/56+1/46 $1 (..2013-10-18),175711536,1,43,43,43,,,,,0,0,,texaslottery (Roll),17026077,,17026077,,17026077,0.09690,9.24,,,,0,,$43,
2013-08-20,Tue,MM 5/56+1/46 $1 (..2013-10-18),175711536,1,51,51,51,,,,,0,0,,texaslottery (Roll),16691377,,16691377,,16691377,0.09499,9.06,,,,0,,$51,
2013-08-23,Fri,MM 5/56+1/46 $1 (..2013-10-18),175711536,1,60,60,60,,,,,0,0,,texaslottery (Roll),18064675,,18064675,,18064675,0.10281,9.77,,,,0,,$60,
2013-08-27,Tue,MM 5/56+1/46 $1 (..2013-10-18),175711536,1,69,69,69,,,,,0,0,,texaslottery (Roll),17624774,,17624774,,17624774,0.10031,9.54,,,,0,,$69,
2013-08-30,Fri,MM 5/56+1/46 $1 (..2013-10-18),175711536,1,77,77,77,,,,,0,0,,texaslottery (Roll),19315974,,19315974,,19315974,0.10993,10.41,,,,0,,$77,
2013-09-03,Tue,MM 5/56+1/46 $1 (..2013-10-18),175711536,1,85,85,85,,,,,0,0,,texaslottery (Roll),17880329,,17880329,,17880329,0.10176,9.68,,,,0,,$85,
2013-09-06,Fri,MM 5/56+1/46 $1 (..2013-10-18),175711536,1,95,95,95,,,,,0,0,,texaslottery (Roll),20997434,,20997434,,20997434,0.11950,11.26,,,,0,,$95,
2013-09-10,Tue,MM 5/56+1/46 $1 (..2013-10-18),175711536,1,106,106,106,,,,,0,0,,texaslottery (Roll),22704473,,22704473,,22704473,0.12921,12.12,,,,0,,$106,
2013-09-13,Fri,MM 5/56+1/46 $1 (..2013-10-18),175711536,1,119,119,119,,,,,0,0,,texaslottery (Roll),26236846,,26236846,,26236846,0.14932,13.87,,,,0,,$119,
2013-09-17,Tue,MM 5/56+1/46 $1 (..2013-10-18),175711536,1,130,130,130,,,,,0,0,,texaslottery (Roll),27750268,,27750268,,27750268,0.15793,14.61,,,,0,,$130,
2013-09-20,Fri,MM 5/56+1/46 $1 (..2013-10-18),175711536,1,145,145,145,,,,,0,0,,texaslottery (Roll),30711872,,30711872,,30711872,0.17479,16.04,,,,0,,$145,
2013-09-24,Tue,MM 5/56+1/46 $1 (..2013-10-18),175711536,1,160,160,160,,,,,0,0,,texaslottery (Roll),29644897,,29644897,,29644897,0.16871,15.52,,,,0,,$160,
2013-09-27,Fri,MM 5/56+1/46 $1 (..2013-10-18),175711536,1,173,173,173,,,,,0,0,,texaslottery (Roll),33962921,,33962921,,33962921,0.19329,17.58,,,,0,,$173,
2013-10-01,Tue,MM 5/56+1/46 $1 (..2013-10-18),175711536,1,189,189,189,,,,,1,,,,35363558,,35363558,,35363558,0.20126,18.23,,,,0,,$189,
2013-10-04,Fri,MM 5/56+1/46 $1 (..2013-10-18),175711536,1,12,12,12,,,,,0,0,,texaslottery (Roll),16808335,,16808335,,16808335,0.09566,9.12,,,,0,,$12,
2013-10-08,Tue,MM 5/56+1/46 $1 (..2013-10-18),175711536,1,14,14,14,,,,,0,0,,texaslottery (Roll),15088504,,15088504,,15088504,0.08587,8.23,,,,0,,$14,
2013-10-11,Fri,MM 5/56+1/46 $1 (..2013-10-18),175711536,1,22,22,22,,,,,0,0,,texaslottery (Roll),16379027,,16379027,,16379027,0.09322,8.90,,,,0,,$22,
2013-10-15,Tue,MM 5/56+1/46 $1 (..2013-10-18),175711536,1,29,29,29,,,,,0,0,,texaslottery (Roll),15449067,,15449067,,15449067,0.08792,8.42,,,,0,,$29,
2013-10-18,Fri,MM 5/56+1/46 $1 (..2013-10-18),175711536,1,37,37,37,,,,,0,0,,texaslottery (Roll),16807527,,16807527,,16807527,0.09565,9.12,,,,0,,$37,
2013-10-22,Tue,MM 5/75+1/15 $1 (2013-10-22..2017-10-27),258890850,1,55,55,55,,,,,0,0,,texaslottery (Roll),15914045,,15914045,,15914045,0.06147,5.96,,,,0,,$55,
2013-10-25,Fri,MM 5/75+1/15 $1 (2013-10-22..2017-10-27),258890850,1,65,65,65,,,,,0,0,,texaslottery (Roll),17705909,,17705909,,17705909,0.06839,6.61,,,,0,,$65,
2013-10-29,Tue,MM 5/75+1/15 $1 (2013-10-22..2017-10-27),258890850,1,75,75,75,,,,,0,0,,texaslottery (Roll),17583890,,17583890,,17583890,0.06792,6.57,,,,0,,$75,
2013-11-01,Fri,MM 5/75+1/15 $1 (2013-10-22..2017-10-27),258890850,1,87,87,87,,,,,0,0,,texaslottery (Roll),19784295,,19784295,,19784295,0.07642,7.36,,,,0,,$87,
2013-11-05,Tue,MM 5/75+1/15 $1 (2013-10-22..2017-10-27),258890850,1,99,99,99,,,,,0,0,,texaslottery (Roll),21054818,,21054818,,21054818,0.08133,7.81,,,,0,,$99,
2013-11-08,Fri,MM 5/75+1/15 $1 (2013-10-22..2017-10-27),258890850,1,115,115,115,,,,,0,0,,texaslottery (Roll),24391491,,24391491,,24391491,0.09422,8.99,,,,0,,$115,
2013-11-12,Tue,MM 5/75+1/15 $1 (2013-10-22..2017-10-27),258890850,1,132,132,132,,,,,0,0,,texaslottery (Roll),25014830,,25014830,,25014830,0.09662,9.21,,,,0,,$132,
2013-11-15,Fri,MM 5/75+1/15 $1 (2013-10-22..2017-10-27),258890850,1,149,149,149,,,,,0,0,,texaslottery (Roll),26925918,,26925918,,26925918,0.10400,9.88,,,,0,,$149,
2013-11-19,Tue,MM 5/75+1/15 $1 (2013-10-22..2017-10-27),258890850,1,165,165,165,,,,,0,0,,texaslottery (Roll),27709836,,27709836,,27709836,0.10703,10.15,,,,0,,$165,
2013-11-22,Fri,MM 5/75+1/15 $1 (2013-10-22..2017-10-27),258890850,1,181,181,181,,,,,0,0,,texaslottery (Roll),32248473,,32248473,,32248473,0.12456,11.71,,,,0,,$181,
2013-11-26,Tue,MM 5/75+1/15 $1 (2013-10-22..2017-10-27),258890850,1,205,205,205,,,,,0,0,,texaslottery (Roll),37315945,,37315945,,37315945,0.14414,13.42,,,,0,,$205,
2013-11-29,Fri,MM 5/75+1/15 $1 (2013-10-22..2017-10-27),258890850,1,230,230,230,,,,,0,0,,texaslottery (Roll),36816769,,36816769,,36816769,0.14221,13.26,,,,0,,$230,
2013-12-03,Tue,MM 5/75+1/15 $1 (2013-10-22..2017-10-27),258890850,1,257,257,257,,,,,0,0,,texaslottery (Roll),49042172,,49042172,,49042172,0.18943,17.26,,,,0,,$257,
2013-12-06,Fri,MM 5/75+1/15 $1 (2013-10-22..2017-10-27),258890850,1,297,291,291,,,,,0,0,,texaslottery (Roll),57476652,,57476652,,57476652,0.22201,19.91,,,,0,,$291,
2013-12-10,Tue,MM 5/75+1/15 $1 (2013-10-22..2017-10-27),258890850,1,344,344,344,,,,,0,0,,texaslottery (Roll),75359128,,75359128,,75359128,0.29108,25.25,,,,0,,$344,
2013-12-13,Fri,MM 5/75+1/15 $1 (2013-10-22..2017-10-27),258890850,1,425,400,400,,,,,0,0,,texaslottery (Roll),167868489,,167868489,,167868489,0.64841,47.71,,,,0,,$400,
2013-12-17,Tue,MM 5/75+1/15 $1 (2013-10-22..2017-10-27),258890850,1,636,636,636,,,648,347.6,1,2,"CA, GA",wikipedia,336545306,,336545306,,336545306,1.29995,72.75,,,,0,,$636,
2013-12-20,Fri,MM 5/75+1/15 $1 (2013-10-22..2017-10-27),258890850,1,15,15,15,,,,,0,0,,texaslottery (Roll),20084907,,20084907,,20084907,0.07758,7.46,,,,0,,$15,
2013-12-24,Tue,MM 5/75+1/15 $1 (2013-10-22..2017-10-27),258890850,1,22,22,22,,,,,0,0,,texaslottery (Roll),21128688,,21128688,,21128688,0.08161,7.84,,,,0,,$22,
2013-12-27,Fri,MM 5/75+1/15 $1 (2013-10-22..2017-10-27),258890850,1,35,35,35,,,,,0,0,,texaslottery (Roll),17835568,,17835568,,17835568,0.06889,6.66,,,,0,,$35,
2013-12-31,Tue,MM 5/75+1/15 $1 (2013-10-22..2017-10-27),258890850,1,47,47,47,,,,,0,0,,texaslottery (Roll),23261205,,23261205,,23261205,0.08985,8.59,,,,0,,$47,
2014-01-03,Fri,MM 5/75+1/15 $1 (2013-10-22..2017-10-27),258890850,1,61,61,61,,,,,1,,,,18977045,,18977045,,18977045,0.07330,7.07,,,,0,,$61,
2014-01-07,Tue,MM 5/75+1/15 $1 (2013-10-22..2017-10-27),258890850,1,15,15,15,,,,,0,0,,texaslottery (Roll),16048728,,16048728,,16048728,0.06199,6.01,,,,0,,$15,
2014-01-10,Fri,MM 5/75+1/15 $1 (2013-10-22..2017-10-27),258890850,1,20,20,20,,,,,0,0,,texaslottery (Roll),17228123,,17228123,,17228123,0.06655,6.44,,,,0,,$20,
2014-01-14,Tue,MM 5/75+1/15 $1 (2013-10-22..2017-10-27),258890850,1,30,30,30,,,,,0,0,,texaslottery (Roll),17048544,,17048544,,17048544,0.06585,6.37,,,,0,,$30,
2014-01-17,Fri,MM 5/75+1/15 $1 (2013-10-22..2017-10-27),258890850,1,41,41,41,,,,,0,0,,texaslottery (Roll),18222384,,18222384,,18222384,0.07039,6.80,,,,0,,$41,
2014-01-21,Tue,MM 5/75+1/15 $1 (2013-10-22..2017-10-27),258890850,1,51,51,51,,,,,0,0,,texaslottery (Roll),16867376,,16867376,,16867376,0.06515,6.31,,,,0,,$51,
2014-01-24,Fri,MM 5/75+1/15 $1 (2013-10-22..2017-10-27),258890850,1,62,62,62,,,,,0,0,,texaslottery (Roll),18276832,,18276832,,18276832,0.07060,6.82,,,,0,,$62,
2014-01-28,Tue,MM 5/75+1/15 $1 (2013-10-22..2017-10-27),258890850,1,71,71,71,,,,,0,0,,texaslottery (Roll),18064535,,18064535,,18064535,0.06978,6.74,,,,0,,$71,
2014-01-31,Fri,MM 5/75+1/15 $1 (2013-10-22..2017-10-27),258890850,1,84,84,84,,,,,0,0,,texaslottery (Roll),20487592,,20487592,,20487592,0.07914,7.61,,,,0,,$84,
2014-02-04,Tue,MM 5/75+1/15 $1 (2013-10-22..2017-10-27),258890850,1,94,94,94,,,,,0,0,,texaslottery (Roll),20548019,,20548019,,20548019,0.07937,7.63,,,,1,,$94,
2014-02-07,Fri,MM 5/75+1/15 $1 (2013-10-22..2017-10-27),258890850,1,107,107,107,,,,,0,0,,texaslottery (Roll),22563505,,22563505,,22563505,0.08715,8.35,,,,0,,$107,
2014-02-11,Tue,MM 5/75+1/15 $1 (2013-10-22..2017-10-27),258890850,1,122,122,122,,,,,0,0,,texaslottery (Roll),24456199,,24456199,,24456199,0.09447,9.01,,,,0,,$122,
2014-02-14,Fri,MM 5/75+1/15 $1 (2013-10-22..2017-10-27),258890850,1,139,139,139,,,,,0,0,,texaslottery (Roll),25085540,,25085540,,25085540,0.09690,9.23,,,,0,,$139,
2014-02-18,Tue,MM 5/75+1/15 $1 (2013-10-22..2017-10-27),258890850,1,154,154,154,,,,,0,0,,texaslottery (Roll),29736165,,29736165,,29736165,0.11486,10.85,,,,0,,$154,
2014-02-21,Fri,MM 5/75+1/15 $1 (2013-10-22..2017-10-27),258890850,1,172,172,172,,,,,0,0,,texaslottery (Roll),32703883,,32703883,,32703883,0.12632,11.87,,,,0,,$172,
2014-02-25,Tue,MM 5/75+1/15 $1 (2013-10-22..2017-10-27),258890850,1,195,195,195,,,,,0,0,,texaslottery (Roll),33261468,,33261468,,33261468,0.12848,12.06,,,,0,,$195,
2014-02-28,Fri,MM 5/75+1/15 $1 (2013-10-22..2017-10-27),258890850,1,216,216,216,,,,,0,0,,texaslottery (Roll),40223129,,40223129,,40223129,0.15537,14.39,,,,0,,$216,
2014-03-04,Tue,MM 5/75+1/15 $1 (2013-10-22..2017-10-27),258890850,1,240,240,240,,,,,0,0,,texaslottery (Roll),43702292,,43702292,,43702292,0.16881,15.53,,,,0,,$240,
2014-03-07,Fri,MM 5/75+1/15 $1 (2013-10-22..2017-10-27),258890850,1,270,270,270,,,,,0,0,,texaslottery (Roll),48955545,,48955545,,48955545,0.18910,17.23,,,,0,,$270,
2014-03-11,Tue,MM 5/75+1/15 $1 (2013-10-22..2017-10-27),258890850,1,309,309,309,,,,,0,0,,texaslottery (Roll),60734638,,60734638,,60734638,0.23460,20.91,,,,0,,$309,
2014-03-14,Fri,MM 5/75+1/15 $1 (2013-10-22..2017-10-27),258890850,1,353,353,353,,,,,0,0,,texaslottery (Roll),71949101,,71949101,,71949101,0.27791,24.26,,,,0,,$353,
2014-03-18,Tue,MM 5/75+1/15 $1 (2013-10-22..2017-10-27),258890850,1,400,400,400,,,,,1,,,,113435277,,113435277,,113435277,0.43816,35.48,,,,0,,$400,
2014-03-21,Fri,MM 5/75+1/15 $1 (2013-10-22..2017-10-27),258890850,1,15,15,15,,,,,0,0,,texaslottery (Roll),18035251,,18035251,,18035251,0.06966,6.73,,,,0,,$15,
2014-03-25,Tue,MM 5/75+1/15 $1 (2013-10-22..2017-10-27),258890850,1,20,20,20,,,,,1,,,,17514837,,17514837,,17514837,0.06765,6.54,,,,0,,$20,
2014-03-28,Fri,MM 5/75+1/15 $1 (2013-10-22..2017-10-27),258890850,1,15,15,15,,,,,0,0,,texaslottery (Roll),17487595,,17487595,,17487595,0.06755,6.53,,,,0,,$15,
2014-04-01,Tue,MM 5/75+1/15 $1 (2013-10-22..2017-10-27),258890850,1,20,20,20,,,,,0,0,,texaslottery (Roll),17503302,,17503302,,17503302,0.06761,6.54,,,,0,,$20,
2014-04-04,Fri,MM 5/75+1/15 $1 (2013-10-22..2017-10-27),258890850,1,30,30,30,,,,,1,,,,18603506,,18603506,,18603506,0.07186,6.93,,,,0,,$30,
2014-04-08,Tue,MM 5/75+1/15 $1 (2013-10-22..2017-10-27),258890850,1,15,15,15,,,,,0,0,,texaslottery (Roll),16231619,,16231619,,16231619,0.06270,6.08,,,,0,,$15,
2014-04-11,Fri,MM 5/75+1/15 $1 (2013-10-22..2017-10-27),258890850,1,20,20,20,,,,,0,0,,texaslottery (Roll),16901932,,16901932,,16901932,0.06529,6.32,,,,0,,$20,
2014-04-15,Tue,MM 5/75+1/15 $1 (2013-10-22..2017-10-27),258890850,1,28,28,28,,,,,0,0,,texaslottery (Roll),16315888,,16315888,,16315888,0.06302,6.11,,,,0,,$28,
2014-04-18,Fri,MM 5/75+1/15 $1 (2013-10-22..2017-10-27),258890850,1,38,38,38,,,,,0,0,,texaslottery (Roll),17299950,,17299950,,17299950,0.06682,6.46,,,,0,,$38,
2014-04-22,Tue,MM 5/75+1/15 $1 (2013-10-22..2017-10-27),258890850,1,48,48,48,,,,,0,0,,texaslottery (Roll),16908764,,16908764,,16908764,0.06531,6.32,,,,0,,$48,
2014-04-25,Fri,MM 5/75+1/15 $1 (2013-10-22..2017-10-27),258890850,1,59,59,59,,,,,0,0,,texaslottery (Roll),18482340,,18482340,,18482340,0.07139,6.89,,,,0,,$59,
2014-04-29,Tue,MM 5/75+1/15 $1 (2013-10-22..2017-10-27),258890850,1,68,68,68,,,,,0,0,,texaslottery (Roll),18306263,,18306263,,18306263,0.07071,6.83,,,,0,,$68,
2014-05-02,Fri,MM 5/75+1/15 $1 (2013-10-22..2017-10-27),258890850,1,81,81,81,,,,,0,0,,texaslottery (Roll),20892452,,20892452,,20892452,0.08070,7.75,,,,0,,$81,
2014-05-06,Tue,MM 5/75+1/15 $1 (2013-10-22..2017-10-27),258890850,1,92,92,92,,,,,0,0,,texaslottery (Roll),21482681,,21482681,,21482681,0.08298,7.96,,,,0,,$92,
2014-05-09,Fri,MM 5/75+1/15 $1 (2013-10-22..2017-10-27),258890850,1,105,105,105,,,,,0,0,,texaslottery (Roll),24513886,,24513886,,24513886,0.09469,9.03,,,,0,,$105,
2014-05-13,Tue,MM 5/75+1/15 $1 (2013-10-22..2017-10-27),258890850,1,121,121,121,,,,,0,0,,texaslottery (Roll),25267878,,25267878,,25267878,0.09760,9.30,,,,0,,$121,
2014-05-16,Fri,MM 5/75+1/15 $1 (2013-10-22..2017-10-27),258890850,1,136,136,136,,,,,0,0,,texaslottery (Roll),27128363,,27128363,,27128363,0.10479,9.95,,,,0,,$136,
2014-05-20,Tue,MM 5/75+1/15 $1 (2013-10-22..2017-10-27),258890850,1,149,149,149,,,,,1,,,,27951519,,27951519,,27951519,0.10797,10.23,,,,0,,$149,
2014-05-23,Fri,MM 5/75+1/15 $1 (2013-10-22..2017-10-27),258890850,1,15,15,15,,,,,0,0,,texaslottery (Roll),16349470,,16349470,,16349470,0.06315,6.12,,,,0,,$15,
2014-05-27,Tue,MM 5/75+1/15 $1 (2013-10-22..2017-10-27),258890850,1,20,20,20,,,,,0,0,,texaslottery (Roll),13925281,,13925281,,13925281,0.05379,5.24,,,,0,,$20,
2014-05-30,Fri,MM 5/75+1/15 $1 (2013-10-22..2017-10-27),258890850,1,26,26,26,,,,,0,0,,texaslottery (Roll),16408983,,16408983,,16408983,0.06338,6.14,,,,0,,$26,
2014-06-03,Tue,MM 5/75+1/15 $1 (2013-10-22..2017-10-27),258890850,1,34,34,34,,,,,0,0,,texaslottery (Roll),16416134,,16416134,,16416134,0.06341,6.14,,,,0,,$34,
2014-06-06,Fri,MM 5/75+1/15 $1 (2013-10-22..2017-10-27),258890850,1,45,45,45,,,,,0,0,,texaslottery (Roll),17349533,,17349533,,17349533,0.06701,6.48,,,,0,,$45,
2014-06-10,Tue,MM 5/75+1/15 $1 (2013-10-22..2017-10-27),258890850,1,55,55,55,,,,,0,0,,texaslottery (Roll),17142990,,17142990,,17142990,0.06622,6.41,,,,0,,$55,
2014-06-13,Fri,MM 5/75+1/15 $1 (2013-10-22..2017-10-27),258890850,1,66,66,66,,,,,1,,,,19099962,,19099962,,19099962,0.07378,7.11,,,,0,,$66,
2014-06-17,Tue,MM 5/75+1/15 $1 (2013-10-22..2017-10-27),258890850,1,15,15,15,,,,,0,0,,texaslottery (Roll),14295850,,14295850,,14295850,0.05522,5.37,,,,0,,$15,
2014-06-20,Fri,MM 5/75+1/15 $1 (2013-10-22..2017-10-27),258890850,1,20,20,20,,,,,0,0,,texaslottery (Roll),15038462,,15038462,,15038462,0.05809,5.64,,,,0,,$20,
2014-06-24,Tue,MM 5/75+1/15 $1 (2013-10-22..2017-10-27),258890850,1,25,25,25,,,,,0,0,,texaslottery (Roll),14514016,,14514016,,14514016,0.05606,5.45,,,,0,,$25,
2014-06-27,Fri,MM 5/75+1/15 $1 (2013-10-22..2017-10-27),258890850,1,33,33,33,,,,,1,,,,15556558,,15556558,,15556558,0.06009,5.83,,,,0,,$33,Texas Lottery lists 1 Texas jackpot winner (CVO)
2014-07-01,Tue,MM 5/75+1/15 $1 (2013-10-22..2017-10-27),258890850,1,15,15,15,,,,,0,0,,texaslottery (Roll),13721711,,13721711,,13721711,0.05300,5.16,,,,0,,$15,
2014-07-04,Fri,MM 5/75+1/15 $1 (2013-10-22..2017-10-27),258890850,1,20,20,20,,,,,0,0,,texaslottery (Roll),13761632,,13761632,,13761632,0.05316,5.18,,,,0,,$20,
2014-07-08,Tue,MM 5/75+1/15 $1 (2013-10-22..2017-10-27),258890850,1,25,25,25,,,,,0,0,,texaslottery (Roll),14200468,,14200468,,14200468,0.05485,5.34,,,,0,,$25,
2014-07-11,Fri,MM 5/75+1/15 $1 (2013-10-22..2017-10-27),258890850,1,32,32,32,,,,,0,0,,texaslottery (Roll),15270398,,15270398,,15270398,0.05898,5.73,,,,0,,$32,
2014-07-15,Tue,MM 5/75+1/15 $1 (2013-10-22..2017-10-27),258890850,1,41,41,41,,,,,0,0,,texaslottery (Roll),14956531,,14956531,,14956531,0.05777,5.61,,,,0,,$41,
2014-07-18,Fri,MM 5/75+1/15 $1 (2013-10-22..2017-10-27),258890850,1,50,50,50,,,,,0,0,,texaslottery (Roll),16163932,,16163932,,16163932,0.06244,6.05,,,,0,,$50,
2014-07-22,Tue,MM 5/75+1/15 $1 (2013-10-22..2017-10-27),258890850,1,58,58,58,,,,,0,0,,texaslottery (Roll),16186952,,16186952,,16186952,0.06252,6.06,,,,0,,$58,
2014-07-25,Fri,MM 5/75+1/15 $1 (2013-10-22..2017-10-27),258890850,1,67,67,67,,,,,0,0,,texaslottery (Roll),17646977,,17646977,,17646977,0.06816,6.59,,,,0,,$67,
2014-07-29,Tue,MM 5/75+1/15 $1 (2013-10-22..2017-10-27),258890850,1,77,77,77,,,,,0,0,,texaslottery (Roll),17742006,,17742006,,17742006,0.06853,6.62,,,,0,,$77,
2014-08-01,Fri,MM 5/75+1/15 $1 (2013-10-22..2017-10-27),258890850,1,87,87,87,,,,,0,0,,texaslottery (Roll),19658397,,19658397,,19658397,0.07593,7.31,,,,0,,$87,
2014-08-05,Tue,MM 5/75+1/15 $1 (2013-10-22..2017-10-27),258890850,1,100,100,100,,,,,0,0,,texaslottery (Roll),23389836,,23389836,,23389836,0.09035,8.64,,,,0,,$100,
2014-08-08,Fri,MM 5/75+1/15 $1 (2013-10-22..2017-10-27),258890850,1,115,115,115,,,,,0,0,,texaslottery (Roll),24914541,,24914541,,24914541,0.09624,9.18,,,,0,,$115,
2014-08-12,Tue,MM 5/75+1/15 $1 (2013-10-22..2017-10-27),258890850,1,128,128,128,,,,,0,0,,texaslottery (Roll),26358673,,26358673,,26358673,0.10181,9.68,,,,0,,$128,
2014-08-15,Fri,MM 5/75+1/15 $1 (2013-10-22..2017-10-27),258890850,1,144,144,144,,,,,0,0,,texaslottery (Roll),30008993,,30008993,,30008993,0.11591,10.94,,,,0,,$144,
2014-08-19,Tue,MM 5/75+1/15 $1 (2013-10-22..2017-10-27),258890850,1,160,160,160,,,,,0,0,,texaslottery (Roll),31283895,,31283895,,31283895,0.12084,11.38,,,,0,,$160,
2014-08-22,Fri,MM 5/75+1/15 $1 (2013-10-22..2017-10-27),258890850,1,180,180,180,,,,,1,,,,36066782,,36066782,,36066782,0.13931,13.00,,,,0,,$180,
2014-08-26,Tue,MM 5/75+1/15 $1 (2013-10-22..2017-10-27),258890850,1,15,15,15,,,,,0,0,,texaslottery (Roll),14914238,,14914238,,14914238,0.05761,5.60,,,,0,,$15,
2014-08-29,Fri,MM 5/75+1/15 $1 (2013-10-22..2017-10-27),258890850,1,20,20,20,,,,,0,0,,texaslottery (Roll),15723153,,15723153,,15723153,0.06073,5.89,,,,0,,$20,
2014-09-02,Tue,MM 5/75+1/15 $1 (2013-10-22..2017-10-27),258890850,1,25,25,25,,,,,0,0,,texaslottery (Roll),14033123,,14033123,,14033123,0.05420,5.28,,,,0,,$25,
2014-09-05,Fri,MM 5/75+1/15 $1 (2013-10-22..2017-10-27),258890850,1,33,33,33,,,,,0,0,,texaslottery (Roll),16388671,,16388671,,16388671,0.06330,6.13,,,,0,,$33,
2014-09-09,Tue,MM 5/75+1/15 $1 (2013-10-22..2017-10-27),258890850,1,41,41,41,,,,,0,0,,texaslottery (Roll),16028129,,16028129,,16028129,0.06191,6.00,,,,0,,$41,
2014-09-12,Fri,MM 5/75+1/15 $1 (2013-10-22..2017-10-27),258890850,1,52,52,52,,,,,0,0,,texaslottery (Roll),17308430,,17308430,,17308430,0.06686,6.47,,,,0,,$52,
2014-09-16,Tue,MM 5/75+1/15 $1 (2013-10-22..2017-10-27),258890850,1,62,62,62,,,,,0,0,,texaslottery (Roll),17111560,,17111560,,17111560,0.06610,6.40,,,,0,,$62,
2014-09-19,Fri,MM 5/75+1/15 $1 (2013-10-22..2017-10-27),258890850,1,72,72,72,,,,,0,0,,texaslottery (Roll),18499298,,18499298,,18499298,0.07146,6.90,,,,0,,$72,
2014-09-23,Tue,MM 5/75+1/15 $1 (2013-10-22..2017-10-27),258890850,1,83,83,83,,,,,0,0,,texaslottery (Roll),18692407,,18692407,,18692407,0.07220,6.97,,,,0,,$83,
2014-09-26,Fri,MM 5/75+1/15 $1 (2013-10-22..2017-10-27),258890850,1,93,93,93,,,,,0,0,,texaslottery (Roll),21055080,,21055080,,21055080,0.08133,7.81,,,,0,,$93,
2014-09-30,Tue,MM 5/75+1/15 $1 (2013-10-22..2017-10-27),258890850,1,105,105,105,,,,,0,0,,texaslottery (Roll),24034367,,24034367,,24034367,0.09284,8.87,,,,0,,$105,
2014-10-03,Fri,MM 5/75+1/15 $1 (2013-10-22..2017-10-27),258890850,1,120,120,120,,,,,0,0,,texaslottery (Roll),26903679,,26903679,,26903679,0.10392,9.87,,,,0,,$120,
2014-10-07,Tue,MM 5/75+1/15 $1 (2013-10-22..2017-10-27),258890850,1,136,136,136,,,,,0,0,,texaslottery (Roll),27292194,,27292194,,27292194,0.10542,10.01,,,,0,,$136,
2014-10-10,Fri,MM 5/75+1/15 $1 (2013-10-22..2017-10-27),258890850,1,150,150,150,,,,,0,0,,texaslottery (Roll),29722060,,29722060,,29722060,0.11481,10.85,,,,0,,$150,
2014-10-14,Tue,MM 5/75+1/15 $1 (2013-10-22..2017-10-27),258890850,1,166,166,166,,,,,0,0,,texaslottery (Roll),30604543,,30604543,,30604543,0.11821,11.15,,,,0,,$166,
2014-10-17,Fri,MM 5/75+1/15 $1 (2013-10-22..2017-10-27),258890850,1,180,180,180,,,,,0,0,,texaslottery (Roll),34129260,,34129260,,34129260,0.13183,12.35,,,,0,,$180,
2014-10-21,Tue,MM 5/75+1/15 $1 (2013-10-22..2017-10-27),258890850,1,200,200,200,,,,,0,0,,texaslottery (Roll),39478862,,39478862,,39478862,0.15249,14.14,,,,0,,$200,
2014-10-24,Fri,MM 5/75+1/15 $1 (2013-10-22..2017-10-27),258890850,1,224,224,224,,,,,0,0,,texaslottery (Roll),44498322,,44498322,,44498322,0.17188,15.79,,,,0,,$224,
2014-10-28,Tue,MM 5/75+1/15 $1 (2013-10-22..2017-10-27),258890850,1,252,252,252,,,,,0,0,,texaslottery (Roll),48961500,,48961500,,48961500,0.18912,17.23,,,,0,,$252,
2014-10-31,Fri,MM 5/75+1/15 $1 (2013-10-22..2017-10-27),258890850,1,284,284,284,,,,,0,0,,texaslottery (Roll),56034139,,56034139,,56034139,0.21644,19.46,,,,0,,$284,
2014-11-04,Tue,MM 5/75+1/15 $1 (2013-10-22..2017-10-27),258890850,1,321,321,321,,,,,1,,,,75478188,,75478188,,75478188,0.29154,25.29,,,,0,,$321,
2014-11-07,Fri,MM 5/75+1/15 $1 (2013-10-22..2017-10-27),258890850,1,15,15,15,,,,,0,0,,texaslottery (Roll),17216230,,17216230,,17216230,0.06650,6.43,,,,0,,$15,
2014-11-11,Tue,MM 5/75+1/15 $1 (2013-10-22..2017-10-27),258890850,1,20,20,20,,,,,0,0,,texaslottery (Roll),15531542,,15531542,,15531542,0.05999,5.82,,,,0,,$20,
2014-11-14,Fri,MM 5/75+1/15 $1 (2013-10-22..2017-10-27),258890850,1,26,26,26,,,,,0,0,,texaslottery (Roll),16378926,,16378926,,16378926,0.06327,6.13,,,,0,,$26,
2014-11-18,Tue,MM 5/75+1/15 $1 (2013-10-22..2017-10-27),258890850,1,35,35,35,,,,,0,0,,texaslottery (Roll),15709381,,15709381,,15709381,0.06068,5.89,,,,0,,$35,
2014-11-21,Fri,MM 5/75+1/15 $1 (2013-10-22..2017-10-27),258890850,1,43,43,43,,,,,0,0,,texaslottery (Roll),17051743,,17051743,,17051743,0.06586,6.37,,,,0,,$43,
2014-11-25,Tue,MM 5/75+1/15 $1 (2013-10-22..2017-10-27),258890850,1,52,52,52,,,,,0,0,,texaslottery (Roll),17200964,,17200964,,17200964,0.06644,6.43,,,,0,,$52,
2014-11-28,Fri,MM 5/75+1/15 $1 (2013-10-22..2017-10-27),258890850,1,61,61,61,,,,,0,0,,texaslottery (Roll),15821066,,15821066,,15821066,0.06111,5.93,,,,0,,$61,
2014-12-02,Tue,MM 5/75+1/15 $1 (2013-10-22..2017-10-27),258890850,1,70,70,70,,,,,0,0,,texaslottery (Roll),18329959,,18329959,,18329959,0.07080,6.84,,,,0,,$70,
2014-12-05,Fri,MM 5/75+1/15 $1 (2013-10-22..2017-10-27),258890850,1,80,80,80,,,,,0,0,,texaslottery (Roll),20043168,,20043168,,20043168,0.07742,7.45,,,,0,,$80,
2014-12-09,Tue,MM 5/75+1/15 $1 (2013-10-22..2017-10-27),258890850,1,91,91,91,,,,,0,0,,texaslottery (Roll),20438245,,20438245,,20438245,0.07895,7.59,,,,0,,$91,
2014-12-12,Fri,MM 5/75+1/15 $1 (2013-10-22..2017-10-27),258890850,1,102,102,102,,,,,0,0,,texaslottery (Roll),23824265,,23824265,,23824265,0.09202,8.79,,,,0,,$102,
2014-12-16,Tue,MM 5/75+1/15 $1 (2013-10-22..2017-10-27),258890850,1,113,113,113,,,,,0,0,,texaslottery (Roll),24690966,,24690966,,24690966,0.09537,9.10,,,,0,,$113,
2014-12-19,Fri,MM 5/75+1/15 $1 (2013-10-22..2017-10-27),258890850,1,125,125,125,,,,,0,0,,texaslottery (Roll),26097765,,26097765,,26097765,0.10081,9.59,,,,0,,$125,
2014-12-23,Tue,MM 5/75+1/15 $1 (2013-10-22..2017-10-27),258890850,1,142,142,142,,,,,0,0,,texaslottery (Roll),29798045,,29798045,,29798045,0.11510,10.87,,,,0,,$142,
2014-12-26,Fri,MM 5/75+1/15 $1 (2013-10-22..2017-10-27),258890850,1,156,156,156,,,,,0,0,,texaslottery (Roll),27138742,,27138742,,27138742,0.10483,9.95,,,,0,,$156,
2014-12-30,Tue,MM 5/75+1/15 $1 (2013-10-22..2017-10-27),258890850,1,172,172,172,,,,,0,0,,texaslottery (Roll),31655930,,31655930,,31655930,0.12228,11.51,,,,0,,$172,
2015-01-02,Fri,MM 5/75+1/15 $1 (2013-10-22..2017-10-27),258890850,1,188,188,188,,,,,0,0,,texaslottery (Roll),31986757,,31986757,,31986757,0.12355,11.62,,,,0,,$188,
2015-01-06,Tue,MM 5/75+1/15 $1 (2013-10-22..2017-10-27),258890850,1,206,206,206,,,,,0,0,,texaslottery (Roll),37954366,,37954366,,37954366,0.14660,13.64,,,,0,,$206,
2015-01-09,Fri,MM 5/75+1/15 $1 (2013-10-22..2017-10-27),258890850,1,221,221,221,,,,,0,0,,texaslottery (Roll),41382172,,41382172,,41382172,0.15984,14.77,,,,0,,$221,
2015-01-13,Tue,MM 5/75+1/15 $1 (2013-10-22..2017-10-27),258890850,1,246,246,246,,,,,0,0,,texaslottery (Roll),47267923,,47267923,,47267923,0.18258,16.69,,,,0,,$246,
2015-01-16,Fri,MM 5/75+1/15 $1 (2013-10-22..2017-10-27),258890850,1,270,270,270,,,,,1,,,,52813158,,52813158,,52813158,0.20400,18.45,,,,0,,$270,
2015-01-20,Tue,MM 5/75+1/15 $1 (2013-10-22..2017-10-27),258890850,1,15,15,15,,,,,0,0,,texaslottery (Roll),16787555,,16787555,,16787555,0.06484,6.28,,,,0,,$15,
2015-01-23,Fri,MM 5/75+1/15 $1 (2013-10-22..2017-10-27),258890850,1,20,20,20,,,,,0,0,,texaslottery (Roll),17337391,,17337391,,17337391,0.06697,6.48,,,,0,,$20,
2015-01-27,Tue,MM 5/75+1/15 $1 (2013-10-22..2017-10-27),258890850,1,25,25,25,,,,,0,0,,texaslottery (Roll),15600974,,15600974,,15600974,0.06026,5.85,,,,0,,$25,
2015-01-30,Fri,MM 5/75+1/15 $1 (2013-10-22..2017-10-27),258890850,1,32,32,32,,,,,0,0,,texaslottery (Roll),18064670,,18064670,,18064670,0.06978,6.74,,,,0,,$32,
2015-02-03,Tue,MM 5/75+1/15 $1 (2013-10-22..2017-10-27),258890850,1,40,40,40,,,,,0,0,,texaslottery (Roll),17530967,,17530967,,17530967,0.06772,6.55,,,,0,,$40,
2015-02-06,Fri,MM 5/75+1/15 $1 (2013-10-22..2017-10-27),258890850,1,49,49,49,,,,,0,0,,texaslottery (Roll),19918451,,19918451,,19918451,0.07694,7.41,,,,0,,$49,
2015-02-10,Tue,MM 5/75+1/15 $1 (2013-10-22..2017-10-27),258890850,1,61,61,61,,,,,0,0,,texaslottery (Roll),22235695,,22235695,,22235695,0.08589,8.23,,,,0,,$61,
2015-02-13,Fri,MM 5/75+1/15 $1 (2013-10-22..2017-10-27),258890850,1,74,74,74,,,,,0,0,,texaslottery (Roll),23979840,,23979840,,23979840,0.09263,8.85,,,,0,,$74,
2015-02-17,Tue,MM 5/75+1/15 $1 (2013-10-22..2017-10-27),258890850,1,88,88,88,,,,,0,0,,texaslottery (Roll),19922684,,19922684,,19922684,0.07695,7.41,,,,0,,$88,
2015-02-20,Fri,MM 5/75+1/15 $1 (2013-10-22..2017-10-27),258890850,1,100,100,100,,,,,0,0,,texaslottery (Roll),25665521,,25665521,,25665521,0.09914,9.44,,,,0,,$100,
2015-02-24,Tue,MM 5/75+1/15 $1 (2013-10-22..2017-10-27),258890850,1,112,112,112,,,,,0,0,,texaslottery (Roll),25649197,,25649197,,25649197,0.09907,9.43,,,,0,,$112,
2015-02-27,Fri,MM 5/75+1/15 $1 (2013-10-22..2017-10-27),258890850,1,127,127,127,,,,,1,,,,28154545,,28154545,,28154545,0.10875,10.30,,,,0,,$127,
2015-03-03,Tue,MM 5/75+1/15 $1 (2013-10-22..2017-10-27),258890850,1,15,15,15,,,,,0,0,,texaslottery (Roll),16174375,,16174375,,16174375,0.06248,6.06,,,,0,,$15,
2015-03-06,Fri,MM 5/75+1/15 $1 (2013-10-22..2017-10-27),258890850,1,20,20,20,,,,,0,0,,texaslottery (Roll),16173968,,16173968,,16173968,0.06247,6.06,,,,0,,$20,
2015-03-10,Tue,MM 5/75+1/15 $1 (2013-10-22..2017-10-27),258890850,1,25,25,25,,,,,0,0,,texaslottery (Roll),15905070,,15905070,,15905070,0.06144,5.96,,,,0,,$25,
2015-03-13,Fri,MM 5/75+1/15 $1 (2013-10-22..2017-10-27),258890850,1,33,33,33,,,,,0,0,,texaslottery (Roll),17470264,,17470264,,17470264,0.06748,6.53,,,,0,,$33,
2015-03-17,Tue,MM 5/75+1/15 $1 (2013-10-22..2017-10-27),258890850,1,42,42,42,,,,,0,0,,texaslottery (Roll),17066163,,17066163,,17066163,0.06592,6.38,,,,0,,$42,
2015-03-20,Fri,MM 5/75+1/15 $1 (2013-10-22..2017-10-27),258890850,1,51,51,51,,,,,0,0,,texaslottery (Roll),18023938,,18023938,,18023938,0.06962,6.73,,,,0,,$51,
2015-03-24,Tue,MM 5/75+1/15 $1 (2013-10-22..2017-10-27),258890850,1,59,59,59,,,,,1,,,,17732535,,17732535,,17732535,0.06849,6.62,,,,0,,$59,
2015-03-27,Fri,MM 5/75+1/15 $1 (2013-10-22..2017-10-27),258890850,1,15,15,15,,,,,0,0,,texaslottery (Roll),15260620,,15260620,,15260620,0.05895,5.72,,,,0,,$15,
2015-03-31,Tue,MM 5/75+1/15 $1 (2013-10-22..2017-10-27),258890850,1,20,20,20,,,,,0,0,,texaslottery (Roll),14940848,,14940848,,14940848,0.05771,5.61,,,,0,,$20,
2015-04-03,Fri,MM 5/75+1/15 $1 (2013-10-22..2017-10-27),258890850,1,25,25,25,,,,,0,0,,texaslottery (Roll),16116413,,16116413,,16116413,0.06225,6.04,,,,0,,$25,
2015-04-07,Tue,MM 5/75+1/15 $1 (2013-10-22..2017-10-27),258890850,1,30,30,30,,,,,0,0,,texaslottery (Roll),15320514,,15320514,,15320514,0.05918,5.75,,,,0,,$30,
2015-04-10,Fri,MM 5/75+1/15 $1 (2013-10-22..2017-10-27),258890850,1,39,39,39,,,,,0,0,,texaslottery (Roll),16341912,,16341912,,16341912,0.06312,6.12,,,,0,,$39,
2015-04-14,Tue,MM 5/75+1/15 $1 (2013-10-22..2017-10-27),258890850,1,47,47,47,,,,,0,0,,texaslottery (Roll),16475673,,16475673,,16475673,0.06364,6.17,,,,0,,$47,
2015-04-17,Fri,MM 5/75+1/15 $1 (2013-10-22..2017-10-27),258890850,1,55,55,55,,,,,0,0,,texaslottery (Roll),17709052,,17709052,,17709052,0.06840,6.61,,,,0,,$55,
2015-04-21,Tue,MM 5/75+1/15 $1 (2013-10-22..2017-10-27),258890850,1,65,65,65,,,,,0,0,,texaslottery (Roll),17704238,,17704238,,17704238,0.06838,6.61,,,,0,,$65,
2015-04-24,Fri,MM 5/75+1/15 $1 (2013-10-22..2017-10-27),258890850,1,74,74,74,,,,,0,0,,texaslottery (Roll),19358318,,19358318,,19358318,0.07477,7.20,,,,0,,$74,
2015-04-28,Tue,MM 5/75+1/15 $1 (2013-10-22..2017-10-27),258890850,1,85,85,85,,,,,0,0,,texaslottery (Roll),19209346,,19209346,,19209346,0.07420,7.15,,,,0,,$85,
2015-05-01,Fri,MM 5/75+1/15 $1 (2013-10-22..2017-10-27),258890850,1,96,96,96,,,,,0,0,,texaslottery (Roll),21778920,,21778920,,21778920,0.08412,8.07,,,,0,,$96,
2015-05-05,Tue,MM 5/75+1/15 $1 (2013-10-22..2017-10-27),258890850,1,110,110,110,,,,,0,0,,texaslottery (Roll),23898780,,23898780,,23898780,0.09231,8.82,,,,0,,$110,
2015-05-08,Fri,MM 5/75+1/15 $1 (2013-10-22..2017-10-27),258890850,1,126,126,126,,,,,0,0,,texaslottery (Roll),25976374,,25976374,,25976374,0.10034,9.55,,,,0,,$126,
2015-05-12,Tue,MM 5/75+1/15 $1 (2013-10-22..2017-10-27),258890850,1,140,140,140,,,,,0,0,,texaslottery (Roll),26933932,,26933932,,26933932,0.10404,9.88,,,,0,,$140,
2015-05-15,Fri,MM 5/75+1/15 $1 (2013-10-22..2017-10-27),258890850,1,159,159,159,,,,,0,0,,texaslottery (Roll),29537913,,29537913,,29537913,0.11409,10.78,,,,0,,$159,
2015-05-19,Tue,MM 5/75+1/15 $1 (2013-10-22..2017-10-27),258890850,1,173,173,173,,,,,0,0,,texaslottery (Roll),31344324,,31344324,,31344324,0.12107,11.40,,,,0,,$173,
2015-05-22,Fri,MM 5/75+1/15 $1 (2013-10-22..2017-10-27),258890850,1,194,194,194,,,,,0,0,,texaslottery (Roll),35670771,,35670771,,35670771,0.13778,12.87,,,,0,,$194,
2015-05-26,Tue,MM 5/75+1/15 $1 (2013-10-22..2017-10-27),258890850,1,214,214,214,,,,,0,0,,texaslottery (Roll),35368103,,35368103,,35368103,0.13661,12.77,,,,0,,$214,
2015-05-29,Fri,MM 5/75+1/15 $1 (2013-10-22..2017-10-27),258890850,1,233,233,233,,,,,0,0,,texaslottery (Roll),43902179,,43902179,,43902179,0.16958,15.60,,,,0,,$233,
2015-06-02,Tue,MM 5/75+1/15 $1 (2013-10-22..2017-10-27),258890850,1,253,260,260,,,,,1,,,,47993444,,47993444,,47993444,0.18538,16.92,,,,0,,$260,
2015-06-05,Fri,MM 5/75+1/15 $1 (2013-10-22..2017-10-27),258890850,1,15,15,15,,,,,0,0,,texaslottery (Roll),17045515,,17045515,,17045515,0.06584,6.37,,,,0,,$15,
2015-06-09,Tue,MM 5/75+1/15 $1 (2013-10-22..2017-10-27),258890850,1,20,20,20,,,,,0,0,,texaslottery (Roll),15424591,,15424591,,15424591,0.05958,5.78,,,,0,,$20,
2015-06-12,Fri,MM 5/75+1/15 $1 (2013-10-22..2017-10-27),258890850,1,26,26,26,,,,,0,0,,texaslottery (Roll),16174955,,16174955,,16174955,0.06248,6.06,,,,0,,$26,
2015-06-16,Tue,MM 5/75+1/15 $1 (2013-10-22..2017-10-27),258890850,1,35,35,35,,,,,0,0,,texaslottery (Roll),15862408,,15862408,,15862408,0.06127,5.94,,,,0,,$35,
2015-06-19,Fri,MM 5/75+1/15 $1 (2013-10-22..2017-10-27),258890850,1,44,44,44,,,,,0,0,,texaslottery (Roll),16947122,,16947122,,16947122,0.06546,6.34,,,,0,,$44,
2015-06-23,Tue,MM 5/75+1/15 $1 (2013-10-22..2017-10-27),258890850,1,52,52,52,,,,,0,0,,texaslottery (Roll),17140017,,17140017,,17140017,0.06621,6.41,,,,0,,$52,
2015-06-26,Fri,MM 5/75+1/15 $1 (2013-10-22..2017-10-27),258890850,1,64,64,64,,,,,0,0,,texaslottery (Roll),18287713,,18287713,,18287713,0.07064,6.82,,,,0,,$64,
2015-06-30,Tue,MM 5/75+1/15 $1 (2013-10-22..2017-10-27),258890850,1,74,74,74,,,,,0,0,,texaslottery (Roll),18485380,,18485380,,18485380,0.07140,6.89,,,,0,,$74,
2015-07-03,Fri,MM 5/75+1/15 $1 (2013-10-22..2017-10-27),258890850,1,84,84,84,,,,,0,0,,texaslottery (Roll),20316072,,20316072,,20316072,0.07847,7.55,,,,0,,$84,
2015-07-07,Tue,MM 5/75+1/15 $1 (2013-10-22..2017-10-27),258890850,1,96,96,96,,,,,0,0,,texaslottery (Roll),20556702,,20556702,,20556702,0.07940,7.63,,,,0,,$96,
2015-07-10,Fri,MM 5/75+1/15 $1 (2013-10-22..2017-10-27),258890850,1,106,106,106,,,,,0,0,,texaslottery (Roll),24225574,,24225574,,24225574,0.09357,8.93,,,,0,,$106,
2015-07-14,Tue,MM 5/75+1/15 $1 (2013-10-22..2017-10-27),258890850,1,123,123,123,,,,,0,0,,texaslottery (Roll),25610304,,25610304,,25610304,0.09892,9.42,,,,0,,$123,
2015-07-17,Fri,MM 5/75+1/15 $1 (2013-10-22..2017-10-27),258890850,1,140,140,140,,,,,0,0,,texaslottery (Roll),27333025,,27333025,,27333025,0.10558,10.02,,,,0,,$140,
2015-07-21,Tue,MM 5/75+1/15 $1 (2013-10-22..2017-10-27),258890850,1,152,152,152,,,,,1,,,,28492003,,28492003,,28492003,0.11005,10.42,,,,0,,$152,
2015-07-24,Fri,MM 5/75+1/15 $1 (2013-10-22..2017-10-27),258890850,1,15,15,15,,,,,0,0,,texaslottery (Roll),15544783,,15544783,,15544783,0.06004,5.83,,,,0,,$15,
2015-07-28,Tue,MM 5/75+1/15 $1 (2013-10-22..2017-10-27),258890850,1,20,20,20,,,,,0,0,,texaslottery (Roll),14634815,,14634815,,14634815,0.05653,5.50,,,,0,,$20,
2015-07-31,Fri,MM 5/75+1/15 $1 (2013-10-22..2017-10-27),258890850,1,25,25,25,,,,,1,,,,15604534,,15604534,,15604534,0.06027,5.85,,,,0,,$25,
2015-08-04,Tue,MM 5/75+1/15 $1 (2013-10-22..2017-10-27),258890850,1,15,15,15,,,,,0,0,,texaslottery (Roll),14188874,,14188874,,14188874,0.05481,5.33,,,,0,,$15,
2015-08-07,Fri,MM 5/75+1/15 $1 (2013-10-22..2017-10-27),258890850,1,20,20,20,,,,,0,0,,texaslottery (Roll),14956629,,14956629,,14956629,0.05777,5.61,,,,0,,$20,
2015-08-11,Tue,MM 5/75+1/15 $1 (2013-10-22..2017-10-27),258890850,1,25,25,25,,,,,0,0,,texaslottery (Roll),14653397,,14653397,,14653397,0.05660,5.50,,,,0,,$25,
2015-08-14,Fri,MM 5/75+1/15 $1 (2013-10-22..2017-10-27),258890850,1,30,30,30,,,,,0,0,,texaslottery (Roll),15704967,,15704967,,15704967,0.06066,5.89,,,,0,,$30,
2015-08-18,Tue,MM 5/75+1/15 $1 (2013-10-22..2017-10-27),258890850,1,39,39,39,,,,,0,0,,texaslottery (Roll),15329046,,15329046,,15329046,0.05921,5.75,,,,0,,$39,
2015-08-21,Fri,MM 5/75+1/15 $1 (2013-10-22..2017-10-27),258890850,1,47,47,47,,,,,0,0,,texaslottery (Roll),16372015,,16372015,,16372015,0.06324,6.13,,,,0,,$47,
2015-08-25,Tue,MM 5/75+1/15 $1 (2013-10-22..2017-10-27),258890850,1,55,55,55,,,,,0,0,,texaslottery (Roll),16333162,,16333162,,16333162,0.06309,6.11,,,,0,,$55,
2015-08-28,Fri,MM 5/75+1/15 $1 (2013-10-22..2017-10-27),258890850,1,64,64,64,,,,,0,0,,texaslottery (Roll),17414482,,17414482,,17414482,0.06727,6.51,,,,0,,$64,
2015-09-01,Tue,MM 5/75+1/15 $1 (2013-10-22..2017-10-27),258890850,1,74,74,74,,,,,0,0,,texaslottery (Roll),17709084,,17709084,,17709084,0.06840,6.61,,,,0,,$74,
2015-09-04,Fri,MM 5/75+1/15 $1 (2013-10-22..2017-10-27),258890850,1,85,85,85,,,,,0,0,,texaslottery (Roll),19045515,,19045515,,19045515,0.07357,7.09,,,,0,,$85,
2015-09-08,Tue,MM 5/75+1/15 $1 (2013-10-22..2017-10-27),258890850,1,95,95,95,,,,,0,0,,texaslottery (Roll),17770384,,17770384,,17770384,0.06864,6.63,,,,0,,$95,
2015-09-11,Fri,MM 5/75+1/15 $1 (2013-10-22..2017-10-27),258890850,1,106,106,106,,,,,1,,,,21822536,,21822536,,21822536,0.08429,8.08,,,,0,,$106,
2015-09-15,Tue,MM 5/75+1/15 $1 (2013-10-22..2017-10-27),258890850,1,15,15,15,,,,,0,0,,texaslottery (Roll),14196965,,14196965,,14196965,0.05484,5.34,,,,0,,$15,
2015-09-18,Fri,MM 5/75+1/15 $1 (2013-10-22..2017-10-27),258890850,1,20,20,20,,,,,0,0,,texaslottery (Roll),14971138,,14971138,,14971138,0.05783,5.62,,,,0,,$20,
2015-09-22,Tue,MM 5/75+1/15 $1 (2013-10-22..2017-10-27),258890850,1,25,25,25,,,,,0,0,,texaslottery (Roll),14586798,,14586798,,14586798,0.05634,5.48,,,,0,,$25,
2015-09-25,Fri,MM 5/75+1/15 $1 (2013-10-22..2017-10-27),258890850,1,31,31,31,,,,,0,0,,texaslottery (Roll),15633668,,15633668,,15633668,0.06039,5.86,,,,0,,$31,
2015-09-29,Tue,MM 5/75+1/15 $1 (2013-10-22..2017-10-27),258890850,1,39,39,39,,,,,0,0,,texaslottery (Roll),15665426,,15665426,,15665426,0.06051,5.87,,,,0,,$39,
2015-10-02,Fri,MM 5/75+1/15 $1 (2013-10-22..2017-10-27),258890850,1,47,47,47,,,,,0,0,,texaslottery (Roll),16920085,,16920085,,16920085,0.06536,6.33,,,,0,,$47,
2015-10-06,Tue,MM 5/75+1/15 $1 (2013-10-22..2017-10-27),258890850,1,55,55,55,,,,,0,0,,texaslottery (Roll),16277562,,16277562,,16277562,0.06287,6.09,,,,0,,$55,
2015-10-09,Fri,MM 5/75+1/15 $1 (2013-10-22..2017-10-27),258890850,1,65,65,65,,,,,0,0,,texaslottery (Roll),17561182,,17561182,,17561182,0.06783,6.56,,,,0,,$65,
2015-10-13,Tue,MM 5/75+1/15 $1 (2013-10-22..2017-10-27),258890850,1,75,75,75,,,,,0,0,,texaslottery (Roll),17439999,,17439999,,17439999,0.06736,6.51,,,,0,,$75,
2015-10-16,Fri,MM 5/75+1/15 $1 (2013-10-22..2017-10-27),258890850,1,84,84,84,,,,,0,0,,texaslottery (Roll),18804402,,18804402,,18804402,0.07263,7.01,,,,0,,$84,
2015-10-20,Tue,MM 5/75+1/15 $1 (2013-10-22..2017-10-27),258890850,1,93,93,93,,,,,0,0,,texaslottery (Roll),19057870,,19057870,,19057870,0.07361,7.10,,,,0,,$93,
2015-10-23,Fri,MM 5/75+1/15 $1 (2013-10-22..2017-10-27),258890850,1,105,105,105,,,,,0,0,,texaslottery (Roll),22377237,,22377237,,22377237,0.08644,8.28,,,,0,,$105,
2015-10-27,Tue,MM 5/75+1/15 $1 (2013-10-22..2017-10-27),258890850,1,117,117,117,,,,,0,0,,texaslottery (Roll),22722035,,22722035,,22722035,0.08777,8.40,,,,0,,$117,
2015-10-30,Fri,MM 5/75+1/15 $1 (2013-10-22..2017-10-27),258890850,1,129,129,129,,,,,0,0,,texaslottery (Roll),24553569,,24553569,,24553569,0.09484,9.05,,,,0,,$129,
2015-11-03,Tue,MM 5/75+1/15 $1 (2013-10-22..2017-10-27),258890850,1,144,144,144,,,,,0,0,,texaslottery (Roll),26172590,,26172590,,26172590,0.10110,9.62,,,,0,,$144,
2015-11-06,Fri,MM 5/75+1/15 $1 (2013-10-22..2017-10-27),258890850,1,164,159,164,,,,,0,0,,texaslottery (Roll),28455354,,28455354,,28455354,0.10991,10.41,,,,0,,$159 $164,
2015-11-10,Tue,MM 5/75+1/15 $1 (2013-10-22..2017-10-27),258890850,1,180,180,180,,,,,0,0,,texaslottery (Roll),30180293,,30180293,,30180293,0.11658,11.00,,,,0,,$180,
2015-11-13,Fri,MM 5/75+1/15 $1 (2013-10-22..2017-10-27),258890850,1,200,200,200,,,,,1,,,,40070882,,40070882,,40070882,0.15478,14.34,,,,0,,$200,
2015-11-17,Tue,MM 5/75+1/15 $1 (2013-10-22..2017-10-27),258890850,1,15,15,15,,,,,0,0,,texaslottery (Roll),14639561,,14639561,,14639561,0.05655,5.50,,,,0,,$15,
2015-11-20,Fri,MM 5/75+1/15 $1 (2013-10-22..2017-10-27),258890850,1,20,20,20,,,,,0,0,,texaslottery (Roll),15301213,,15301213,,15301213,0.05910,5.74,,,,0,,$20,
2015-11-24,Tue,MM 5/75+1/15 $1 (2013-10-22..2017-10-27),258890850,1,25,25,25,,,,,0,0,,texaslottery (Roll),14760392,,14760392,,14760392,0.05701,5.54,,,,0,,$25,
2015-11-27,Fri,MM 5/75+1/15 $1 (2013-10-22..2017-10-27),258890850,1,31,31,31,,,,,0,0,,texaslottery (Roll),13994328,,13994328,,13994328,0.05405,5.26,,,,0,,$31,
2015-12-01,Tue,MM 5/75+1/15 $1 (2013-10-22..2017-10-27),258890850,1,39,39,39,,,,,0,0,,texaslottery (Roll),15365919,,15365919,,15365919,0.05935,5.76,,,,0,,$39,
2015-12-04,Fri,MM 5/75+1/15 $1 (2013-10-22..2017-10-27),258890850,1,47,47,47,,,,,0,0,,texaslottery (Roll),16564197,,16564197,,16564197,0.06398,6.20,,,,0,,$47,
2015-12-08,Tue,MM 5/75+1/15 $1 (2013-10-22..2017-10-27),258890850,1,57,57,57,,,,,0,0,,texaslottery (Roll),16391224,,16391224,,16391224,0.06331,6.14,,,,0,,$57,
2015-12-11,Fri,MM 5/75+1/15 $1 (2013-10-22..2017-10-27),258890850,1,66,66,66,,,,,0,0,,texaslottery (Roll),17431656,,17431656,,17431656,0.06733,6.51,,,,0,,$66,
2015-12-15,Tue,MM 5/75+1/15 $1 (2013-10-22..2017-10-27),258890850,1,74,74,74,,,,,0,0,,texaslottery (Roll),17217222,,17217222,,17217222,0.06650,6.43,,,,0,,$74,
2015-12-18,Fri,MM 5/75+1/15 $1 (2013-10-22..2017-10-27),258890850,1,85,85,85,,,,,0,0,,texaslottery (Roll),18540326,,18540326,,18540326,0.07161,6.91,,,,0,,$85,
2015-12-22,Tue,MM 5/75+1/15 $1 (2013-10-22..2017-10-27),258890850,1,94,94,94,,,,,0,0,,texaslottery (Roll),19858065,,19858065,,19858065,0.07670,7.38,,,,0,,$94,
2015-12-25,Fri,MM 5/75+1/15 $1 (2013-10-22..2017-10-27),258890850,1,104,104,104,,,,,0,0,,texaslottery (Roll),19912487,,19912487,,19912487,0.07691,7.40,,,,0,,$104,
2015-12-29,Tue,MM 5/75+1/15 $1 (2013-10-22..2017-10-27),258890850,1,117,117,117,,,,,0,0,,texaslottery (Roll),23095978,,23095978,,23095978,0.08921,8.53,,,,0,,$117,
2016-01-01,Fri,MM 5/75+1/15 $1 (2013-10-22..2017-10-27),258890850,1,130,130,130,,,,,0,0,,texaslottery (Roll),24704044,,24704044,,24704044,0.09542,9.10,,,,0,,$130,
2016-01-05,Tue,MM 5/75+1/15 $1 (2013-10-22..2017-10-27),258890850,1,145,145,145,,,,,0,0,,texaslottery (Roll),31481745,,31481745,,31481745,0.12160,11.45,,,,0,,$145,
2016-01-08,Fri,MM 5/75+1/15 $1 (2013-10-22..2017-10-27),258890850,1,165,165,165,,,,,1,,,,40274316,,40274316,,40274316,0.15556,14.41,,,,0,,$165,
2016-01-12,Tue,MM 5/75+1/15 $1 (2013-10-22..2017-10-27),258890850,1,15,15,15,,,,,0,0,,texaslottery (Roll),23531452,,23531452,,23531452,0.09089,8.69,,,,0,,$15,
2016-01-15,Fri,MM 5/75+1/15 $1 (2013-10-22..2017-10-27),258890850,1,22,22,22,,,,,0,0,,texaslottery (Roll),20805492,,20805492,,20805492,0.08036,7.72,,,,0,,$22,
2016-01-19,Tue,MM 5/75+1/15 $1 (2013-10-22..2017-10-27),258890850,1,30,30,30,,,,,0,0,,texaslottery (Roll),15645361,,15645361,,15645361,0.06043,5.86,,,,0,,$30,
2016-01-22,Fri,MM 5/75+1/15 $1 (2013-10-22..2017-10-27),258890850,1,39,39,39,,,,,0,0,,texaslottery (Roll),16323266,,16323266,,16323266,0.06305,6.11,,,,1,,$39,
2016-01-26,Tue,MM 5/75+1/15 $1 (2013-10-22..2017-10-27),258890850,1,48,48,48,,,,,0,0,,texaslottery (Roll),15029079,,15029079,,15029079,0.05805,5.64,,,,0,,$48,
2016-01-29,Fri,MM 5/75+1/15 $1 (2013-10-22..2017-10-27),258890850,1,56,56,56,,,,,0,0,,texaslottery (Roll),16595340,,16595340,,16595340,0.06410,6.21,,,,0,,$56,
2016-02-02,Tue,MM 5/75+1/15 $1 (2013-10-22..2017-10-27),258890850,1,63,63,63,,,,,0,0,,texaslottery (Roll),16414065,,16414065,,16414065,0.06340,6.14,,,,0,,$63,
2016-02-05,Fri,MM 5/75+1/15 $1 (2013-10-22..2017-10-27),258890850,1,71,71,71,,,,,0,0,,texaslottery (Roll),17043950,,17043950,,17043950,0.06583,6.37,,,,0,,$71,
2016-02-09,Tue,MM 5/75+1/15 $1 (2013-10-22..2017-10-27),258890850,1,80,80,80,,,,,0,0,,texaslottery (Roll),16783546,,16783546,,16783546,0.06483,6.28,,,,0,,$80,
2016-02-12,Fri,MM 5/75+1/15 $1 (2013-10-22..2017-10-27),258890850,1,87,87,87,,,,,0,0,,texaslottery (Roll),17294270,,17294270,,17294270,0.06680,6.46,,,,0,,$87,
2016-02-16,Tue,MM 5/75+1/15 $1 (2013-10-22..2017-10-27),258890850,1,94,94,94,,,,,0,0,,texaslottery (Roll),16388931,,16388931,,16388931,0.06330,6.13,,,,0,,$94,
2016-02-19,Fri,MM 5/75+1/15 $1 (2013-10-22..2017-10-27),258890850,1,104,104,104,,,,,0,0,,texaslottery (Roll),19279129,,19279129,,19279129,0.07447,7.18,,,,0,,$104,
2016-02-23,Tue,MM 5/75+1/15 $1 (2013-10-22..2017-10-27),258890850,1,114,114,114,,,,,0,0,,texaslottery (Roll),19170749,,19170749,,19170749,0.07405,7.14,,,,0,,$114,
2016-02-26,Fri,MM 5/75+1/15 $1 (2013-10-22..2017-10-27),258890850,1,125,125,125,,,,,0,0,,texaslottery (Roll),19832703,,19832703,,19832703,0.07661,7.37,,,,0,,$125,
2016-03-01,Tue,MM 5/75+1/15 $1 (2013-10-22..2017-10-27),258890850,1,135,135,135,,,,,0,0,,texaslottery (Roll),20292616,,20292616,,20292616,0.07838,7.54,,,,0,,$135,
2016-03-04,Fri,MM 5/75+1/15 $1 (2013-10-22..2017-10-27),258890850,1,144,144,144,,,,,0,0,,texaslottery (Roll),22272776,,22272776,,22272776,0.08603,8.24,,,,0,,$144,
2016-03-08,Tue,MM 5/75+1/15 $1 (2013-10-22..2017-10-27),258890850,1,157,157,157,,,,,1,,,,22907452,,22907452,,22907452,0.08848,8.47,,,,0,,$157,
2016-03-11,Fri,MM 5/75+1/15 $1 (2013-10-22..2017-10-27),258890850,1,15,15,15,,,,,0,0,,texaslottery (Roll),14427995,,14427995,,14427995,0.05573,5.42,,,,0,,$15,
2016-03-15,Tue,MM 5/75+1/15 $1 (2013-10-22..2017-10-27),258890850,1,20,20,20,,,,,0,0,,texaslottery (Roll),13718016,,13718016,,13718016,0.05299,5.16,,,,0,,$20,
2016-03-18,Fri,MM 5/75+1/15 $1 (2013-10-22..2017-10-27),258890850,1,25,25,25,,,,,0,0,,texaslottery (Roll),14318353,,14318353,,14318353,0.05531,5.38,,,,0,,$25,
2016-03-22,Tue,MM 5/75+1/15 $1 (2013-10-22..2017-10-27),258890850,1,30,30,30,,,,,0,0,,texaslottery (Roll),13926957,,13926957,,13926957,0.05379,5.24,,,,0,,$30,
2016-03-25,Fri,MM 5/75+1/15 $1 (2013-10-22..2017-10-27),258890850,1,35,35,35,,,,,0,0,,texaslottery (Roll),14435624,,14435624,,14435624,0.05576,5.42,,,,0,,$35,
2016-03-29,Tue,MM 5/75+1/15 $1 (2013-10-22..2017-10-27),258890850,1,43,43,43,,,,,0,0,,texaslottery (Roll),14201783,,14201783,,14201783,0.05486,5.34,,,,0,,$43,
2016-04-01,Fri,MM 5/75+1/15 $1 (2013-10-22..2017-10-27),258890850,1,50,50,50,,,,,0,0,,texaslottery (Roll),15378081,,15378081,,15378081,0.05940,5.77,,,,0,,$50,
2016-04-05,Tue,MM 5/75+1/15 $1 (2013-10-22..2017-10-27),258890850,1,57,57,57,,,,,0,0,,texaslottery (Roll),14914011,,14914011,,14914011,0.05761,5.60,,,,0,,$57,
2016-04-08,Fri,MM 5/75+1/15 $1 (2013-10-22..2017-10-27),258890850,1,65,65,65,,,,,0,0,,texaslottery (Roll),15647145,,15647145,,15647145,0.06044,5.86,,,,0,,$65,
2016-04-12,Tue,MM 5/75+1/15 $1 (2013-10-22..2017-10-27),258890850,1,72,72,72,,,,,0,0,,texaslottery (Roll),15478576,,15478576,,15478576,0.05979,5.80,,,,0,,$72,
2016-04-15,Fri,MM 5/75+1/15 $1 (2013-10-22..2017-10-27),258890850,1,80,80,80,,,,,0,0,,texaslottery (Roll),16371051,,16371051,,16371051,0.06324,6.13,,,,0,,$80,
2016-04-19,Tue,MM 5/75+1/15 $1 (2013-10-22..2017-10-27),258890850,1,89,89,89,,,,,0,0,,texaslottery (Roll),16030765,,16030765,,16030765,0.06192,6.00,,,,0,,$89,
2016-04-22,Fri,MM 5/75+1/15 $1 (2013-10-22..2017-10-27),258890850,1,97,97,97,,,,,0,0,,texaslottery (Roll),17089941,,17089941,,17089941,0.06601,6.39,,,,0,,$97,
2016-04-26,Tue,MM 5/75+1/15 $1 (2013-10-22..2017-10-27),258890850,1,108,108,108,,,,,0,0,,texaslottery (Roll),18097208,,18097208,,18097208,0.06990,6.75,,,,0,,$108,
2016-04-29,Fri,MM 5/75+1/15 $1 (2013-10-22..2017-10-27),258890850,1,118,118,118,,,,,0,0,,texaslottery (Roll),19483330,,19483330,,19483330,0.07526,7.25,,,,0,,$118,
2016-05-03,Tue,MM 5/75+1/15 $1 (2013-10-22..2017-10-27),258890850,1,128,128,128,,,,,0,0,,texaslottery (Roll),21100252,,21100252,,21100252,0.08150,7.83,,,,0,,$128,
2016-05-06,Fri,MM 5/75+1/15 $1 (2013-10-22..2017-10-27),258890850,1,138,138,138,,,,,0,0,,texaslottery (Roll),23263894,,23263894,,23263894,0.08986,8.59,,,,0,,$138,
2016-05-10,Tue,MM 5/75+1/15 $1 (2013-10-22..2017-10-27),258890850,1,150,150,150,,,,,0,0,,texaslottery (Roll),23495263,,23495263,,23495263,0.09075,8.68,,,,0,,$150,
2016-05-13,Fri,MM 5/75+1/15 $1 (2013-10-22..2017-10-27),258890850,1,161,161,161,,,,,0,0,,texaslottery (Roll),24755118,,24755118,,24755118,0.09562,9.12,,,,0,,$161,
2016-05-17,Tue,MM 5/75+1/15 $1 (2013-10-22..2017-10-27),258890850,1,174,174,174,,,,,0,0,,texaslottery (Roll),25056806,,25056806,,25056806,0.09679,9.22,,,,0,,$174,
2016-05-20,Fri,MM 5/75+1/15 $1 (2013-10-22..2017-10-27),258890850,1,187,187,187,,,,,0,0,,texaslottery (Roll),26411194,,26411194,,26411194,0.10202,9.70,,,,0,,$187,
2016-05-24,Tue,MM 5/75+1/15 $1 (2013-10-22..2017-10-27),258890850,1,203,203,203,,,,,0,0,,texaslottery (Roll),29393298,,29393298,,29393298,0.11354,10.73,,,,0,,$203,
2016-05-27,Fri,MM 5/75+1/15 $1 (2013-10-22..2017-10-27),258890850,1,218,218,218,,,,,0,0,,texaslottery (Roll),30231417,,30231417,,30231417,0.11677,11.02,,,,0,,$218,
2016-05-31,Tue,MM 5/75+1/15 $1 (2013-10-22..2017-10-27),258890850,1,235,235,235,,,,,0,0,,texaslottery (Roll),29213505,,29213505,,29213505,0.11284,10.67,,,,0,,$235,
2016-06-03,Fri,MM 5/75+1/15 $1 (2013-10-22..2017-10-27),258890850,1,251,251,251,,,,,0,0,,texaslottery (Roll),33955002,,33955002,,33955002,0.13116,12.29,,,,0,,$251,
2016-06-07,Tue,MM 5/75+1/15 $1 (2013-10-22..2017-10-27),258890850,1,260,260,260,,,,,0,0,,texaslottery (Roll),34383334,,34383334,,34383334,0.13281,12.44,,,,0,,$260,
2016-06-10,Fri,MM 5/75+1/15 $1 (2013-10-22..2017-10-27),258890850,1,280,280,280,,,,,0,0,,texaslottery (Roll),35534903,,35534903,,35534903,0.13726,12.83,,,,0,,$280,
2016-06-14,Tue,MM 5/75+1/15 $1 (2013-10-22..2017-10-27),258890850,1,293,293,293,,,,,0,0,,texaslottery (Roll),37922948,,37922948,,37922948,0.14648,13.63,,,,0,,$293,
2016-06-17,Fri,MM 5/75+1/15 $1 (2013-10-22..2017-10-27),258890850,1,310,310,310,,,,,0,0,,texaslottery (Roll),43464828,,43464828,,43464828,0.16789,15.46,,,,0,,$310,
2016-06-21,Tue,MM 5/75+1/15 $1 (2013-10-22..2017-10-27),258890850,1,333,333,333,,,,,0,0,,texaslottery (Roll),49702464,,49702464,,49702464,0.19198,17.47,,,,0,,$333,
2016-06-24,Fri,MM 5/75+1/15 $1 (2013-10-22..2017-10-27),258890850,1,363,363,363,,,,,0,0,,texaslottery (Roll),54102464,,54102464,,54102464,0.20898,18.86,,,,0,,$363,
2016-06-28,Tue,MM 5/75+1/15 $1 (2013-10-22..2017-10-27),258890850,1,390,390,390,,,,,0,0,,texaslottery (Roll),57727651,,57727651,,57727651,0.22298,19.99,,,,0,,$390,
2016-07-01,Fri,MM 5/75+1/15 $1 (2013-10-22..2017-10-27),258890850,1,415,415,415,,,,,0,0,,texaslottery (Roll),85942245,,85942245,,85942245,0.33196,28.25,,,,0,,$415,
2016-07-05,Tue,MM 5/75+1/15 $1 (2013-10-22..2017-10-27),258890850,1,454,449,454,,,,,0,0,,texaslottery (Roll),107182808,,107182808,,107182808,0.41401,33.90,,,,0,,$449 $454,
2016-07-08,Fri,MM 5/75+1/15 $1 (2013-10-22..2017-10-27),258890850,1,540,508,508,,,,,1,,,,155498760,,155498760,,155498760,0.60063,45.15,,,,0,,$508,
2016-07-12,Tue,MM 5/75+1/15 $1 (2013-10-22..2017-10-27),258890850,1,15,15,15,,,,,0,0,,texaslottery (Roll),17923457,,17923457,,17923457,0.06923,6.69,,,,0,,$15,
2016-07-15,Fri,MM 5/75+1/15 $1 (2013-10-22..2017-10-27),258890850,1,20,20,20,,,,,0,0,,texaslottery (Roll),17106125,,17106125,,17106125,0.06607,6.39,,,,0,,$20,
2016-07-19,Tue,MM 5/75+1/15 $1 (2013-10-22..2017-10-27),258890850,1,25,25,25,,,,,1,,,,16279774,,16279774,,16279774,0.06288,6.09,,,,0,,$25,
2016-07-22,Fri,MM 5/75+1/15 $1 (2013-10-22..2017-10-27),258890850,1,15,15,15,,,,,1,,,,15900599,,15900599,,15900599,0.06142,5.96,,,,0,,$15,
2016-07-26,Tue,MM 5/75+1/15 $1 (2013-10-22..2017-10-27),258890850,1,15,15,15,,,,,0,0,,texaslottery (Roll),15150190,,15150190,,15150190,0.05852,5.68,,,,0,,$15,
2016-07-29,Fri,MM 5/75+1/15 $1 (2013-10-22..2017-10-27),258890850,1,20,20,20,,,,,0,0,,texaslottery (Roll),17104528,,17104528,,17104528,0.06607,6.39,,,,0,,$20,
2016-08-02,Tue,MM 5/75+1/15 $1 (2013-10-22..2017-10-27),258890850,1,25,25,25,,,,,0,0,,texaslottery (Roll),15867834,,15867834,,15867834,0.06129,5.95,,,,0,,$25,
2016-08-05,Fri,MM 5/75+1/15 $1 (2013-10-22..2017-10-27),258890850,1,30,30,30,,,,,0,0,,texaslottery (Roll),16169767,,16169767,,16169767,0.06246,6.05,,,,0,,$30,
2016-08-09,Tue,MM 5/75+1/15 $1 (2013-10-22..2017-10-27),258890850,1,38,38,38,,,,,0,0,,texaslottery (Roll),15518273,,15518273,,15518273,0.05994,5.82,,,,0,,$38,
2016-08-12,Fri,MM 5/75+1/15 $1 (2013-10-22..2017-10-27),258890850,1,45,45,45,,,,,0,0,,texaslottery (Roll),16314157,,16314157,,16314157,0.06302,6.11,,,,0,,$45,
2016-08-16,Tue,MM 5/75+1/15 $1 (2013-10-22..2017-10-27),258890850,1,52,52,52,,,,,0,0,,texaslottery (Roll),16071585,,16071585,,16071585,0.06208,6.02,,,,0,,$52,
2016-08-19,Fri,MM 5/75+1/15 $1 (2013-10-22..2017-10-27),258890850,1,61,61,61,,,,,0,0,,texaslottery (Roll),16907812,,16907812,,16907812,0.06531,6.32,,,,0,,$61,
2016-08-23,Tue,MM 5/75+1/15 $1 (2013-10-22..2017-10-27),258890850,1,69,69,69,,,,,0,0,,texaslottery (Roll),16365318,,16365318,,16365318,0.06321,6.13,,,,0,,$69,
2016-08-26,Fri,MM 5/75+1/15 $1 (2013-10-22..2017-10-27),258890850,1,76,76,76,,,,,0,0,,texaslottery (Roll),17086646,,17086646,,17086646,0.06600,6.39,,,,0,,$76,
2016-08-30,Tue,MM 5/75+1/15 $1 (2013-10-22..2017-10-27),258890850,1,84,84,84,,,,,0,0,,texaslottery (Roll),16749187,,16749187,,16749187,0.06470,6.26,,,,0,,$84,
2016-09-02,Fri,MM 5/75+1/15 $1 (2013-10-22..2017-10-27),258890850,1,92,92,92,,,,,0,0,,texaslottery (Roll),18452243,,18452243,,18452243,0.07127,6.88,,,,0,,$92,
2016-09-06,Tue,MM 5/75+1/15 $1 (2013-10-22..2017-10-27),258890850,1,101,101,101,,,,,0,0,,texaslottery (Roll),17799558,,17799558,,17799558,0.06875,6.64,,,,0,,$101,
2016-09-09,Fri,MM 5/75+1/15 $1 (2013-10-22..2017-10-27),258890850,1,111,111,111,,,,,0,0,,texaslottery (Roll),20165569,,20165569,,20165569,0.07789,7.49,,,,0,,$111,
2016-09-13,Tue,MM 5/75+1/15 $1 (2013-10-22..2017-10-27),258890850,1,122,122,122,,,,,0,0,,texaslottery (Roll),20079537,,20079537,,20079537,0.07756,7.46,,,,0,,$122,
2016-09-16,Fri,MM 5/75+1/15 $1 (2013-10-22..2017-10-27),258890850,1,133,133,133,,,,,1,,,,20953319,,20953319,,20953319,0.08093,7.77,,,,0,,$133,
2016-09-20,Tue,MM 5/75+1/15 $1 (2013-10-22..2017-10-27),258890850,1,15,15,15,,,,,0,0,,texaslottery (Roll),13362654,,13362654,,13362654,0.05162,5.03,,,,0,,$15,
2016-09-23,Fri,MM 5/75+1/15 $1 (2013-10-22..2017-10-27),258890850,1,20,20,20,,,,,0,0,,texaslottery (Roll),14083192,,14083192,,14083192,0.05440,5.29,,,,0,,$20,
2016-09-27,Tue,MM 5/75+1/15 $1 (2013-10-22..2017-10-27),258890850,1,25,25,25,,,,,0,0,,texaslottery (Roll),13566655,,13566655,,13566655,0.05240,5.11,,,,0,,$25,
2016-09-30,Fri,MM 5/75+1/15 $1 (2013-10-22..2017-10-27),258890850,1,30,30,30,,,,,0,0,,texaslottery (Roll),14715399,,14715399,,14715399,0.05684,5.53,,,,0,,$30,
2016-10-04,Tue,MM 5/75+1/15 $1 (2013-10-22..2017-10-27),258890850,1,35,35,35,,,,,0,0,,texaslottery (Roll),14361392,,14361392,,14361392,0.05547,5.40,,,,0,,$35,
2016-10-07,Fri,MM 5/75+1/15 $1 (2013-10-22..2017-10-27),258890850,1,41,41,41,,,,,0,0,,texaslottery (Roll),14945015,,14945015,,14945015,0.05773,5.61,,,,0,,$41,
2016-10-11,Tue,MM 5/75+1/15 $1 (2013-10-22..2017-10-27),258890850,1,49,49,49,,,,,1,,,,14294310,,14294310,,14294310,0.05521,5.37,,,,0,,$49,Texas Lottery lists 1 Texas jackpot winner (CVO)
2016-10-14,Fri,MM 5/75+1/15 $1 (2013-10-22..2017-10-27),258890850,1,15,15,15,,,,,0,0,,texaslottery (Roll),13253358,,13253358,,13253358,0.05119,4.99,,,,0,,$15,
2016-10-18,Tue,MM 5/75+1/15 $1 (2013-10-22..2017-10-27),258890850,1,20,20,20,,,,,0,0,,texaslottery (Roll),12895034,,12895034,,12895034,0.04981,4.86,,,,0,,$20,
2016-10-21,Fri,MM 5/75+1/15 $1 (2013-10-22..2017-10-27),258890850,1,25,25,25,,,,,0,0,,texaslottery (Roll),13587567,,13587567,,13587567,0.05248,5.11,,,,0,,$25,
2016-10-25,Tue,MM 5/75+1/15 $1 (2013-10-22..2017-10-27),258890850,1,30,30,30,,,,,0,0,,texaslottery (Roll),13244654,,13244654,,13244654,0.05116,4.99,,,,0,,$30,
2016-10-28,Fri,MM 5/75+1/15 $1 (2013-10-22..2017-10-27),258890850,1,35,35,35,,,,,0,0,,texaslottery (Roll),13948108,,13948108,,13948108,0.05388,5.25,,,,0,,$35,
2016-11-01,Tue,MM 5/75+1/15 $1 (2013-10-22..2017-10-27),258890850,1,40,40,40,,,,,0,0,,texaslottery (Roll),13835159,,13835159,,13835159,0.05344,5.20,,,,0,,$40,
2016-11-04,Fri,MM 5/75+1/15 $1 (2013-10-22..2017-10-27),258890850,1,47,47,47,,,,,0,0,,texaslottery (Roll),15014275,,15014275,,15014275,0.05799,5.63,,,,0,,$47,
2016-11-08,Tue,MM 5/75+1/15 $1 (2013-10-22..2017-10-27),258890850,1,54,54,54,,,,,0,0,,texaslottery (Roll),14763790,,14763790,,14763790,0.05703,5.54,,,,0,,$54,
2016-11-11,Fri,MM 5/75+1/15 $1 (2013-10-22..2017-10-27),258890850,1,65,65,65,,,,,0,0,,texaslottery (Roll),15216003,,15216003,,15216003,0.05877,5.71,,,,0,,$65,
2016-11-15,Tue,MM 5/75+1/15 $1 (2013-10-22..2017-10-27),258890850,1,73,73,73,,,,,0,0,,texaslottery (Roll),15248058,,15248058,,15248058,0.05890,5.72,,,,0,,$73,
2016-11-18,Fri,MM 5/75+1/15 $1 (2013-10-22..2017-10-27),258890850,1,82,82,82,,,,,1,,,,16512027,,16512027,,16512027,0.06378,6.18,,,,0,,$82,
2016-11-22,Tue,MM 5/75+1/15 $1 (2013-10-22..2017-10-27),258890850,1,15,15,15,,,,,0,0,,texaslottery (Roll),12980450,,12980450,,12980450,0.05014,4.89,,,,0,,$15,
2016-11-25,Fri,MM 5/75+1/15 $1 (2013-10-22..2017-10-27),258890850,1,20,20,20,,,,,0,0,,texaslottery (Roll),12739774,,12739774,,12739774,0.04921,4.80,,,,0,,$20,
2016-11-29,Tue,MM 5/75+1/15 $1 (2013-10-22..2017-10-27),258890850,1,25,25,25,,,,,0,0,,texaslottery (Roll),12928277,,12928277,,12928277,0.04994,4.87,,,,0,,$25,
2016-12-02,Fri,MM 5/75+1/15 $1 (2013-10-22..2017-10-27),258890850,1,30,30,30,,,,,0,0,,texaslottery (Roll),14013993,,14013993,,14013993,0.05413,5.27,,,,0,,$30,
2016-12-06,Tue,MM 5/75+1/15 $1 (2013-10-22..2017-10-27),258890850,1,35,35,35,,,,,0,0,,texaslottery (Roll),13446783,,13446783,,13446783,0.05194,5.06,,,,0,,$35,
2016-12-09,Fri,MM 5/75+1/15 $1 (2013-10-22..2017-10-27),258890850,1,43,43,43,,,,,0,0,,texaslottery (Roll),14189993,,14189993,,14189993,0.05481,5.33,,,,0,,$43,
2016-12-13,Tue,MM 5/75+1/15 $1 (2013-10-22..2017-10-27),258890850,1,51,51,51,,,,,0,0,,texaslottery (Roll),14094572,,14094572,,14094572,0.05444,5.30,,,,0,,$51,
2016-12-16,Fri,MM 5/75+1/15 $1 (2013-10-22..2017-10-27),258890850,1,59,59,59,,,,,0,0,,texaslottery (Roll),14708876,,14708876,,14708876,0.05681,5.52,,,,0,,$59,
2016-12-20,Tue,MM 5/75+1/15 $1 (2013-10-22..2017-10-27),258890850,1,67,67,67,,,,,0,0,,texaslottery (Roll),14958650,,14958650,,14958650,0.05778,5.61,,,,0,,$67,
2016-12-23,Fri,MM 5/75+1/15 $1 (2013-10-22..2017-10-27),258890850,1,76,76,76,,,,,0,0,,texaslottery (Roll),17683788,,17683788,,17683788,0.06831,6.60,,,,0,,$76,
2016-12-27,Tue,MM 5/75+1/15 $1 (2013-10-22..2017-10-27),258890850,1,85,85,85,,,,,0,0,,texaslottery (Roll),15971382,,15971382,,15971382,0.06169,5.98,,,,0,,$85,
2016-12-30,Fri,MM 5/75+1/15 $1 (2013-10-22..2017-10-27),258890850,1,96,96,96,,,,,0,0,,texaslottery (Roll),18995826,,18995826,,18995826,0.07337,7.07,,,,0,,$96,
2017-01-03,Tue,MM 5/75+1/15 $1 (2013-10-22..2017-10-27),258890850,1,105,105,105,,,,,0,0,,texaslottery (Roll),19174117,,19174117,,19174117,0.07406,7.14,,,,0,,$105,
2017-01-06,Fri,MM 5/75+1/15 $1 (2013-10-22..2017-10-27),258890850,1,117,117,117,,,,,0,0,,texaslottery (Roll),20120384,,20120384,,20120384,0.07772,7.48,,,,0,,$117,
2017-01-10,Tue,MM 5/75+1/15 $1 (2013-10-22..2017-10-27),258890850,1,126,126,126,,,,,0,0,,texaslottery (Roll),19682849,,19682849,,19682849,0.07603,7.32,,,,0,,$126,
2017-01-13,Fri,MM 5/75+1/15 $1 (2013-10-22..2017-10-27),258890850,1,137,137,137,,,,,0,0,,texaslottery (Roll),22127264,,22127264,,22127264,0.08547,8.19,,,,0,,$137,
2017-01-17,Tue,MM 5/75+1/15 $1 (2013-10-22..2017-10-27),258890850,1,150,150,150,,,,,0,0,,texaslottery (Roll),21355542,,21355542,,21355542,0.08249,7.92,,,,0,,$150,
2017-01-20,Fri,MM 5/75+1/15 $1 (2013-10-22..2017-10-27),258890850,1,162,162,162,,,,,0,0,,texaslottery (Roll),23039980,,23039980,,23039980,0.08899,8.51,,,,0,,$162,
2017-01-24,Tue,MM 5/75+1/15 $1 (2013-10-22..2017-10-27),258890850,1,177,177,177,,,,,0,0,,texaslottery (Roll),23710938,,23710938,,23710938,0.09159,8.75,,,,0,,$177,
2017-01-27,Fri,MM 5/75+1/15 $1 (2013-10-22..2017-10-27),258890850,1,188,188,188,,,,,1,,,,26120493,,26120493,,26120493,0.10089,9.60,,,,0,,$188,
2017-01-31,Tue,MM 5/75+1/15 $1 (2013-10-22..2017-10-27),258890850,1,15,15,15,,,,,0,0,,texaslottery (Roll),13743302,,13743302,,13743302,0.05309,5.17,,,,0,,$15,
2017-02-03,Fri,MM 5/75+1/15 $1 (2013-10-22..2017-10-27),258890850,1,20,20,20,,,,,0,0,,texaslottery (Roll),14437682,,14437682,,14437682,0.05577,5.42,,,,0,,$20,
2017-02-07,Tue,MM 5/75+1/15 $1 (2013-10-22..2017-10-27),258890850,1,25,25,25,,,,,0,0,,texaslottery (Roll),13755492,,13755492,,13755492,0.05313,5.17,,,,0,,$25,
2017-02-10,Fri,MM 5/75+1/15 $1 (2013-10-22..2017-10-27),258890850,1,30,30,30,,,,,0,0,,texaslottery (Roll),14445716,,14445716,,14445716,0.05580,5.43,,,,0,,$30,
2017-02-14,Tue,MM 5/75+1/15 $1 (2013-10-22..2017-10-27),258890850,1,38,38,38,,,,,0,0,,texaslottery (Roll),14658980,,14658980,,14658980,0.05662,5.50,,,,0,,$38,
2017-02-17,Fri,MM 5/75+1/15 $1 (2013-10-22..2017-10-27),258890850,1,46,46,46,,,,,0,0,,texaslottery (Roll),15634685,,15634685,,15634685,0.06039,5.86,,,,0,,$46,
2017-02-21,Tue,MM 5/75+1/15 $1 (2013-10-22..2017-10-27),258890850,1,55,55,55,,,,,0,0,,texaslottery (Roll),16075589,,16075589,,16075589,0.06209,6.02,,,,0,,$55,
2017-02-24,Fri,MM 5/75+1/15 $1 (2013-10-22..2017-10-27),258890850,1,64,64,64,,,,,0,0,,texaslottery (Roll),17910284,,17910284,,17910284,0.06918,6.68,,,,0,,$64,
2017-02-28,Tue,MM 5/75+1/15 $1 (2013-10-22..2017-10-27),258890850,1,73,73,73,,,,,0,0,,texaslottery (Roll),17246852,,17246852,,17246852,0.06662,6.44,,,,0,,$73,
2017-03-03,Fri,MM 5/75+1/15 $1 (2013-10-22..2017-10-27),258890850,1,83,83,83,,,,,0,0,,texaslottery (Roll),18552850,,18552850,,18552850,0.07166,6.92,,,,0,,$83,
2017-03-07,Tue,MM 5/75+1/15 $1 (2013-10-22..2017-10-27),258890850,1,94,94,94,,,,,0,0,,texaslottery (Roll),18655012,,18655012,,18655012,0.07206,6.95,,,,0,,$94,
2017-03-10,Fri,MM 5/75+1/15 $1 (2013-10-22..2017-10-27),258890850,1,106,106,106,,,,,0,0,,texaslottery (Roll),20698965,,20698965,,20698965,0.07995,7.68,,,,0,,$106,
2017-03-14,Tue,MM 5/75+1/15 $1 (2013-10-22..2017-10-27),258890850,1,119,119,119,,,,,0,0,,texaslottery (Roll),18994906,,18994906,,18994906,0.07337,7.07,,,,0,,$119,
2017-03-17,Fri,MM 5/75+1/15 $1 (2013-10-22..2017-10-27),258890850,1,131,131,131,,,,,0,0,,texaslottery (Roll),21051142,,21051142,,21051142,0.08131,7.81,,,,0,,$131,
2017-03-21,Tue,MM 5/75+1/15 $1 (2013-10-22..2017-10-27),258890850,1,140,140,140,,,,,0,0,,texaslottery (Roll),20930398,,20930398,,20930398,0.08085,7.77,,,,0,,$140,
2017-03-24,Fri,MM 5/75+1/15 $1 (2013-10-22..2017-10-27),258890850,1,151,151,151,,,,,0,0,,texaslottery (Roll),22991985,,22991985,,22991985,0.08881,8.50,,,,0,,$151,
2017-03-28,Tue,MM 5/75+1/15 $1 (2013-10-22..2017-10-27),258890850,1,162,162,162,,,,,0,0,,texaslottery (Roll),23971066,,23971066,,23971066,0.09259,8.84,,,,0,,$162,
2017-03-31,Fri,MM 5/75+1/15 $1 (2013-10-22..2017-10-27),258890850,1,174,174,174,,,,,1,,,,25889578,,25889578,,25889578,0.10000,9.52,,,,0,,$174,
2017-04-04,Tue,MM 5/75+1/15 $1 (2013-10-22..2017-10-27),258890850,1,15,15,15,,,,,0,0,,texaslottery (Roll),13861832,,13861832,,13861832,0.05354,5.21,,,,0,,$15,
2017-04-07,Fri,MM 5/75+1/15 $1 (2013-10-22..2017-10-27),258890850,1,20,20,20,,,,,0,0,,texaslottery (Roll),14143835,,14143835,,14143835,0.05463,5.32,,,,0,,$20,
2017-04-11,Tue,MM 5/75+1/15 $1 (2013-10-22..2017-10-27),258890850,1,25,25,25,,,,,0,0,,texaslottery (Roll),13673639,,13673639,,13673639,0.05282,5.14,,,,0,,$25,
2017-04-14,Fri,MM 5/75+1/15 $1 (2013-10-22..2017-10-27),258890850,1,30,30,30,,,,,0,0,,texaslottery (Roll),14502692,,14502692,,14502692,0.05602,5.45,,,,0,,$30,
2017-04-18,Tue,MM 5/75+1/15 $1 (2013-10-22..2017-10-27),258890850,1,37,37,37,,,,,0,0,,texaslottery (Roll),13910754,,13910754,,13910754,0.05373,5.23,,,,0,,$37,
2017-04-21,Fri,MM 5/75+1/15 $1 (2013-10-22..2017-10-27),258890850,1,45,45,45,,,,,0,0,,texaslottery (Roll),15023794,,15023794,,15023794,0.05803,5.64,,,,0,,$45,
2017-04-25,Tue,MM 5/75+1/15 $1 (2013-10-22..2017-10-27),258890850,1,52,52,52,,,,,0,0,,texaslottery (Roll),14806757,,14806757,,14806757,0.05719,5.56,,,,0,,$52,
2017-04-28,Fri,MM 5/75+1/15 $1 (2013-10-22..2017-10-27),258890850,1,61,61,61,,,,,1,,,,15771617,,15771617,,15771617,0.06092,5.91,,,,0,,$61,
2017-05-02,Tue,MM 5/75+1/15 $1 (2013-10-22..2017-10-27),258890850,1,15,15,15,,,,,0,0,,texaslottery (Roll),12828993,,12828993,,12828993,0.04955,4.83,,,,0,,$15,
2017-05-05,Fri,MM 5/75+1/15 $1 (2013-10-22..2017-10-27),258890850,1,20,20,20,,,,,0,0,,texaslottery (Roll),13546781,,13546781,,13546781,0.05233,5.10,,,,0,,$20,
2017-05-09,Tue,MM 5/75+1/15 $1 (2013-10-22..2017-10-27),258890850,1,25,25,25,,,,,0,0,,texaslottery (Roll),13202152,,13202152,,13202152,0.05100,4.97,,,,0,,$25,
2017-05-12,Fri,MM 5/75+1/15 $1 (2013-10-22..2017-10-27),258890850,1,30,30,30,,,,,0,0,,texaslottery (Roll),13961967,,13961967,,13961967,0.05393,5.25,,,,0,,$30,
2017-05-16,Tue,MM 5/75+1/15 $1 (2013-10-22..2017-10-27),258890850,1,36,36,36,,,,,0,0,,texaslottery (Roll),13611161,,13611161,,13611161,0.05257,5.12,,,,0,,$36,
2017-05-19,Fri,MM 5/75+1/15 $1 (2013-10-22..2017-10-27),258890850,1,43,43,43,,,,,0,0,,texaslottery (Roll),14388173,,14388173,,14388173,0.05558,5.41,,,,0,,$43,
2017-05-23,Tue,MM 5/75+1/15 $1 (2013-10-22..2017-10-27),258890850,1,50,50,50,,,,,0,0,,texaslottery (Roll),14124122,,14124122,,14124122,0.05456,5.31,,,,0,,$50,
2017-05-26,Fri,MM 5/75+1/15 $1 (2013-10-22..2017-10-27),258890850,1,58,58,58,,,,,0,0,,texaslottery (Roll),15118409,,15118409,,15118409,0.05840,5.67,,,,0,,$58,
2017-05-30,Tue,MM 5/75+1/15 $1 (2013-10-22..2017-10-27),258890850,1,65,65,65,,,,,0,0,,texaslottery (Roll),13995300,,13995300,,13995300,0.05406,5.26,,,,0,,$65,
2017-06-02,Fri,MM 5/75+1/15 $1 (2013-10-22..2017-10-27),258890850,1,74,74,74,,,,,0,0,,texaslottery (Roll),16446607,,16446607,,16446607,0.06353,6.16,,,,0,,$74,
2017-06-06,Tue,MM 5/75+1/15 $1 (2013-10-22..2017-10-27),258890850,1,80,80,80,,,,,0,0,,texaslottery (Roll),16471423,,16471423,,16471423,0.06362,6.16,,,,0,,$80,
2017-06-09,Fri,MM 5/75+1/15 $1 (2013-10-22..2017-10-27),258890850,1,90,90,90,,,,,0,0,,texaslottery (Roll),18020619,,18020619,,18020619,0.06961,6.72,,,,0,,$90,
2017-06-13,Tue,MM 5/75+1/15 $1 (2013-10-22..2017-10-27),258890850,1,101,101,101,,,,,0,0,,texaslottery (Roll),20569946,,20569946,,20569946,0.07945,7.64,,,,0,,$101,
2017-06-16,Fri,MM 5/75+1/15 $1 (2013-10-22..2017-10-27),258890850,1,113,113,113,,,,,0,0,,texaslottery (Roll),21469097,,21469097,,21469097,0.08293,7.96,,,,0,,$113,
2017-06-20,Tue,MM 5/75+1/15 $1 (2013-10-22..2017-10-27),258890850,1,123,123,123,,,,,0,0,,texaslottery (Roll),21683456,,21683456,,21683456,0.08376,8.03,,,,0,,$123,
2017-06-23,Fri,MM 5/75+1/15 $1 (2013-10-22..2017-10-27),258890850,1,134,134,134,,,,,0,0,,texaslottery (Roll),22462934,,22462934,,22462934,0.08677,8.31,,,,0,,$134,
2017-06-27,Tue,MM 5/75+1/15 $1 (2013-10-22..2017-10-27),258890850,1,145,145,145,,,,,0,0,,texaslottery (Roll),22505236,,22505236,,22505236,0.08693,8.33,,,,0,,$145,
2017-06-30,Fri,MM 5/75+1/15 $1 (2013-10-22..2017-10-27),258890850,1,158,158,158,,,,,0,0,,texaslottery (Roll),24123948,,24123948,,24123948,0.09318,8.90,,,,0,,$158,
2017-07-04,Tue,MM 5/75+1/15 $1 (2013-10-22..2017-10-27),258890850,1,172,172,172,,,,,0,0,,texaslottery (Roll),21281973,,21281973,,21281973,0.08220,7.89,,,,0,,$172,
2017-07-07,Fri,MM 5/75+1/15 $1 (2013-10-22..2017-10-27),258890850,1,186,186,186,,,,,0,0,,texaslottery (Roll),24752778,,24752778,,24752778,0.09561,9.12,,,,0,,$186,
2017-07-11,Tue,MM 5/75+1/15 $1 (2013-10-22..2017-10-27),258890850,1,202,202,202,,,,,0,0,,texaslottery (Roll),27588645,,27588645,,27588645,0.10656,10.11,,,,0,,$202,
2017-07-14,Fri,MM 5/75+1/15 $1 (2013-10-22..2017-10-27),258890850,1,217,217,217,,,,,0,0,,texaslottery (Roll),28332856,,28332856,,28332856,0.10944,10.37,,,,0,,$217,
2017-07-18,Tue,MM 5/75+1/15 $1 (2013-10-22..2017-10-27),258890850,1,232,232,232,,,,,0,0,,texaslottery (Roll),30094239,,30094239,,30094239,0.11624,10.97,,,,0,,$232,
2017-07-21,Fri,MM 5/75+1/15 $1 (2013-10-22..2017-10-27),258890850,1,248,248,248,,,,,0,0,,texaslottery (Roll),30908204,,30908204,,30908204,0.11939,11.25,,,,0,,$248,
2017-07-25,Tue,MM 5/75+1/15 $1 (2013-10-22..2017-10-27),258890850,1,262,262,262,,,,,0,0,,texaslottery (Roll),31931736,,31931736,,31931736,0.12334,11.60,,,,0,,$262,
2017-07-28,Fri,MM 5/75+1/15 $1 (2013-10-22..2017-10-27),258890850,1,282,282,282,,,,,0,0,,texaslottery (Roll),33352561,,33352561,,33352561,0.12883,12.09,,,,0,,$282,
2017-08-01,Tue,MM 5/75+1/15 $1 (2013-10-22..2017-10-27),258890850,1,303,303,303,,,,,0,0,,texaslottery (Roll),39366234,,39366234,,39366234,0.15206,14.11,,,,0,,$303,
2017-08-04,Fri,MM 5/75+1/15 $1 (2013-10-22..2017-10-27),258890850,1,323,323,323,,,,,0,0,,texaslottery (Roll),45598837,,45598837,,45598837,0.17613,16.15,,,,0,,$323,
2017-08-08,Tue,MM 5/75+1/15 $1 (2013-10-22..2017-10-27),258890850,1,350,346,350,,,,,0,0,,texaslottery (Roll),58349375,,58349375,,58349375,0.22538,20.18,,,,0,,$346 $350,
2017-08-11,Fri,MM 5/75+1/15 $1 (2013-10-22..2017-10-27),258890850,1,393,382,393,,,,,1,,,,79585544,,79585544,,79585544,0.30741,26.47,,,,0,,$382 $393,
2017-08-15,Tue,MM 5/75+1/15 $1 (2013-10-22..2017-10-27),258890850,1,15,15,15,,,,,0,0,,texaslottery (Roll),17520531,,17520531,,17520531,0.06768,6.54,,,,0,,$15,
2017-08-18,Fri,MM 5/75+1/15 $1 (2013-10-22..2017-10-27),258890850,1,20,20,20,,,,,0,0,,texaslottery (Roll),17855141,,17855141,,17855141,0.06897,6.66,,,,0,,$20,
2017-08-22,Tue,MM 5/75+1/15 $1 (2013-10-22..2017-10-27),258890850,1,25,25,25,,,,,0,0,,texaslottery (Roll),18337434,,18337434,,18337434,0.07083,6.84,,,,0,,$25,
2017-08-25,Fri,MM 5/75+1/15 $1 (2013-10-22..2017-10-27),258890850,1,37,37,37,,,,,0,0,,texaslottery (Roll),18496939,,18496939,,18496939,0.07145,6.90,,,,0,,$37,
2017-08-29,Tue,MM 5/75+1/15 $1 (2013-10-22..2017-10-27),258890850,1,45,45,45,,,,,0,0,,texaslottery (Roll),15131589,,15131589,,15131589,0.05845,5.68,,,,0,,$45,
2017-09-01,Fri,MM 5/75+1/15 $1 (2013-10-22..2017-10-27),258890850,1,53,53,53,,,,,0,0,,texaslottery (Roll),16653074,,16653074,,16653074,0.06432,6.23,,,,0,,$53,
2017-09-05,Tue,MM 5/75+1/15 $1 (2013-10-22..2017-10-27),258890850,1,61,61,61,,,,,0,0,,texaslottery (Roll),15145837,,15145837,,15145837,0.05850,5.68,,,,0,,$61,
2017-09-08,Fri,MM 5/75+1/15 $1 (2013-10-22..2017-10-27),258890850,1,70,70,70,,,,,0,0,,texaslottery (Roll),16652573,,16652573,,16652573,0.06432,6.23,,,,0,,$70,
2017-09-12,Tue,MM 5/75+1/15 $1 (2013-10-22..2017-10-27),258890850,1,76,76,76,,,,,0,0,,texaslottery (Roll),15388086,,15388086,,15388086,0.05944,5.77,,,,0,,$76,
2017-09-15,Fri,MM 5/75+1/15 $1 (2013-10-22..2017-10-27),258890850,1,86,86,86,,,,,0,0,,texaslottery (Roll),16674567,,16674567,,16674567,0.06441,6.24,,,,0,,$86,
2017-09-19,Tue,MM 5/75+1/15 $1 (2013-10-22..2017-10-27),258890850,1,94,94,94,,,,,0,0,,texaslottery (Roll),17041278,,17041278,,17041278,0.06582,6.37,,,,0,,$94,
2017-09-22,Fri,MM 5/75+1/15 $1 (2013-10-22..2017-10-27),258890850,1,104,104,104,,,,,1,,,,19438563,,19438563,,19438563,0.07508,7.23,,,,0,,$104,
2017-09-26,Tue,MM 5/75+1/15 $1 (2013-10-22..2017-10-27),258890850,1,15,15,15,,,,,0,0,,texaslottery (Roll),12874915,,12874915,,12874915,0.04973,4.85,,,,0,,$15,
2017-09-29,Fri,MM 5/75+1/15 $1 (2013-10-22..2017-10-27),258890850,1,20,20,20,,,,,0,0,,texaslottery (Roll),13740043,,13740043,,13740043,0.05307,5.17,,,,0,,$20,
2017-10-03,Tue,MM 5/75+1/15 $1 (2013-10-22..2017-10-27),258890850,1,25,25,25,,,,,0,0,,texaslottery (Roll),13444603,,13444603,,13444603,0.05193,5.06,,,,0,,$25,
2017-10-06,Fri,MM 5/75+1/15 $1 (2013-10-22..2017-10-27),258890850,1,30,30,30,,,,,0,0,,texaslottery (Roll),14079556,,14079556,,14079556,0.05438,5.29,,,,0,,$30,
2017-10-10,Tue,MM 5/75+1/15 $1 (2013-10-22..2017-10-27),258890850,1,36,36,36,,,,,0,0,,texaslottery (Roll),13380877,,13380877,,13380877,0.05169,5.04,,,,0,,$36,
2017-10-13,Fri,MM 5/75+1/15 $1 (2013-10-22..2017-10-27),258890850,1,43,43,43,,,,,1,,,,14865016,,14865016,,14865016,0.05742,5.58,,,,0,,$43,
2017-10-17,Tue,MM 5/75+1/15 $1 (2013-10-22..2017-10-27),258890850,1,15,15,15,,,,,0,0,,texaslottery (Roll),12208787,,12208787,,12208787,0.04716,4.61,,,,0,,$15,
2017-10-20,Fri,MM 5/75+1/15 $1 (2013-10-22..2017-10-27),258890850,1,20,20,20,,,,,0,0,,texaslottery (Roll),13046215,,13046215,,13046215,0.05039,4.91,,,,0,,$20,
2017-10-24,Tue,MM 5/75+1/15 $1 (2013-10-22..2017-10-27),258890850,1,25,25,25,,,,,0,0,,texaslottery (Roll),12575168,,12575168,,12575168,0.04857,4.74,,,,0,,$25,
2017-10-27,Fri,MM 5/75+1/15 $1 (2013-10-22..2017-10-27),258890850,1,30,30,30,,,,,0,0,,texaslottery (Roll),13446676,,13446676,,13446676,0.05194,5.06,,,,0,,$30,
2017-10-31,Tue,MM 5/70+1/25 $2 (2017-10-31..2025-04-04),302575350,2,40,40,40,40,24.7,,,0,0,,megamillions.com,17614266,151821,8807133,101214,8908347,0.02944,2.90,,,,0,,$40,
2017-11-03,Fri,MM 5/70+1/25 $2 (2017-10-31..2025-04-04),302575350,2,48,48,48,48,30,,,0,0,,megamillions.com,18939548,94257,9469774,62838,9532612,0.03150,3.10,,,,0,,$48,
2017-11-07,Tue,MM 5/70+1/25 $2 (2017-10-31..2025-04-04),302575350,2,59,59,59,59,37,,,0,0,,megamillions.com,18098186,73773,9049093,49182,9098275,0.03007,2.96,,,,0,,$59,
2017-11-10,Fri,MM 5/70+1/25 $2 (2017-10-31..2025-04-04),302575350,2,71,71,71,71,44.5,,,0,0,,megamillions.com,19031802,67746,9515901,45164,9561065,0.03160,3.11,,,,0,,$71,
2017-11-14,Tue,MM 5/70+1/25 $2 (2017-10-31..2025-04-04),302575350,2,82,82,82,82,51.1,,,0,0,,megamillions.com,18939170,63390,9469585,42260,9511845,0.03144,3.09,,,,0,,$82,
2017-11-17,Fri,MM 5/70+1/25 $2 (2017-10-31..2025-04-04),302575350,2,95,95,95,95,59.5,,,0,0,,megamillions.com,20349970,60678,10174985,40452,10215437,0.03376,3.32,,,,0,,$95,
2017-11-21,Tue,MM 5/70+1/25 $2 (2017-10-31..2025-04-04),302575350,2,106,106,106,106,66.9,,,0,0,,megamillions.com,21325674,57579,10662837,38386,10701223,0.03537,3.47,,,,0,,$106,
2017-11-24,Fri,MM 5/70+1/25 $2 (2017-10-31..2025-04-04),302575350,2,119,119,119,119,75,,,0,0,,megamillions.com,19875500,49857,9937750,33238,9970988,0.03295,3.24,,,,1,,$119,
2017-11-28,Tue,MM 5/70+1/25 $2 (2017-10-31..2025-04-04),302575350,2,132,132,132,132,83.1,,,0,0,,megamillions.com,22121296,53403,11060648,35602,11096250,0.03667,3.60,,,,0,,$132,
2017-12-01,Fri,MM 5/70+1/25 $2 (2017-10-31..2025-04-04),302575350,2,145,145,145,145,91,,,0,0,,megamillions.com,23821432,53403,11910716,35602,11946318,0.03948,3.87,,,,0,,$145,
2017-12-05,Tue,MM 5/70+1/25 $2 (2017-10-31..2025-04-04),302575350,2,160,160,160,160,100.8,,,0,0,,megamillions.com,23979804,54084,11989902,36056,12025958,0.03975,3.90,,,,0,,$160,
2017-12-08,Fri,MM 5/70+1/25 $2 (2017-10-31..2025-04-04),302575350,2,176,176,176,176,110.9,,,0,0,,megamillions.com,24622786,50184,12311393,33456,12344849,0.04080,4.00,,,,0,,$176,
2017-12-12,Tue,MM 5/70+1/25 $2 (2017-10-31..2025-04-04),302575350,2,191,191,191,191,119.9,,,0,0,,megamillions.com,25706026,51063,12853013,34042,12887055,0.04259,4.17,,,,0,,$191,
2017-12-15,Fri,MM 5/70+1/25 $2 (2017-10-31..2025-04-04),302575350,2,208,208,208,208,132.2,,,0,0,,megamillions.com,29099876,54159,14549938,36106,14586044,0.04821,4.71,,,,0,,$208,
2017-12-19,Tue,MM 5/70+1/25 $2 (2017-10-31..2025-04-04),302575350,2,223,223,223,223,140.1,,,0,0,,megamillions.com,31798458,55887,15899229,37258,15936487,0.05267,5.13,,,,0,,$223,
2017-12-22,Fri,MM 5/70+1/25 $2 (2017-10-31..2025-04-04),302575350,2,253,247,253,253,157.5,,,0,0,,megamillions.com,40040302,62409,20020151,41606,20061757,0.06630,6.42,,,,0,,$247 $253,
2017-12-26,Tue,MM 5/70+1/25 $2 (2017-10-31..2025-04-04),302575350,2,277,277,277,277,173,,,0,0,,megamillions.com,37136764,58311,18568382,38874,18607256,0.06150,5.96,,,,0,,$277,
2017-12-29,Fri,MM 5/70+1/25 $2 (2017-10-31..2025-04-04),302575350,2,306,306,306,306,193.1,,,0,0,,megamillions.com,71423916,92478,35711958,61652,35773610,0.11823,11.15,,,,0,,$306,
2018-01-02,Tue,MM 5/70+1/25 $2 (2017-10-31..2025-04-04),302575350,2,361,343,361,361,225.9,,,0,0,,megamillions.com,85041622,103215,42520811,68810,42589621,0.14076,13.13,,,,0,,$343 $361,
2018-01-05,Fri,MM 5/70+1/25 $2 (2017-10-31..2025-04-04),302575350,2,450,418,450,450,281.2,,,1,1,FL,megamillions.com,134798404,150648,67399202,100432,67499634,0.22308,20.00,,,,0,,$418 $450,
2018-01-09,Tue,MM 5/70+1/25 $2 (2017-10-31..2025-04-04),302575350,2,40,40,40,40,24.7,,,0,0,,megamillions.com,22884132,38892,11442066,25928,11467994,0.03790,3.72,,,,0,,$40,
2018-01-12,Fri,MM 5/70+1/25 $2 (2017-10-31..2025-04-04),302575350,2,45,45,45,45,27.7,,,0,0,,megamillions.com,20427910,33399,10213955,22266,10236221,0.03383,3.33,,,,0,,$45,
2018-01-16,Tue,MM 5/70+1/25 $2 (2017-10-31..2025-04-04),302575350,2,50,50,50,50,31,,,0,0,,megamillions.com,19293578,30954,9646789,20636,9667425,0.03195,3.14,,,,0,,$50,
2018-01-19,Fri,MM 5/70+1/25 $2 (2017-10-31..2025-04-04),302575350,2,55,55,55,55,33.6,,,0,0,,megamillions.com,20477048,32130,10238524,21420,10259944,0.03391,3.33,,,,0,,$55,
2018-01-23,Tue,MM 5/70+1/25 $2 (2017-10-31..2025-04-04),302575350,2,63,63,63,63,38.6,,,0,0,,megamillions.com,19879908,32184,9939954,21456,9961410,0.03292,3.24,,,,0,,$63,
2018-01-26,Fri,MM 5/70+1/25 $2 (2017-10-31..2025-04-04),302575350,2,76,76,76,76,46.6,,,0,0,,megamillions.com,21223254,30990,10611627,20660,10632287,0.03514,3.45,,,,0,,$76,
2018-01-30,Tue,MM 5/70+1/25 $2 (2017-10-31..2025-04-04),302575350,2,89,89,89,89,53.9,,,0,0,,megamillions.com,20454982,32148,10227491,21432,10248923,0.03387,3.33,,,,0,,$89,
2018-02-02,Fri,MM 5/70+1/25 $2 (2017-10-31..2025-04-04),302575350,2,104,104,104,104,62.2,,,0,0,,megamillions.com,23439474,33729,11719737,22486,11742223,0.03881,3.81,,,,0,,$104,
2018-02-06,Tue,MM 5/70+1/25 $2 (2017-10-31..2025-04-04),302575350,2,120,120,120,120,71.8,,,0,0,,megamillions.com,22977774,34377,11488887,22918,11511805,0.03805,3.73,,,,0,,$120,
2018-02-09,Fri,MM 5/70+1/25 $2 (2017-10-31..2025-04-04),302575350,2,136,136,136,136,80.2,,,0,0,,megamillions.com,23896090,32544,11948045,21696,11969741,0.03956,3.88,,,,0,,$136,
2018-02-13,Tue,MM 5/70+1/25 $2 (2017-10-31..2025-04-04),302575350,2,153,153,153,153,90.6,,,0,0,,megamillions.com,24358216,34326,12179108,22884,12201992,0.04033,3.95,,,,0,,$153,
2018-02-16,Fri,MM 5/70+1/25 $2 (2017-10-31..2025-04-04),302575350,2,168,168,168,168,99.8,,,0,0,,megamillions.com,26247118,33864,13123559,22576,13146135,0.04345,4.25,,,,0,,$168,
2018-02-20,Tue,MM 5/70+1/25 $2 (2017-10-31..2025-04-04),302575350,2,185,185,185,185,109.2,,,0,0,,megamillions.com,25127056,34263,12563528,22842,12586370,0.04160,4.07,,,,0,,$185,
2018-02-23,Fri,MM 5/70+1/25 $2 (2017-10-31..2025-04-04),302575350,2,204,204,204,204,120.1,,,0,0,,megamillions.com,28453388,35796,14226694,23864,14250558,0.04710,4.60,,,,0,,$204,
2018-02-27,Tue,MM 5/70+1/25 $2 (2017-10-31..2025-04-04),302575350,2,222,222,222,222,131.4,,,0,0,,megamillions.com,30669502,39012,15334751,26008,15360759,0.05077,4.95,,,,0,,$222,
2018-03-02,Fri,MM 5/70+1/25 $2 (2017-10-31..2025-04-04),302575350,2,243,243,243,243,144.5,,,0,0,,megamillions.com,32710464,39756,16355232,26504,16381736,0.05414,5.27,,,,0,,$243,
2018-03-06,Tue,MM 5/70+1/25 $2 (2017-10-31..2025-04-04),302575350,2,265,265,265,265,157.2,,,0,0,,megamillions.com,35484632,42939,17742316,28626,17770942,0.05873,5.70,,,,0,,$265,
2018-03-09,Fri,MM 5/70+1/25 $2 (2017-10-31..2025-04-04),302575350,2,290,290,290,290,171,,,0,0,,megamillions.com,36574918,42414,18287459,28276,18315735,0.06053,5.87,,,,0,,$290,
2018-03-13,Tue,MM 5/70+1/25 $2 (2017-10-31..2025-04-04),302575350,2,318,318,318,318,189.2,,,0,0,,megamillions.com,42594362,47985,21297181,31990,21329171,0.07049,6.81,,,,0,,$318,
2018-03-16,Fri,MM 5/70+1/25 $2 (2017-10-31..2025-04-04),302575350,2,345,345,345,345,206.5,,,0,0,,megamillions.com,48965234,49866,24482617,33244,24515861,0.08102,7.78,,,,0,,$345,
2018-03-20,Tue,MM 5/70+1/25 $2 (2017-10-31..2025-04-04),302575350,2,377,377,377,377,224.5,,,0,0,,megamillions.com,51892652,59439,25946326,39626,25985952,0.08588,8.23,,,,0,,$377,
2018-03-23,Fri,MM 5/70+1/25 $2 (2017-10-31..2025-04-04),302575350,2,421,421,421,421,252.3,,,0,0,,megamillions.com,57734800,65235,28867400,43490,28910890,0.09555,9.11,,,,0,,$421,
2018-03-27,Tue,MM 5/70+1/25 $2 (2017-10-31..2025-04-04),302575350,2,458,458,458,458,275,,,0,0,,megamillions.com,69001776,77016,34500888,51344,34552232,0.11419,10.79,,,,0,,$458,
2018-03-30,Fri,MM 5/70+1/25 $2 (2017-10-31..2025-04-04),302575350,2,521,502,533,521,317.2,,,1,1,NJ,megamillions.com,136819500,127356,68409750,84904,68494654,0.22637,20.26,,,,0,,$502 $521 $533,
2018-04-03,Tue,MM 5/70+1/25 $2 (2017-10-31..2025-04-04),302575350,2,40,40,40,40,24,,,0,0,,megamillions.com,22417996,28899,11208998,19266,11228264,0.03711,3.64,,,,0,,$40,
2018-04-06,Fri,MM 5/70+1/25 $2 (2017-10-31..2025-04-04),302575350,2,45,45,45,45,26.8,,,0,0,,megamillions.com,21291342,25923,10645671,17282,10662953,0.03524,3.46,,,,0,,$45,
2018-04-10,Tue,MM 5/70+1/25 $2 (2017-10-31..2025-04-04),302575350,2,50,50,50,50,30,,,0,0,,megamillions.com,20229232,26460,10114616,17640,10132256,0.03349,3.29,,,,0,,$50,
2018-04-13,Fri,MM 5/70+1/25 $2 (2017-10-31..2025-04-04),302575350,2,55,55,55,55,32.9,,,0,0,,megamillions.com,22019184,25638,11009592,17092,11026684,0.03644,3.58,,,,0,,$55,
2018-04-17,Tue,MM 5/70+1/25 $2 (2017-10-31..2025-04-04),302575350,2,67,67,67,67,40.1,,,0,0,,megamillions.com,20355762,26031,10177881,17354,10195235,0.03369,3.31,,,,0,,$67,
2018-04-20,Fri,MM 5/70+1/25 $2 (2017-10-31..2025-04-04),302575350,2,80,80,80,80,47.1,,,0,0,,megamillions.com,21794684,25908,10897342,17272,10914614,0.03607,3.54,,,,0,,$80,
2018-04-24,Tue,MM 5/70+1/25 $2 (2017-10-31..2025-04-04),302575350,2,96,96,96,96,56.3,,,0,0,,megamillions.com,21344932,26439,10672466,17626,10690092,0.03533,3.47,,,,0,,$96,
2018-04-27,Fri,MM 5/70+1/25 $2 (2017-10-31..2025-04-04),302575350,2,111,111,111,111,65.4,,,0,0,,megamillions.com,24238746,27111,12119373,18074,12137447,0.04011,3.93,,,,0,,$111,
2018-05-01,Tue,MM 5/70+1/25 $2 (2017-10-31..2025-04-04),302575350,2,126,126,126,126,74.3,,,0,0,,megamillions.com,24294842,28815,12147421,19210,12166631,0.04021,3.94,,,,0,,$126,
2018-05-04,Fri,MM 5/70+1/25 $2 (2017-10-31..2025-04-04),302575350,2,143,143,143,143,84.6,,,1,1,OH,megamillions.com,25718206,29235,12859103,19490,12878593,0.04256,4.17,,,,0,,$143,
2018-05-08,Tue,MM 5/70+1/25 $2 (2017-10-31..2025-04-04),302575350,2,40,40,40,40,23.5,,,0,0,,megamillions.com,18349708,22806,9174854,15204,9190058,0.03037,2.99,,,,0,,$40,
2018-05-11,Fri,MM 5/70+1/25 $2 (2017-10-31..2025-04-04),302575350,2,45,45,45,45,26.6,,,0,0,,megamillions.com,19004682,22032,9502341,14688,9517029,0.03145,3.10,,,,0,,$45,
2018-05-15,Tue,MM 5/70+1/25 $2 (2017-10-31..2025-04-04),302575350,2,50,50,50,50,29.1,,,0,0,,megamillions.com,18015452,22215,9007726,14810,9022536,0.02982,2.94,,,,0,,$50,
2018-05-18,Fri,MM 5/70+1/25 $2 (2017-10-31..2025-04-04),302575350,2,55,55,55,55,31.9,,,0,0,,megamillions.com,19291560,22347,9645780,14898,9660678,0.03193,3.14,,,,0,,$55,
2018-05-22,Tue,MM 5/70+1/25 $2 (2017-10-31..2025-04-04),302575350,2,60,60,60,60,34.9,,,0,0,,megamillions.com,18394932,21750,9197466,14500,9211966,0.03045,3.00,,,,0,,$60,
2018-05-25,Fri,MM 5/70+1/25 $2 (2017-10-31..2025-04-04),302575350,2,73,73,73,73,43.4,,,0,0,,megamillions.com,20361392,22650,10180696,15100,10195796,0.03370,3.31,,,,0,,$73,
2018-05-29,Tue,MM 5/70+1/25 $2 (2017-10-31..2025-04-04),302575350,2,84,84,84,84,49.8,,,0,0,,megamillions.com,18647258,22191,9323629,14794,9338423,0.03086,3.04,,,,0,,$84,
2018-06-01,Fri,MM 5/70+1/25 $2 (2017-10-31..2025-04-04),302575350,2,97,97,97,97,57.9,,,0,0,,megamillions.com,22247538,24669,11123769,16446,11140215,0.03682,3.61,,,,0,,$97,
2018-06-05,Tue,MM 5/70+1/25 $2 (2017-10-31..2025-04-04),302575350,2,110,110,110,110,65.6,,,0,0,,megamillions.com,23379506,26451,11689753,17634,11707387,0.03869,3.80,,,,0,,$110,
2018-06-08,Fri,MM 5/70+1/25 $2 (2017-10-31..2025-04-04),302575350,2,127,127,127,127,75.6,,,0,0,,megamillions.com,24582154,25887,12291077,17258,12308335,0.04068,3.99,,,,0,,$127,
2018-06-12,Tue,MM 5/70+1/25 $2 (2017-10-31..2025-04-04),302575350,2,144,144,144,144,85.4,,,0,0,,megamillions.com,24797776,27507,12398888,18338,12417226,0.04104,4.02,,,,0,,$144,
2018-06-15,Fri,MM 5/70+1/25 $2 (2017-10-31..2025-04-04),302575350,2,161,161,161,161,96.6,,,0,0,,megamillions.com,26102232,26793,13051116,17862,13068978,0.04319,4.23,,,,0,,$161,
2018-06-19,Tue,MM 5/70+1/25 $2 (2017-10-31..2025-04-04),302575350,2,175,175,175,175,105.3,,,0,0,,megamillions.com,26036410,28989,13018205,19326,13037531,0.04309,4.22,,,,0,,$175,
2018-06-22,Fri,MM 5/70+1/25 $2 (2017-10-31..2025-04-04),302575350,2,192,192,192,192,114.9,,,0,0,,megamillions.com,28434738,30438,14217369,20292,14237661,0.04705,4.60,,,,0,,$192,
2018-06-26,Tue,MM 5/70+1/25 $2 (2017-10-31..2025-04-04),302575350,2,212,212,212,212,127.4,,,0,0,,megamillions.com,31405898,35151,15702949,23434,15726383,0.05198,5.06,,,,0,,$212,
2018-06-29,Fri,MM 5/70+1/25 $2 (2017-10-31..2025-04-04),302575350,2,232,232,232,232,140.6,,,0,0,,megamillions.com,34980746,38448,17490373,25632,17516005,0.05789,5.62,,,,0,,$232,
2018-07-03,Tue,MM 5/70+1/25 $2 (2017-10-31..2025-04-04),302575350,2,256,256,256,256,153.8,,,0,0,,megamillions.com,37798400,43059,18899200,28706,18927906,0.06256,6.06,,,,0,,$256,
2018-07-06,Fri,MM 5/70+1/25 $2 (2017-10-31..2025-04-04),302575350,2,283,283,283,283,171.6,,,0,0,,megamillions.com,37569678,41292,18784839,27528,18812367,0.06217,6.03,,,,0,,$283,
2018-07-10,Tue,MM 5/70+1/25 $2 (2017-10-31..2025-04-04),302575350,2,306,306,306,306,184.3,,,0,0,,megamillions.com,45686396,50421,22843198,33614,22876812,0.07561,7.28,,,,0,,$306,
2018-07-13,Fri,MM 5/70+1/25 $2 (2017-10-31..2025-04-04),302575350,2,340,340,340,340,205.5,,,0,0,,megamillions.com,54848458,56169,27424229,37446,27461675,0.09076,8.68,,,,0,,$340,
2018-07-17,Tue,MM 5/70+1/25 $2 (2017-10-31..2025-04-04),302575350,2,375,375,375,375,226.4,,,0,0,,megamillions.com,57481366,60654,28740683,40436,28781119,0.09512,9.07,,,,0,,$375,
2018-07-20,Fri,MM 5/70+1/25 $2 (2017-10-31..2025-04-04),302575350,2,433,422,433,433,260,,,0,0,,megamillions.com,89393096,83757,44696548,55838,44752386,0.14790,13.75,,,,0,,$422 $433,
2018-07-24,Tue,MM 5/70+1/25 $2 (2017-10-31..2025-04-04),302575350,2,522,493,543,522,308.1,,,1,1,CA,megamillions.com,154548332,139626,77274166,93084,77367250,0.25570,22.56,,,,0,,$493 $543,
2018-07-27,Fri,MM 5/70+1/25 $2 (2017-10-31..2025-04-04),302575350,2,40,40,40,40,23.6,,,0,0,,megamillions.com,20117516,23631,10058758,15754,10074512,0.03330,3.27,,,,0,,$40,
2018-07-31,Tue,MM 5/70+1/25 $2 (2017-10-31..2025-04-04),302575350,2,45,45,45,45,26.6,,,0,0,,megamillions.com,18890436,22773,9445218,15182,9460400,0.03127,3.08,,,,0,,$45,
2018-08-03,Fri,MM 5/70+1/25 $2 (2017-10-31..2025-04-04),302575350,2,50,50,50,50,29.5,,,0,0,,megamillions.com,20024116,22488,10012058,14992,10027050,0.03314,3.26,,,,0,,$50,LottoReport parse: date typo on source '08/03/17' -> 2018-08-03
2018-08-07,Tue,MM 5/70+1/25 $2 (2017-10-31..2025-04-04),302575350,2,55,55,55,55,32.5,,,0,0,,megamillions.com,19465212,22644,9732606,15096,9747702,0.03222,3.17,,,,0,,$55,
2018-08-10,Fri,MM 5/70+1/25 $2 (2017-10-31..2025-04-04),302575350,2,63,63,63,63,37.6,,,0,0,,megamillions.com,20253564,22029,10126782,14686,10141468,0.03352,3.30,,,,0,,$63,
2018-08-14,Tue,MM 5/70+1/25 $2 (2017-10-31..2025-04-04),302575350,2,75,75,75,75,44.8,,,0,0,,megamillions.com,20155870,23172,10077935,15448,10093383,0.03336,3.28,,,,0,,$75,
2018-08-17,Fri,MM 5/70+1/25 $2 (2017-10-31..2025-04-04),302575350,2,88,88,88,88,52.8,,,0,0,,megamillions.com,21805082,22641,10902541,15094,10917635,0.03608,3.54,,,,0,,$88,
2018-08-21,Tue,MM 5/70+1/25 $2 (2017-10-31..2025-04-04),302575350,2,102,102,102,102,61.3,,,0,0,,megamillions.com,23807680,25548,11903840,17032,11920872,0.03940,3.86,,,,0,,$102,
2018-08-24,Fri,MM 5/70+1/25 $2 (2017-10-31..2025-04-04),302575350,2,118,118,118,118,71.1,,,0,0,,megamillions.com,25000052,25728,12500026,17152,12517178,0.04137,4.05,,,,0,,$118,
2018-08-28,Tue,MM 5/70+1/25 $2 (2017-10-31..2025-04-04),302575350,2,134,134,134,134,80.4,,,0,0,,megamillions.com,25171742,26457,12585871,17638,12603509,0.04165,4.08,,,,0,,$134,
2018-08-31,Fri,MM 5/70+1/25 $2 (2017-10-31..2025-04-04),302575350,2,152,152,152,152,91.7,,,0,0,,megamillions.com,27405108,28434,13702554,18956,13721510,0.04535,4.43,,,,0,,$152,
2018-09-04,Tue,MM 5/70+1/25 $2 (2017-10-31..2025-04-04),302575350,2,167,167,167,167,99.7,,,0,0,,megamillions.com,25645816,27702,12822908,18468,12841376,0.04244,4.16,,,,0,,$167,
2018-09-07,Fri,MM 5/70+1/25 $2 (2017-10-31..2025-04-04),302575350,2,187,187,187,187,110.9,,,0,0,,megamillions.com,28390056,28116,14195028,18744,14213772,0.04698,4.59,,,,0,,$187,
2018-09-11,Tue,MM 5/70+1/25 $2 (2017-10-31..2025-04-04),302575350,2,207,207,207,207,122.7,,,0,0,,megamillions.com,30841106,31842,15420553,21228,15441781,0.05103,4.98,,,,0,,$207,
2018-09-14,Fri,MM 5/70+1/25 $2 (2017-10-31..2025-04-04),302575350,2,227,227,227,227,133.9,,,0,0,,megamillions.com,32732684,32625,16366342,21750,16388092,0.05416,5.27,,,,0,,$227,
2018-09-18,Tue,MM 5/70+1/25 $2 (2017-10-31..2025-04-04),302575350,2,252,252,252,252,148,,,0,0,,megamillions.com,34033690,35568,17016845,23712,17040557,0.05632,5.48,,,,0,,$252,
2018-09-21,Fri,MM 5/70+1/25 $2 (2017-10-31..2025-04-04),302575350,2,275,275,275,275,160.5,,,0,0,,megamillions.com,35827752,35865,17913876,23910,17937786,0.05928,5.76,,,,0,,$275,
2018-09-25,Tue,MM 5/70+1/25 $2 (2017-10-31..2025-04-04),302575350,2,303,303,303,303,176.1,,,0,0,,megamillions.com,41595776,42663,20797888,28442,20826330,0.06883,6.65,,,,0,,$303,
2018-09-28,Fri,MM 5/70+1/25 $2 (2017-10-31..2025-04-04),302575350,2,336,336,336,336,197.4,,,0,0,,megamillions.com,44799502,43821,22399751,29214,22428965,0.07413,7.14,,,,0,,$336,
2018-10-02,Tue,MM 5/70+1/25 $2 (2017-10-31..2025-04-04),302575350,2,367,367,367,367,213,,,0,0,,megamillions.com,49301642,50001,24650821,33334,24684155,0.08158,7.83,,,,0,,$367,
2018-10-05,Fri,MM 5/70+1/25 $2 (2017-10-31..2025-04-04),302575350,2,420,405,405,420,237.1,,,0,0,,megamillions.com,62933154,60753,31466577,40502,31507079,0.10413,9.89,,,,0,,$405,
2018-10-09,Tue,MM 5/70+1/25 $2 (2017-10-31..2025-04-04),302575350,2,470,470,470,470,265.2,,,0,0,,megamillions.com,75499810,72570,37749905,48380,37798285,0.12492,11.74,,,,0,,$470,
2018-10-12,Fri,MM 5/70+1/25 $2 (2017-10-31..2025-04-04),302575350,2,548,548,548,548,312.2,,,0,0,,megamillions.com,115897968,102489,57948984,68326,58017310,0.19174,17.45,,,,0,,$548,
2018-10-16,Tue,MM 5/70+1/25 $2 (2017-10-31..2025-04-04),302575350,2,667,654,667,667,380,,,0,0,,megamillions.com,210196810,181146,105098405,120764,105219169,0.34775,29.37,,,,0,,$654 $667,
2018-10-19,Fri,MM 5/70+1/25 $2 (2017-10-31..2025-04-04),302575350,2,1000,868,1000,1000,565.6,,,0,0,,megamillions.com,559804572,473088,279902286,315392,280217678,0.92611,60.39,57.0,280000000,"Gordon Medenica (Mega Millions lead director): ~57% of combinations purchased (Washington Post, as quoted by KING5/AP); 280 million tickets sold (NPR 2018-10-24)",0,,$868 $900$970 $1B,
2018-10-23,Tue,MM 5/70+1/25 $2 (2017-10-31..2025-04-04),302575350,2,1600,1600,1537,1600,913.7,1537,877.8,1,1,SC,megamillions.com,739396226,710313,369698113,473542,370171655,1.22340,70.58,,,"Pre-draw projection only (AP/KING5, Oct 2018): ~75% of the 302M combinations expected to be covered; no post-draw coverage figure found. Final jackpot $1.537B, cash ~$877.8M (NPR 2018-10-24)",0,,$1.6 $1.537 B,mmcom_* columns hold the pre-draw advertised $1.6B / $913.7M; final values in final_* columns
2018-10-26,Fri,MM 5/70+1/25 $2 (2017-10-31..2025-04-04),302575350,2,40,40,40,40,22.8,,,0,0,,megamillions.com,32795106,38904,16397553,25936,16423489,0.05428,5.28,,,,0,,$40,
2018-10-30,Tue,MM 5/70+1/25 $2 (2017-10-31..2025-04-04),302575350,2,45,45,45,45,25.6,,,0,0,,megamillions.com,26549262,28788,13274631,19192,13293823,0.04394,4.30,,,,0,,$45,
2018-11-02,Fri,MM 5/70+1/25 $2 (2017-10-31..2025-04-04),302575350,2,52,52,52,52,29.3,,,0,0,,megamillions.com,24946178,40989,12473089,27326,12500415,0.04131,4.05,,,,0,,$52,
2018-11-06,Tue,MM 5/70+1/25 $2 (2017-10-31..2025-04-04),302575350,2,70,70,70,70,39.4,,,0,0,,megamillions.com,24592600,25044,12296300,16696,12312996,0.04069,3.99,,,,0,,$70,
2018-11-09,Fri,MM 5/70+1/25 $2 (2017-10-31..2025-04-04),302575350,2,90,90,90,90,50.8,,,0,0,,megamillions.com,24533210,22911,12266605,15274,12281879,0.04059,3.98,,,,0,,$90,
2018-11-13,Tue,MM 5/70+1/25 $2 (2017-10-31..2025-04-04),302575350,2,106,106,106,106,60.1,,,0,0,,megamillions.com,25151906,24192,12575953,16128,12592081,0.04162,4.08,,,,0,,$106,
2018-11-16,Fri,MM 5/70+1/25 $2 (2017-10-31..2025-04-04),302575350,2,122,122,122,122,69.5,,,0,0,,megamillions.com,25903010,22836,12951505,15224,12966729,0.04285,4.19,,,,0,,$122,
2018-11-20,Tue,MM 5/70+1/25 $2 (2017-10-31..2025-04-04),302575350,2,139,139,139,139,80,,,0,0,,megamillions.com,27056476,24483,13528238,16322,13544560,0.04476,4.38,,,,0,,$139,
2018-11-23,Fri,MM 5/70+1/25 $2 (2017-10-31..2025-04-04),302575350,2,155,155,155,155,89.5,,,0,0,,megamillions.com,24422324,21819,12211162,14546,12225708,0.04041,3.96,,,,1,,$155,
2018-11-27,Tue,MM 5/70+1/25 $2 (2017-10-31..2025-04-04),302575350,2,172,172,172,172,98.8,,,0,0,,megamillions.com,26573610,23313,13286805,15542,13302347,0.04396,4.30,,,,0,,$172,
2018-11-30,Fri,MM 5/70+1/25 $2 (2017-10-31..2025-04-04),302575350,2,190,190,190,190,109.5,,,0,0,,megamillions.com,27948864,24000,13974432,16000,13990432,0.04624,4.52,,,,0,,$190,
2018-12-04,Tue,MM 5/70+1/25 $2 (2017-10-31..2025-04-04),302575350,2,208,208,208,208,121.6,,,0,0,,megamillions.com,29981616,26958,14990808,17972,15008780,0.04960,4.84,,,,0,,$208,
2018-12-07,Fri,MM 5/70+1/25 $2 (2017-10-31..2025-04-04),302575350,2,226,226,226,226,132.9,,,0,0,,megamillions.com,30208410,25542,15104205,17028,15121233,0.04998,4.87,,,,0,,$226,
2018-12-11,Tue,MM 5/70+1/25 $2 (2017-10-31..2025-04-04),302575350,2,245,245,245,245,145.6,,,0,0,,megamillions.com,30754244,26742,15377122,17828,15394950,0.05088,4.96,,,,0,,$245,
2018-12-14,Fri,MM 5/70+1/25 $2 (2017-10-31..2025-04-04),302575350,2,262,262,262,262,154.9,,,0,0,,megamillions.com,32126676,28242,16063338,18828,16082166,0.05315,5.18,,,,0,,$262,
2018-12-18,Tue,MM 5/70+1/25 $2 (2017-10-31..2025-04-04),302575350,2,284,284,284,284,168.9,,,0,0,,megamillions.com,32959566,28971,16479783,19314,16499097,0.05453,5.31,,,,0,,$284,
2018-12-21,Fri,MM 5/70+1/25 $2 (2017-10-31..2025-04-04),302575350,2,305,305,305,305,184,,,0,0,,megamillions.com,37070928,31254,18535464,20836,18556300,0.06133,5.95,,,,0,,$305,
2018-12-25,Tue,MM 5/70+1/25 $2 (2017-10-31..2025-04-04),302575350,2,321,321,321,321,193.9,,,0,0,,megamillions.com,54120748,39255,27060374,26170,27086544,0.08952,8.56,,,,0,,$321,
2018-12-28,Fri,MM 5/70+1/25 $2 (2017-10-31..2025-04-04),302575350,2,370,348,370,370,223.2,,,0,0,,megamillions.com,61435248,45072,30717624,30048,30747672,0.10162,9.66,,,,0,,$348 $370,
2019-01-01,Tue,MM 5/70+1/25 $2 (2017-10-31..2025-04-04),302575350,2,425,415,425,425,254.6,,,1,1,NY,megamillions.com,96474338,73437,48237169,48958,48286127,0.15958,14.75,,,,0,,$415 $425,
2019-01-04,Fri,MM 5/70+1/25 $2 (2017-10-31..2025-04-04),302575350,2,40,40,40,40,24.2,,,0,0,,megamillions.com,22464434,19626,11232217,13084,11245301,0.03717,3.65,,,,0,,$40,
2019-01-08,Tue,MM 5/70+1/25 $2 (2017-10-31..2025-04-04),302575350,2,45,45,45,45,27.1,,,0,0,,megamillions.com,21281994,19533,10640997,13022,10654019,0.03521,3.46,,,,0,,$45,
2019-01-11,Fri,MM 5/70+1/25 $2 (2017-10-31..2025-04-04),302575350,2,50,50,50,50,30,,,0,0,,megamillions.com,21676074,18516,10838037,12344,10850381,0.03586,3.52,,,,0,,$50,
2019-01-15,Tue,MM 5/70+1/25 $2 (2017-10-31..2025-04-04),302575350,2,55,55,55,55,32.9,,,0,0,,megamillions.com,20811100,18708,10405550,12472,10418022,0.03443,3.38,,,,0,,$55,
2019-01-18,Fri,MM 5/70+1/25 $2 (2017-10-31..2025-04-04),302575350,2,68,68,68,68,40.5,,,0,0,,megamillions.com,22181568,18162,11090784,12108,11102892,0.03669,3.60,,,,0,,$68,LottoReport parse: typo-fixed from '$22-181-568'
2019-01-22,Tue,MM 5/70+1/25 $2 (2017-10-31..2025-04-04),302575350,2,82,82,82,82,49,,,0,0,,megamillions.com,20543242,18099,10271621,12066,10283687,0.03399,3.34,,,,0,,$82,
2019-01-25,Fri,MM 5/70+1/25 $2 (2017-10-31..2025-04-04),302575350,2,96,96,96,96,57.5,,,0,0,,megamillions.com,22293118,18522,11146559,12348,11158907,0.03688,3.62,,,,0,,$96,
2019-01-29,Tue,MM 5/70+1/25 $2 (2017-10-31..2025-04-04),302575350,2,109,109,109,109,65.2,,,0,0,,megamillions.com,23644198,20253,11822099,13502,11835601,0.03912,3.84,,,,0,,$109,
2019-02-01,Fri,MM 5/70+1/25 $2 (2017-10-31..2025-04-04),302575350,2,125,125,125,125,75.5,,,0,0,,megamillions.com,24642468,20565,12321234,13710,12334944,0.04077,3.99,,,,0,,$125,
2019-02-05,Tue,MM 5/70+1/25 $2 (2017-10-31..2025-04-04),302575350,2,139,139,139,139,83.5,,,0,0,,megamillions.com,25905356,22284,12952678,14856,12967534,0.04286,4.20,,,,0,,$139,
2019-02-08,Fri,MM 5/70+1/25 $2 (2017-10-31..2025-04-04),302575350,2,157,157,157,157,95.4,,,0,0,,megamillions.com,25910040,20562,12955020,13708,12968728,0.04286,4.20,,,,0,,$157,
2019-02-12,Tue,MM 5/70+1/25 $2 (2017-10-31..2025-04-04),302575350,2,173,173,173,173,104.5,,,0,0,,megamillions.com,25445394,21876,12722697,14584,12737281,0.04210,4.12,,,,0,,$173,
2019-02-15,Fri,MM 5/70+1/25 $2 (2017-10-31..2025-04-04),302575350,2,190,190,190,190,115,,,0,0,,megamillions.com,27432344,21987,13716172,14658,13730830,0.04538,4.44,,,,0,,$190,
2019-02-19,Tue,MM 5/70+1/25 $2 (2017-10-31..2025-04-04),302575350,2,206,206,206,206,125.2,,,0,0,,megamillions.com,28455505,24204,14227752,16136,14243888,0.04708,4.60,,,,0,minor_typo,$206,base sales not a multiple of $2 -> transcription error on source (small)
2019-02-22,Fri,MM 5/70+1/25 $2 (2017-10-31..2025-04-04),302575350,2,224,224,224,224,135.5,,,0,0,,megamillions.com,30801042,24519,15400521,16346,15416867,0.05095,4.97,,,,0,,$224,
2019-02-26,Tue,MM 5/70+1/25 $2 (2017-10-31..2025-04-04),302575350,2,245,245,245,245,148.3,,,0,0,,megamillions.com,32612476,26982,16306238,17988,16324226,0.05395,5.25,,,,0,,$245,
2019-03-01,Fri,MM 5/70+1/25 $2 (2017-10-31..2025-04-04),302575350,2,267,267,267,267,159,,,1,1,NJ,megamillions.com,35432852,28767,17716426,19178,17735604,0.05862,5.69,,,,0,,$267,
2019-03-05,Tue,MM 5/70+1/25 $2 (2017-10-31..2025-04-04),302575350,2,40,40,40,40,23.8,,,0,0,,megamillions.com,20629532,18399,10314766,12266,10327032,0.03413,3.36,,,,0,,$40,
2019-03-08,Fri,MM 5/70+1/25 $2 (2017-10-31..2025-04-04),302575350,2,45,45,45,45,27.1,,,0,0,,megamillions.com,21522560,17664,10761280,11776,10773056,0.03560,3.50,,,,0,,$45,
2019-03-12,Tue,MM 5/70+1/25 $2 (2017-10-31..2025-04-04),302575350,2,50,50,50,50,30.2,,,1,1,MO,megamillions.com,21336740,18450,10668370,12300,10680670,0.03530,3.47,,,,0,,$50,
2019-03-15,Fri,MM 5/70+1/25 $2 (2017-10-31..2025-04-04),302575350,2,40,40,40,40,24.3,,,0,0,,megamillions.com,21717320,18489,10858660,12326,10870986,0.03593,3.53,,,,0,,$40,
2019-03-19,Tue,MM 5/70+1/25 $2 (2017-10-31..2025-04-04),302575350,2,45,45,45,45,27.1,,,0,0,,megamillions.com,22937912,20610,11468956,13740,11482696,0.03795,3.72,,,,0,,$45,
2019-03-22,Fri,MM 5/70+1/25 $2 (2017-10-31..2025-04-04),302575350,2,50,50,50,50,30.9,,,0,0,,megamillions.com,25265906,21492,12632953,14328,12647281,0.04180,4.09,,,,0,,$50,
2019-03-26,Tue,MM 5/70+1/25 $2 (2017-10-31..2025-04-04),302575350,2,57,57,57,57,35.4,,,0,0,,megamillions.com,26273314,24354,13136657,16236,13152893,0.04347,4.25,,,,0,,$57,
2019-03-29,Fri,MM 5/70+1/25 $2 (2017-10-31..2025-04-04),302575350,2,75,75,75,75,46.9,,,0,0,,megamillions.com,25797162,22902,12898581,15268,12913849,0.04268,4.18,,,,0,,$75,
2019-04-02,Tue,MM 5/70+1/25 $2 (2017-10-31..2025-04-04),302575350,2,88,88,88,88,54,,,0,0,,megamillions.com,23458094,19509,11729047,13006,11742053,0.03881,3.81,,,,0,,$88,
2019-04-05,Fri,MM 5/70+1/25 $2 (2017-10-31..2025-04-04),302575350,2,104,104,104,104,63.6,,,0,0,,megamillions.com,26355556,20934,13177778,13956,13191734,0.04360,4.27,,,,0,,$104,
2019-04-09,Tue,MM 5/70+1/25 $2 (2017-10-31..2025-04-04),302575350,2,120,120,120,120,73.6,,,0,0,,megamillions.com,26482950,22233,13241475,14822,13256297,0.04381,4.29,,,,0,,$120,
2019-04-12,Fri,MM 5/70+1/25 $2 (2017-10-31..2025-04-04),302575350,2,140,140,140,140,85.1,,,0,0,,megamillions.com,27453880,20931,13726940,13954,13740894,0.04541,4.44,,,,0,,$140,
2019-04-16,Tue,MM 5/70+1/25 $2 (2017-10-31..2025-04-04),302575350,2,157,157,157,157,95.2,,,0,0,,megamillions.com,27409696,22626,13704848,15084,13719932,0.04534,4.43,,,,0,,$157,
2019-04-19,Fri,MM 5/70+1/25 $2 (2017-10-31..2025-04-04),302575350,2,175,175,175,175,106.4,,,0,0,,megamillions.com,28366940,21999,14183470,14666,14198136,0.04692,4.58,,,,0,,$175,
2019-04-23,Tue,MM 5/70+1/25 $2 (2017-10-31..2025-04-04),302575350,2,192,192,192,192,116.4,,,0,0,,megamillions.com,28717032,23406,14358516,15604,14374120,0.04751,4.64,,,,0,,$192,
2019-04-26,Fri,MM 5/70+1/25 $2 (2017-10-31..2025-04-04),302575350,2,212,212,212,212,129.9,,,0,0,,megamillions.com,31594966,24687,15797483,16458,15813941,0.05226,5.09,,,,0,,$212,
2019-04-30,Tue,MM 5/70+1/25 $2 (2017-10-31..2025-04-04),302575350,2,229,229,229,229,139.8,,,0,0,,megamillions.com,32556012,26586,16278006,17724,16295730,0.05386,5.24,,,,0,,$229,
2019-05-03,Fri,MM 5/70+1/25 $2 (2017-10-31..2025-04-04),302575350,2,252,252,252,252,154.3,,,0,0,,megamillions.com,35083970,41289,17541985,27526,17569511,0.05807,5.64,,,,0,,$252,
2019-05-07,Tue,MM 5/70+1/25 $2 (2017-10-31..2025-04-04),302575350,2,273,273,273,273,168.3,,,0,0,,megamillions.com,34912234,28770,17456117,19180,17475297,0.05776,5.61,,,,0,,$273,
2019-05-10,Fri,MM 5/70+1/25 $2 (2017-10-31..2025-04-04),302575350,2,295,295,295,295,182.5,,,0,0,,megamillions.com,36177822,28539,18088911,19026,18107937,0.05985,5.81,,,,0,,$295,
2019-05-14,Tue,MM 5/70+1/25 $2 (2017-10-31..2025-04-04),302575350,2,316,316,316,316,196.2,,,0,0,,megamillions.com,38772718,30609,19386359,20406,19406765,0.06414,6.21,,,,0,,$316,
2019-05-17,Fri,MM 5/70+1/25 $2 (2017-10-31..2025-04-04),302575350,2,339,339,339,339,210.6,,,0,0,,megamillions.com,40550800,29811,20275400,19874,20295274,0.06708,6.49,,,,0,,$339,
2019-05-21,Tue,MM 5/70+1/25 $2 (2017-10-31..2025-04-04),302575350,2,367,367,367,367,228,,,0,0,,megamillions.com,42193030,33153,21096515,22102,21118617,0.06980,6.74,,,,0,,$367,
2019-05-24,Fri,MM 5/70+1/25 $2 (2017-10-31..2025-04-04),302575350,2,393,393,393,393,247.6,,,0,0,,megamillions.com,44841290,32481,22420645,21654,22442299,0.07417,7.15,,,,0,,$393,
2019-05-28,Tue,MM 5/70+1/25 $2 (2017-10-31..2025-04-04),302575350,2,418,418,418,418,264.7,,,0,0,,megamillions.com,47209118,36945,23604559,24630,23629189,0.07809,7.51,,,,0,,$418,
2019-05-31,Fri,MM 5/70+1/25 $2 (2017-10-31..2025-04-04),302575350,2,444,444,444,444,287,,,0,0,,megamillions.com,60047346,44157,30023673,29438,30053111,0.09932,9.46,,,,0,,$444,
2019-06-04,Tue,MM 5/70+1/25 $2 (2017-10-31..2025-04-04),302575350,2,475,475,475,475,308.2,,,0,0,,megamillions.com,65879032,50502,32939516,33668,32973184,0.10898,10.32,,,,0,,$475,
2019-06-07,Fri,MM 5/70+1/25 $2 (2017-10-31..2025-04-04),302575350,2,530,530,530,530,345.2,,,1,1,CA,megamillions.com,83172834,66990,41586417,44660,41631077,0.13759,12.85,,,,0,,$530,
2019-06-11,Tue,MM 5/70+1/25 $2 (2017-10-31..2025-04-04),302575350,2,40,40,40,40,25.8,,,0,0,,megamillions.com,20663238,17472,10331619,11648,10343267,0.03418,3.36,,,,0,,$40,
2019-06-14,Fri,MM 5/70+1/25 $2 (2017-10-31..2025-04-04),302575350,2,45,45,45,45,29.2,,,0,0,,megamillions.com,20695674,17493,10347837,11662,10359499,0.03424,3.37,,,,0,,$45,
2019-06-18,Tue,MM 5/70+1/25 $2 (2017-10-31..2025-04-04),302575350,2,50,50,50,50,32.7,,,0,0,,megamillions.com,20044576,17064,10022288,11376,10033664,0.03316,3.26,,,,0,,$50,
2019-06-21,Fri,MM 5/70+1/25 $2 (2017-10-31..2025-04-04),302575350,2,55,55,55,55,36,,,0,0,,megamillions.com,20840758,16005,10420379,10670,10431049,0.03447,3.39,,,,0,,$55,
2019-06-25,Tue,MM 5/70+1/25 $2 (2017-10-31..2025-04-04),302575350,2,60,60,60,60,39.4,,,0,0,,megamillions.com,20091960,17019,10045980,11346,10057326,0.03324,3.27,,,,0,,$60,
2019-06-28,Fri,MM 5/70+1/25 $2 (2017-10-31..2025-04-04),302575350,2,71,71,71,71,46.5,,,0,0,,megamillions.com,21036832,16557,10518416,11038,10529454,0.03480,3.42,,,,0,,$71,
2019-07-02,Tue,MM 5/70+1/25 $2 (2017-10-31..2025-04-04),302575350,2,83,83,83,83,54.1,,,0,0,,megamillions.com,21108372,17925,10554186,11950,10566136,0.03492,3.43,,,,0,,$83,
2019-07-05,Fri,MM 5/70+1/25 $2 (2017-10-31..2025-04-04),302575350,2,95,95,95,95,62.5,,,0,0,,megamillions.com,20814566,16545,10407283,11030,10418313,0.03443,3.38,,,,0,,$95,
2019-07-09,Tue,MM 5/70+1/25 $2 (2017-10-31..2025-04-04),302575350,2,107,107,107,107,69.5,,,0,0,,megamillions.com,22323860,18246,11161930,12164,11174094,0.03693,3.63,,,,0,,$107,
2019-07-12,Fri,MM 5/70+1/25 $2 (2017-10-31..2025-04-04),302575350,2,121,121,121,121,77.5,,,0,0,,megamillions.com,23685426,18645,11842713,12430,11855143,0.03918,3.84,,,,0,,$121,
2019-07-16,Tue,MM 5/70+1/25 $2 (2017-10-31..2025-04-04),302575350,2,137,137,137,137,87.9,,,0,0,,megamillions.com,24951818,20289,12475909,13526,12489435,0.04128,4.04,,,,0,,$137,
2019-07-19,Fri,MM 5/70+1/25 $2 (2017-10-31..2025-04-04),302575350,2,154,154,154,154,99.8,,,0,0,,megamillions.com,26616620,20868,13308310,13912,13322222,0.04403,4.31,,,,0,,$154,
2019-07-23,Tue,MM 5/70+1/25 $2 (2017-10-31..2025-04-04),302575350,2,168,168,168,168,108.5,,,1,1,NH,megamillions.com,26648678,21639,13324339,14426,13338765,0.04408,4.31,,,,0,,$168,
2019-07-26,Fri,MM 5/70+1/25 $2 (2017-10-31..2025-04-04),302575350,2,40,40,40,40,25.9,,,0,0,,megamillions.com,18495486,15336,9247743,10224,9257967,0.03060,3.01,,,,0,,$40,
2019-07-30,Tue,MM 5/70+1/25 $2 (2017-10-31..2025-04-04),302575350,2,45,45,45,45,29.2,,,0,0,,megamillions.com,17852484,15021,8926242,10014,8936256,0.02953,2.91,,,,0,,$45,
2019-08-02,Fri,MM 5/70+1/25 $2 (2017-10-31..2025-04-04),302575350,2,50,50,50,50,33.3,,,0,0,,megamillions.com,19073854,14748,9536927,9832,9546759,0.03155,3.11,,,,0,,$50,
2019-08-06,Tue,MM 5/70+1/25 $2 (2017-10-31..2025-04-04),302575350,2,55,55,55,55,37.3,,,0,0,,megamillions.com,18442546,15483,9221273,10322,9231595,0.03051,3.00,,,,0,,$55,
2019-08-09,Fri,MM 5/70+1/25 $2 (2017-10-31..2025-04-04),302575350,2,60,60,60,60,41.3,,,0,0,,megamillions.com,18906232,14514,9453116,9676,9462792,0.03127,3.08,,,,0,,$60,
2019-08-13,Tue,MM 5/70+1/25 $2 (2017-10-31..2025-04-04),302575350,2,65,65,65,65,45.5,,,0,0,,megamillions.com,18414234,15534,9207117,10356,9217473,0.03046,3.00,,,,0,,$65,
2019-08-16,Fri,MM 5/70+1/25 $2 (2017-10-31..2025-04-04),302575350,2,70,70,70,70,49.7,,,0,0,,megamillions.com,19089584,14481,9544792,9654,9554446,0.03158,3.11,,,,0,,$70,
2019-08-20,Tue,MM 5/70+1/25 $2 (2017-10-31..2025-04-04),302575350,2,79,79,79,79,56.1,,,0,0,,megamillions.com,19153708,15546,9576854,10364,9587218,0.03169,3.12,,,,0,,$79,
2019-08-23,Fri,MM 5/70+1/25 $2 (2017-10-31..2025-04-04),302575350,2,90,90,90,90,63.2,,,0,0,,megamillions.com,21024520,16173,10512260,10782,10523042,0.03478,3.42,,,,0,,$90,
2019-08-27,Tue,MM 5/70+1/25 $2 (2017-10-31..2025-04-04),302575350,2,103,103,103,103,73.7,,,0,0,,megamillions.com,22637126,17910,11318563,11940,11330503,0.03745,3.68,,,,0,,$103,
2019-08-30,Fri,MM 5/70+1/25 $2 (2017-10-31..2025-04-04),302575350,2,113,113,113,113,80.7,,,0,0,,megamillions.com,24275640,18804,12137820,12536,12150356,0.04016,3.94,,,,0,,$113,
2019-09-03,Tue,MM 5/70+1/25 $2 (2017-10-31..2025-04-04),302575350,2,127,127,127,127,90.9,,,0,0,,megamillions.com,23087222,19803,11543611,13202,11556813,0.03819,3.75,,,,0,,$127,
2019-09-06,Fri,MM 5/70+1/25 $2 (2017-10-31..2025-04-04),302575350,2,139,139,139,139,98.7,,,0,0,,megamillions.com,25323082,19479,12661541,12986,12674527,0.04189,4.10,,,,0,,$139,
2019-09-10,Tue,MM 5/70+1/25 $2 (2017-10-31..2025-04-04),302575350,2,154,154,154,154,107.7,,,0,0,,megamillions.com,26216662,21291,13108331,14194,13122525,0.04337,4.24,,,,0,,$154,
2019-09-13,Fri,MM 5/70+1/25 $2 (2017-10-31..2025-04-04),302575350,2,172,172,172,172,117.1,,,0,0,,megamillions.com,28930140,22878,14465070,15252,14480322,0.04786,4.67,,,,0,,$172,
2019-09-17,Tue,MM 5/70+1/25 $2 (2017-10-31..2025-04-04),302575350,2,192,192,192,192,130.4,,,0,0,,megamillions.com,29205308,24006,14602654,16004,14618658,0.04831,4.72,,,,0,,$192,
2019-09-20,Fri,MM 5/70+1/25 $2 (2017-10-31..2025-04-04),302575350,2,211,211,211,211,145.5,,,0,0,,megamillions.com,32575118,25155,16287559,16770,16304329,0.05389,5.25,,,,0,,$211,
2019-09-24,Tue,MM 5/70+1/25 $2 (2017-10-31..2025-04-04),302575350,2,227,227,227,227,158.4,,,1,1,TX,megamillions.com,34082928,28413,17041464,18942,17060406,0.05638,5.48,,,,0,,$227,Texas Lottery lists 1 Texas jackpot winner (CVO)
2019-09-27,Fri,MM 5/70+1/25 $2 (2017-10-31..2025-04-04),302575350,2,40,40,40,40,27.8,,,0,0,,megamillions.com,18642846,14448,9321423,9632,9331055,0.03084,3.04,,,,0,,$40,
2019-10-01,Tue,MM 5/70+1/25 $2 (2017-10-31..2025-04-04),302575350,2,45,45,45,45,31.7,,,0,0,,megamillions.com,17909648,14982,8954824,9988,8964812,0.02963,2.92,,,,0,,$45,
2019-10-04,Fri,MM 5/70+1/25 $2 (2017-10-31..2025-04-04),302575350,2,50,50,50,50,36.1,,,0,0,,megamillions.com,18736344,14826,9368172,9884,9378056,0.03099,3.05,,,,0,,$50,
2019-10-08,Tue,MM 5/70+1/25 $2 (2017-10-31..2025-04-04),302575350,2,55,55,55,55,39,,,0,0,,megamillions.com,18121066,15297,9060533,10198,9070731,0.02998,2.95,,,,0,,$55,
2019-10-11,Fri,MM 5/70+1/25 $2 (2017-10-31..2025-04-04),302575350,2,60,60,60,60,41.2,,,0,0,,megamillions.com,18663466,14313,9331733,9542,9341275,0.03087,3.04,,,,0,,$60,
2019-10-15,Tue,MM 5/70+1/25 $2 (2017-10-31..2025-04-04),302575350,2,65,65,65,65,44.7,,,0,0,,megamillions.com,18350274,15534,9175137,10356,9185493,0.03036,2.99,,,,0,,$65,
2019-10-18,Fri,MM 5/70+1/25 $2 (2017-10-31..2025-04-04),302575350,2,71,71,71,71,48.4,,,0,0,,megamillions.com,19371880,15507,9685940,10338,9696278,0.03205,3.15,,,,0,,$71,
2019-10-22,Tue,MM 5/70+1/25 $2 (2017-10-31..2025-04-04),302575350,2,82,82,82,82,55.8,,,0,0,,megamillions.com,18971984,16035,9485992,10690,9496682,0.03139,3.09,,,,0,,$82,
2019-10-25,Fri,MM 5/70+1/25 $2 (2017-10-31..2025-04-04),302575350,2,93,93,93,93,63.2,,,0,0,,megamillions.com,20156926,15975,10078463,10650,10089113,0.03334,3.28,,,,0,,$93,
2019-10-29,Tue,MM 5/70+1/25 $2 (2017-10-31..2025-04-04),302575350,2,105,105,105,105,70.6,,,0,0,,megamillions.com,20704082,17739,10352041,11826,10363867,0.03425,3.37,,,,0,,$105,
2019-11-01,Fri,MM 5/70+1/25 $2 (2017-10-31..2025-04-04),302575350,2,118,118,118,118,81.3,,,0,0,,megamillions.com,22072368,17328,11036184,11552,11047736,0.03651,3.59,,,,0,,$118,
2019-11-05,Tue,MM 5/70+1/25 $2 (2017-10-31..2025-04-04),302575350,2,127,127,127,127,85.5,,,0,0,,megamillions.com,24067760,20475,12033880,13650,12047530,0.03982,3.90,,,,0,,$127,
2019-11-08,Fri,MM 5/70+1/25 $2 (2017-10-31..2025-04-04),302575350,2,145,145,145,145,96.2,,,0,0,,megamillions.com,25447630,20517,12723815,13678,12737493,0.04210,4.12,,,,0,,$145,
2019-11-12,Tue,MM 5/70+1/25 $2 (2017-10-31..2025-04-04),302575350,2,163,163,163,163,108,,,0,0,,megamillions.com,25931794,21333,12965897,14222,12980119,0.04290,4.20,,,,0,,$163,
2019-11-15,Fri,MM 5/70+1/25 $2 (2017-10-31..2025-04-04),302575350,2,178,178,178,178,119.9,,,0,0,,megamillions.com,28137812,21513,14068906,14342,14083248,0.04654,4.55,,,,0,,$178,
2019-11-19,Tue,MM 5/70+1/25 $2 (2017-10-31..2025-04-04),302575350,2,192,192,192,192,130.2,,,0,0,,megamillions.com,29546482,24288,14773241,16192,14789433,0.04888,4.77,,,,0,,$192,
2019-11-22,Fri,MM 5/70+1/25 $2 (2017-10-31..2025-04-04),302575350,2,208,208,208,208,142,,,0,0,,megamillions.com,33168218,26070,16584109,17380,16601489,0.05487,5.34,,,,0,,$208,
2019-11-26,Tue,MM 5/70+1/25 $2 (2017-10-31..2025-04-04),302575350,2,226,226,226,226,155.7,,,0,0,,megamillions.com,35156800,29250,17578400,19500,17597900,0.05816,5.65,,,,0,,$226,
2019-11-29,Fri,MM 5/70+1/25 $2 (2017-10-31..2025-04-04),302575350,2,243,243,243,243,166.5,,,0,0,,megamillions.com,32792890,26838,16396445,17892,16414337,0.05425,5.28,,,,0,,$243,
2019-12-03,Tue,MM 5/70+1/25 $2 (2017-10-31..2025-04-04),302575350,2,266,266,266,266,182.6,,,0,0,,megamillions.com,36879814,31338,18439907,20892,18460799,0.06101,5.92,,,,0,,$266,
2019-12-06,Fri,MM 5/70+1/25 $2 (2017-10-31..2025-04-04),302575350,2,285,285,285,285,192.6,,,0,0,,megamillions.com,38686426,30855,19343213,20570,19363783,0.06400,6.20,,,,0,,$285,
2019-12-10,Tue,MM 5/70+1/25 $2 (2017-10-31..2025-04-04),302575350,2,314,314,314,314,213.1,,,0,0,,megamillions.com,45484820,36915,22742410,24610,22767020,0.07524,7.25,,,,0,,$314,
2019-12-13,Fri,MM 5/70+1/25 $2 (2017-10-31..2025-04-04),302575350,2,340,340,340,340,230,,,0,0,,megamillions.com,51889938,39465,25944969,26310,25971279,0.08583,8.23,,,,0,,$340,
2019-12-17,Tue,MM 5/70+1/25 $2 (2017-10-31..2025-04-04),302575350,2,372,372,372,372,251.5,,,1,1,OH,megamillions.com,54306202,42441,27153101,28294,27181395,0.08983,8.59,,,,0,,$372,
2019-12-20,Fri,MM 5/70+1/25 $2 (2017-10-31..2025-04-04),302575350,2,40,40,40,40,26.7,,,0,0,,megamillions.com,19536898,14532,9768449,9688,9778137,0.03232,3.18,,,,0,,$40,
2019-12-24,Tue,MM 5/70+1/25 $2 (2017-10-31..2025-04-04),302575350,2,45,45,45,45,30,,,0,0,,megamillions.com,22322322,17580,11161161,11720,11172881,0.03693,3.63,,,,0,,$45,
2019-12-27,Fri,MM 5/70+1/25 $2 (2017-10-31..2025-04-04),302575350,2,50,50,50,50,33.7,,,0,0,,megamillions.com,18128070,14478,9064035,9652,9073687,0.02999,2.95,,,,0,,$50,
2019-12-31,Tue,MM 5/70+1/25 $2 (2017-10-31..2025-04-04),302575350,2,55,55,55,55,36.6,,,0,0,,megamillions.com,23653644,19560,11826822,13040,11839862,0.03913,3.84,,,,0,,$55,
2020-01-03,Fri,MM 5/70+1/25 $2 (2017-10-31..2025-04-04),302575350,2,60,60,60,60,40.3,,,0,0,,megamillions.com,19437620,14853,9718810,9902,9728712,0.03215,3.16,,,,0,,$60,
2020-01-07,Tue,MM 5/70+1/25 $2 (2017-10-31..2025-04-04),302575350,2,69,69,69,69,46.5,,,0,0,,megamillions.com,19539964,16572,9769982,11048,9781030,0.03233,3.18,,,,0,,$69,
2020-01-10,Fri,MM 5/70+1/25 $2 (2017-10-31..2025-04-04),302575350,2,80,80,80,80,53.7,,,0,0,,megamillions.com,20421334,15489,10210667,10326,10220993,0.03378,3.32,,,,0,,$80,
2020-01-14,Tue,MM 5/70+1/25 $2 (2017-10-31..2025-04-04),302575350,2,91,91,91,91,61.4,,,0,0,,megamillions.com,20403386,15927,10201693,10618,10212311,0.03375,3.32,,,,0,,$91,
2020-01-17,Fri,MM 5/70+1/25 $2 (2017-10-31..2025-04-04),302575350,2,103,103,103,103,69.2,,,0,0,,megamillions.com,23250148,17511,11625074,11674,11636748,0.03846,3.77,,,,0,,$103,
2020-01-21,Tue,MM 5/70+1/25 $2 (2017-10-31..2025-04-04),302575350,2,116,116,116,116,78.6,,,0,0,,megamillions.com,22786240,18099,11393120,12066,11405186,0.03769,3.70,,,,0,,$116,
2020-01-24,Fri,MM 5/70+1/25 $2 (2017-10-31..2025-04-04),302575350,2,130,130,130,130,89.5,,,0,0,,megamillions.com,24915850,18654,12457925,12436,12470361,0.04121,4.04,,,,0,,$130,
2020-01-28,Tue,MM 5/70+1/25 $2 (2017-10-31..2025-04-04),302575350,2,141,141,141,141,98.6,,,0,0,,megamillions.com,25638768,19950,12819384,13300,12832684,0.04241,4.15,,,,0,,$141,
2020-01-31,Fri,MM 5/70+1/25 $2 (2017-10-31..2025-04-04),302575350,2,155,155,155,155,109.6,,,0,0,,megamillions.com,28219822,21498,14109911,14332,14124243,0.04668,4.56,,,,0,,$155,
2020-02-04,Tue,MM 5/70+1/25 $2 (2017-10-31..2025-04-04),302575350,2,168,168,168,168,117.6,,,0,0,,megamillions.com,28713654,23502,14356827,15668,14372495,0.04750,4.64,,,,0,,$168,
2020-02-07,Fri,MM 5/70+1/25 $2 (2017-10-31..2025-04-04),302575350,2,187,187,187,187,131.5,,,0,0,,megamillions.com,28891274,21384,14445637,14256,14459893,0.04779,4.67,,,,0,,$187,
2020-02-11,Tue,MM 5/70+1/25 $2 (2017-10-31..2025-04-04),302575350,2,202,202,202,202,142.2,,,1,1,NJ,megamillions.com,32657374,25626,16328687,17084,16345771,0.05402,5.26,,,,0,,$202,
2020-02-14,Fri,MM 5/70+1/25 $2 (2017-10-31..2025-04-04),302575350,2,40,40,40,40,28.2,,,0,0,,megamillions.com,19107524,14157,9553762,9438,9563200,0.03161,3.11,,,,0,,$40,
2020-02-18,Tue,MM 5/70+1/25 $2 (2017-10-31..2025-04-04),302575350,2,45,45,45,45,31.7,,,0,0,,megamillions.com,17957272,14538,8978636,9692,8988328,0.02971,2.93,,,,0,,$45,
2020-02-21,Fri,MM 5/70+1/25 $2 (2017-10-31..2025-04-04),302575350,2,50,50,50,50,35.9,,,0,0,,megamillions.com,18945014,13992,9472507,9328,9481835,0.03134,3.09,,,,0,,$50,
2020-02-25,Tue,MM 5/70+1/25 $2 (2017-10-31..2025-04-04),302575350,2,55,55,55,55,39.3,,,0,0,,megamillions.com,18498060,15126,9249030,10084,9259114,0.03060,3.01,,,,0,,$55,
2020-02-28,Fri,MM 5/70+1/25 $2 (2017-10-31..2025-04-04),302575350,2,60,60,60,60,44.9,,,0,0,,megamillions.com,19358032,14634,9679016,9756,9688772,0.03202,3.15,,,,0,,$60,
2020-03-03,Tue,MM 5/70+1/25 $2 (2017-10-31..2025-04-04),302575350,2,65,65,65,65,48.6,,,0,0,,megamillions.com,19433878,16110,9716939,10740,9727679,0.03215,3.16,,,,0,,$65,
2020-03-06,Fri,MM 5/70+1/25 $2 (2017-10-31..2025-04-04),302575350,2,70,70,70,70,56.6,,,0,0,,megamillions.com,19705240,15309,9852620,10206,9862826,0.03260,3.21,,,,0,,$70,
2020-03-10,Tue,MM 5/70+1/25 $2 (2017-10-31..2025-04-04),302575350,2,75,75,75,75,61.3,,,0,0,,megamillions.com,19106176,15744,9553088,10496,9563584,0.03161,3.11,,,,0,,$75,
2020-03-13,Fri,MM 5/70+1/25 $2 (2017-10-31..2025-04-04),302575350,2,80,80,80,80,61.7,,,0,0,,megamillions.com,19635642,15105,9817821,10070,9827891,0.03248,3.20,,,,0,,$80,
2020-03-17,Tue,MM 5/70+1/25 $2 (2017-10-31..2025-04-04),302575350,2,90,90,90,90,71.3,,,0,0,,megamillions.com,17976942,14892,8988471,9928,8998399,0.02974,2.93,,,,0,,$90,
2020-03-20,Fri,MM 5/70+1/25 $2 (2017-10-31..2025-04-04),302575350,2,96,96,96,96,72.7,,,0,0,,megamillions.com,17169996,14148,8584998,9432,8594430,0.02840,2.80,,,,0,,$96,
2020-03-24,Tue,MM 5/70+1/25 $2 (2017-10-31..2025-04-04),302575350,2,101,101,101,101,79.2,,,0,0,,megamillions.com,16356360,14322,8178180,9548,8187728,0.02706,2.67,,,,0,,$101,
2020-03-27,Fri,MM 5/70+1/25 $2 (2017-10-31..2025-04-04),302575350,2,107,107,107,107,85.5,,,0,0,,megamillions.com,16596302,13878,8298151,9252,8307403,0.02746,2.71,,,,0,,$107,
2020-03-31,Tue,MM 5/70+1/25 $2 (2017-10-31..2025-04-04),302575350,2,113,113,113,113,90.4,,,0,0,,megamillions.com,16026794,14286,8013397,9524,8022921,0.02652,2.62,,,,0,,$113,
2020-04-03,Fri,MM 5/70+1/25 $2 (2017-10-31..2025-04-04),302575350,2,121,121,121,121,98.2,,,0,0,,megamillions.com,16714464,13764,8357232,9176,8366408,0.02765,2.73,,,,0,,$121,
2020-04-07,Tue,MM 5/70+1/25 $2 (2017-10-31..2025-04-04),302575350,2,127,127,127,127,101.1,,,0,0,,megamillions.com,15957810,14691,7978905,9794,7988699,0.02640,2.61,,,,0,,$127,
2020-04-10,Fri,MM 5/70+1/25 $2 (2017-10-31..2025-04-04),302575350,2,136,136,136,136,108.1,,,0,0,,megamillions.com,17840642,15144,8920321,10096,8930417,0.02951,2.91,,,,0,,$136,
2020-04-14,Tue,MM 5/70+1/25 $2 (2017-10-31..2025-04-04),302575350,2,145,145,145,145,114.7,,,0,0,,megamillions.com,18710742,17676,9355371,11784,9367155,0.03096,3.05,,,,0,,$145,
2020-04-17,Fri,MM 5/70+1/25 $2 (2017-10-31..2025-04-04),302575350,2,159,159,159,159,129.7,,,0,0,,megamillions.com,21264236,19098,10632118,12732,10644850,0.03518,3.46,,,,0,,$159,
2020-04-21,Tue,MM 5/70+1/25 $2 (2017-10-31..2025-04-04),302575350,2,164,164,164,164,134.7,,,0,0,,megamillions.com,21458690,19527,10729345,13018,10742363,0.03550,3.49,,,,0,,$164,
2020-04-24,Fri,MM 5/70+1/25 $2 (2017-10-31..2025-04-04),302575350,2,174,174,174,174,141.4,,,0,0,,megamillions.com,22616696,19248,11308348,12832,11321180,0.03742,3.67,,,,0,,$174,
2020-04-28,Tue,MM 5/70+1/25 $2 (2017-10-31..2025-04-04),302575350,2,186,186,186,186,150.4,,,0,0,,megamillions.com,23352652,20412,11676326,13608,11689934,0.03863,3.79,,,,0,,$186,
2020-05-01,Fri,MM 5/70+1/25 $2 (2017-10-31..2025-04-04),302575350,2,200,200,200,200,161,,,0,0,,megamillions.com,27605892,22698,13802946,15132,13818078,0.04567,4.46,,,,0,,$200,
2020-05-05,Tue,MM 5/70+1/25 $2 (2017-10-31..2025-04-04),302575350,2,215,215,215,215,172.1,,,0,0,,megamillions.com,28006956,24798,14003478,16532,14020010,0.04634,4.53,,,,0,,$215,
2020-05-08,Fri,MM 5/70+1/25 $2 (2017-10-31..2025-04-04),302575350,2,231,231,231,231,183.9,,,0,0,,megamillions.com,29420136,25395,14710068,16930,14726998,0.04867,4.75,,,,0,,$231,
2020-05-12,Tue,MM 5/70+1/25 $2 (2017-10-31..2025-04-04),302575350,2,248,248,248,248,195.8,,,0,0,,megamillions.com,30789798,28002,15394899,18668,15413567,0.05094,4.97,,,,0,,$248,
2020-05-15,Fri,MM 5/70+1/25 $2 (2017-10-31..2025-04-04),302575350,2,266,266,266,266,215.3,,,0,0,,megamillions.com,32141032,27735,16070516,18490,16089006,0.05317,5.18,,,,0,,$266,
2020-05-19,Tue,MM 5/70+1/25 $2 (2017-10-31..2025-04-04),302575350,2,274,274,274,274,216,,,0,0,,megamillions.com,33119458,30675,16559729,20450,16580179,0.05480,5.33,,,,0,,$274,
2020-05-22,Fri,MM 5/70+1/25 $2 (2017-10-31..2025-04-04),302575350,2,298,298,298,298,237.8,,,0,0,,megamillions.com,35803170,31278,17901585,20852,17922437,0.05923,5.75,,,,0,,$298,
2020-05-26,Tue,MM 5/70+1/25 $2 (2017-10-31..2025-04-04),302575350,2,313,313,313,313,247.4,,,0,0,,megamillions.com,36702104,32478,18351052,21652,18372704,0.06072,5.89,,,,0,,$313,
2020-05-29,Fri,MM 5/70+1/25 $2 (2017-10-31..2025-04-04),302575350,2,336,336,336,336,264.7,,,0,0,,megamillions.com,40266604,34794,20133302,23196,20156498,0.06662,6.44,,,,0,,$336,
2020-06-02,Tue,MM 5/70+1/25 $2 (2017-10-31..2025-04-04),302575350,2,356,356,356,356,280.3,,,0,0,,megamillions.com,42031096,38481,21015548,25654,21041202,0.06954,6.72,,,,0,,$356,
2020-06-05,Fri,MM 5/70+1/25 $2 (2017-10-31..2025-04-04),302575350,2,378,378,378,378,284.2,,,0,0,,megamillions.com,44682478,39897,22341239,26598,22367837,0.07392,7.13,,,,0,,$378,
2020-06-09,Tue,MM 5/70+1/25 $2 (2017-10-31..2025-04-04),302575350,2,410,410,410,410,316.8,,,1,1,AZ,megamillions.com,55142494,48813,27571247,32542,27603789,0.09123,8.72,,,,0,,$410,
2020-06-12,Fri,MM 5/70+1/25 $2 (2017-10-31..2025-04-04),302575350,2,20,20,20,20,15.7,,,0,0,,megamillions.com,18787416,16650,9393708,11100,9404808,0.03108,3.06,,,,0,,$20,
2020-06-16,Tue,MM 5/70+1/25 $2 (2017-10-31..2025-04-04),302575350,2,22,22,22,22,17,,,0,0,,megamillions.com,17905200,16470,8952600,10980,8963580,0.02962,2.92,,,,0,,$22,
2020-06-19,Fri,MM 5/70+1/25 $2 (2017-10-31..2025-04-04),302575350,2,26,26,26,26,20.3,,,0,0,,megamillions.com,18236308,15561,9118154,10374,9128528,0.03017,2.97,,,,0,,$26,
2020-06-23,Tue,MM 5/70+1/25 $2 (2017-10-31..2025-04-04),302575350,2,35,35,35,35,27.4,,,0,0,,megamillions.com,18610206,17259,9305103,11506,9316609,0.03079,3.03,,,,0,,$35,
2020-06-26,Fri,MM 5/70+1/25 $2 (2017-10-31..2025-04-04),302575350,2,44,44,44,44,35,,,0,0,,megamillions.com,19342956,16128,9671478,10752,9682230,0.03200,3.15,,,,0,,$44,
2020-06-30,Tue,MM 5/70+1/25 $2 (2017-10-31..2025-04-04),302575350,2,53,53,53,53,42.3,,,0,0,,megamillions.com,19563638,18723,9781819,12482,9794301,0.03237,3.19,,,,0,,$53,
2020-07-03,Fri,MM 5/70+1/25 $2 (2017-10-31..2025-04-04),302575350,2,62,62,62,62,48.6,,,0,0,,megamillions.com,20854600,18090,10427300,12060,10439360,0.03450,3.39,,,,0,,$62,
2020-07-07,Tue,MM 5/70+1/25 $2 (2017-10-31..2025-04-04),302575350,2,73,73,73,73,57.6,,,0,0,,megamillions.com,20119722,19065,10059861,12710,10072571,0.03329,3.27,,,,0,,$73,
2020-07-10,Fri,MM 5/70+1/25 $2 (2017-10-31..2025-04-04),302575350,2,83,83,83,83,67,,,0,0,,megamillions.com,20962864,18396,10481432,12264,10493696,0.03468,3.41,,,,0,,$83,
2020-07-14,Tue,MM 5/70+1/25 $2 (2017-10-31..2025-04-04),302575350,2,91,91,91,91,73.5,,,0,0,,megamillions.com,21475056,19728,10737528,13152,10750680,0.03553,3.49,,,,0,,$91,
2020-07-17,Fri,MM 5/70+1/25 $2 (2017-10-31..2025-04-04),302575350,2,101,101,101,101,81.2,,,0,0,,megamillions.com,23462186,20202,11731093,13468,11744561,0.03882,3.81,,,,0,,$101,
2020-07-21,Tue,MM 5/70+1/25 $2 (2017-10-31..2025-04-04),302575350,2,113,113,113,113,91,,,0,0,,megamillions.com,23364172,21471,11682086,14314,11696400,0.03866,3.79,,,,0,,$113,
2020-07-24,Fri,MM 5/70+1/25 $2 (2017-10-31..2025-04-04),302575350,2,124,124,124,124,100.8,,,1,1,NJ,megamillions.com,24303688,21174,12151844,14116,12165960,0.04021,3.94,,,,0,,$124,
2020-07-28,Tue,MM 5/70+1/25 $2 (2017-10-31..2025-04-04),302575350,2,20,20,20,20,16.2,,,0,0,,megamillions.com,16762954,15897,8381477,10598,8392075,0.02774,2.74,,,,0,,$20,
2020-07-31,Fri,MM 5/70+1/25 $2 (2017-10-31..2025-04-04),302575350,2,22,22,22,22,17.9,,,1,1,CA,megamillions.com,17240014,15165,8620007,10110,8630117,0.02852,2.81,,,,0,,$22,
2020-08-04,Tue,MM 5/70+1/25 $2 (2017-10-31..2025-04-04),302575350,2,20,20,20,20,16.4,,,0,0,,megamillions.com,16303800,15729,8151900,10486,8162386,0.02698,2.66,,,,0,,$20,
2020-08-07,Fri,MM 5/70+1/25 $2 (2017-10-31..2025-04-04),302575350,2,22,22,22,22,18,,,0,0,,megamillions.com,16918342,13854,8459171,9236,8468407,0.02799,2.76,,,,0,,$22,
2020-08-11,Tue,MM 5/70+1/25 $2 (2017-10-31..2025-04-04),302575350,2,24,24,24,24,19.3,,,0,0,,megamillions.com,16459306,14424,8229653,9616,8239269,0.02723,2.69,,,,0,,$24,
2020-08-14,Fri,MM 5/70+1/25 $2 (2017-10-31..2025-04-04),302575350,2,31,31,31,31,24.5,,,0,0,,megamillions.com,17390456,14346,8695228,9564,8704792,0.02877,2.84,,,,0,,$31,
2020-08-18,Tue,MM 5/70+1/25 $2 (2017-10-31..2025-04-04),302575350,2,40,40,40,40,31.8,,,0,0,,megamillions.com,17782678,16278,8891339,10852,8902191,0.02942,2.90,,,,0,,$40,
2020-08-21,Fri,MM 5/70+1/25 $2 (2017-10-31..2025-04-04),302575350,2,49,49,49,49,39.1,,,0,0,,megamillions.com,18964128,15138,9482064,10092,9492156,0.03137,3.09,,,,0,,$49,
2020-08-25,Tue,MM 5/70+1/25 $2 (2017-10-31..2025-04-04),302575350,2,57,57,57,57,45.2,,,0,0,,megamillions.com,19195034,17820,9597517,11880,9609397,0.03176,3.13,,,,0,,$57,
2020-08-28,Fri,MM 5/70+1/25 $2 (2017-10-31..2025-04-04),302575350,2,68,68,68,68,53.2,,,0,0,,megamillions.com,19927842,16629,9963921,11086,9975007,0.03297,3.24,,,,0,,$68,
2020-09-01,Tue,MM 5/70+1/25 $2 (2017-10-31..2025-04-04),302575350,2,78,78,78,78,61.1,,,0,0,,megamillions.com,20520254,18192,10260127,12128,10272255,0.03395,3.34,,,,0,,$78,
2020-09-04,Fri,MM 5/70+1/25 $2 (2017-10-31..2025-04-04),302575350,2,88,88,88,88,69.9,,,0,0,,megamillions.com,21761604,18900,10880802,12600,10893402,0.03600,3.54,,,,0,,$88,
2020-09-08,Tue,MM 5/70+1/25 $2 (2017-10-31..2025-04-04),302575350,2,97,97,97,97,77.2,,,0,0,,megamillions.com,20703102,18897,10351551,12598,10364149,0.03425,3.37,,,,0,,$97,
2020-09-11,Fri,MM 5/70+1/25 $2 (2017-10-31..2025-04-04),302575350,2,108,108,108,108,85.9,,,0,0,,megamillions.com,23834632,19680,11917316,13120,11930436,0.03943,3.87,,,,0,,$108,
2020-09-15,Tue,MM 5/70+1/25 $2 (2017-10-31..2025-04-04),302575350,2,119,119,119,119,94.6,,,1,1,WI,megamillions.com,23986656,21150,11993328,14100,12007428,0.03968,3.89,,,,0,,$119,
2020-09-18,Fri,MM 5/70+1/25 $2 (2017-10-31..2025-04-04),302575350,2,20,20,20,20,15.8,,,0,0,,megamillions.com,17015592,14685,8507796,9790,8517586,0.02815,2.78,,,,0,,$20,
2020-09-22,Tue,MM 5/70+1/25 $2 (2017-10-31..2025-04-04),302575350,2,22,22,22,22,17.5,,,0,0,,megamillions.com,16780452,15300,8390226,10200,8400426,0.02776,2.74,,,,0,,$22,
2020-09-25,Fri,MM 5/70+1/25 $2 (2017-10-31..2025-04-04),302575350,2,24,24,24,24,19.1,,,0,0,,megamillions.com,17104880,14559,8552440,9706,8562146,0.02830,2.79,,,,0,,$24,
2020-09-29,Tue,MM 5/70+1/25 $2 (2017-10-31..2025-04-04),302575350,2,32,32,32,32,25.5,,,0,0,,megamillions.com,17010392,15309,8505196,10206,8515402,0.02814,2.78,,,,0,,$32,
2020-10-02,Fri,MM 5/70+1/25 $2 (2017-10-31..2025-04-04),302575350,2,41,41,41,41,32.2,,,0,0,,megamillions.com,18239810,14832,9119905,9888,9129793,0.03017,2.97,,,,0,,$41,
2020-10-06,Tue,MM 5/70+1/25 $2 (2017-10-31..2025-04-04),302575350,2,50,50,50,50,38.6,,,0,0,,megamillions.com,18166962,16338,9083481,10892,9094373,0.03006,2.96,,,,0,,$50,
2020-10-09,Fri,MM 5/70+1/25 $2 (2017-10-31..2025-04-04),302575350,2,60,60,60,60,46.4,,,0,0,,megamillions.com,18695680,15993,9347840,10662,9358502,0.03093,3.05,,,,0,,$60,
2020-10-13,Tue,MM 5/70+1/25 $2 (2017-10-31..2025-04-04),302575350,2,69,69,69,69,53.9,,,0,0,,megamillions.com,18322312,16740,9161156,11160,9172316,0.03031,2.99,,,,0,,$69,
2020-10-16,Fri,MM 5/70+1/25 $2 (2017-10-31..2025-04-04),302575350,2,77,77,77,77,60.3,,,0,0,,megamillions.com,19182616,16731,9591308,11154,9602462,0.03174,3.12,,,,0,,$77,
2020-10-20,Tue,MM 5/70+1/25 $2 (2017-10-31..2025-04-04),302575350,2,86,86,86,86,66.6,,,0,0,,megamillions.com,19380496,17874,9690248,11916,9702164,0.03207,3.16,,,,0,,$86,
2020-10-23,Fri,MM 5/70+1/25 $2 (2017-10-31..2025-04-04),302575350,2,97,97,97,97,74,,,0,0,,megamillions.com,20362276,17040,10181138,11360,10192498,0.03369,3.31,,,,0,,$97,
2020-10-27,Tue,MM 5/70+1/25 $2 (2017-10-31..2025-04-04),302575350,2,109,109,109,109,84.4,,,0,0,,megamillions.com,21085892,18648,10542946,12432,10555378,0.03489,3.43,,,,0,,$109,
2020-10-30,Fri,MM 5/70+1/25 $2 (2017-10-31..2025-04-04),302575350,2,118,118,118,118,91,,,0,0,,megamillions.com,21885326,18444,10942663,12296,10954959,0.03621,3.56,,,,0,,$118,
2020-11-03,Tue,MM 5/70+1/25 $2 (2017-10-31..2025-04-04),302575350,2,129,129,129,129,98.7,,,0,0,,megamillions.com,22891256,21261,11445628,14174,11459802,0.03787,3.72,,,,0,,$129,
2020-11-06,Fri,MM 5/70+1/25 $2 (2017-10-31..2025-04-04),302575350,2,142,142,142,142,109.8,,,0,0,,megamillions.com,22517598,18687,11258799,12458,11271257,0.03725,3.66,,,,0,,$142,
2020-11-10,Tue,MM 5/70+1/25 $2 (2017-10-31..2025-04-04),302575350,2,152,152,152,152,114.8,,,0,0,,megamillions.com,22845002,20724,11422501,13816,11436317,0.03780,3.71,,,,0,,$152,
2020-11-13,Fri,MM 5/70+1/25 $2 (2017-10-31..2025-04-04),302575350,2,165,165,165,165,126.7,,,0,0,,megamillions.com,24381836,20658,12190918,13772,12204690,0.04034,3.95,,,,0,,$165,
2020-11-17,Tue,MM 5/70+1/25 $2 (2017-10-31..2025-04-04),302575350,2,176,176,176,176,135.8,,,0,0,,megamillions.com,24111654,21033,12055827,14022,12069849,0.03989,3.91,,,,0,,$176,
2020-11-20,Fri,MM 5/70+1/25 $2 (2017-10-31..2025-04-04),302575350,2,188,188,188,188,146.1,,,0,0,,megamillions.com,25098094,20328,12549047,13552,12562599,0.04152,4.07,,,,0,,$188,
2020-11-24,Tue,MM 5/70+1/25 $2 (2017-10-31..2025-04-04),302575350,2,200,200,200,200,154.9,,,0,0,,megamillions.com,28566954,24306,14283477,16204,14299681,0.04726,4.62,,,,0,,$200,
2020-11-27,Fri,MM 5/70+1/25 $2 (2017-10-31..2025-04-04),302575350,2,214,214,214,214,165.8,,,0,0,,megamillions.com,26104816,21726,13052408,14484,13066892,0.04319,4.23,,,,0,,$214,
2020-12-01,Tue,MM 5/70+1/25 $2 (2017-10-31..2025-04-04),302575350,2,229,229,229,229,176.1,,,0,0,,megamillions.com,29010718,24384,14505359,16256,14521615,0.04799,4.69,,,,1,,$229,
2020-12-04,Fri,MM 5/70+1/25 $2 (2017-10-31..2025-04-04),302575350,2,244,244,244,244,184.7,,,0,0,,megamillions.com,30674928,24234,15337464,16156,15353620,0.05074,4.95,,,,0,,$244,
2020-12-08,Tue,MM 5/70+1/25 $2 (2017-10-31..2025-04-04),302575350,2,264,264,264,264,202.6,,,0,0,,megamillions.com,31790442,26730,15895221,17820,15913041,0.05259,5.12,,,,0,,$264,
2020-12-11,Fri,MM 5/70+1/25 $2 (2017-10-31..2025-04-04),302575350,2,276,276,276,276,213.1,,,0,0,,megamillions.com,32369772,26235,16184886,17490,16202376,0.05355,5.21,,,,0,,$276,
2020-12-15,Tue,MM 5/70+1/25 $2 (2017-10-31..2025-04-04),302575350,2,291,291,291,291,223.5,,,0,0,,megamillions.com,34140804,29244,17070402,19496,17089898,0.05648,5.49,,,,0,,$291,
2020-12-18,Fri,MM 5/70+1/25 $2 (2017-10-31..2025-04-04),302575350,2,310,310,310,310,237.5,,,0,0,,megamillions.com,36533286,29970,18266643,19980,18286623,0.06044,5.86,,,,0,,$310,
2020-12-22,Tue,MM 5/70+1/25 $2 (2017-10-31..2025-04-04),302575350,2,330,330,330,330,252.8,,,0,0,,megamillions.com,41903940,35532,20951970,23688,20975658,0.06932,6.70,,,,0,,$330,
2020-12-25,Fri,MM 5/70+1/25 $2 (2017-10-31..2025-04-04),302575350,2,352,352,352,352,269.1,,,0,0,,megamillions.com,40594012,34485,20297006,22990,20319996,0.06716,6.50,,,,0,,$352,
2020-12-29,Tue,MM 5/70+1/25 $2 (2017-10-31..2025-04-04),302575350,2,376,376,376,376,287,,,0,0,,megamillions.com,50178342,43686,25089171,29124,25118295,0.08302,7.97,,,,0,,$376,
2021-01-01,Fri,MM 5/70+1/25 $2 (2017-10-31..2025-04-04),302575350,2,401,401,401,401,306.1,,,0,0,,megamillions.com,60827324,52368,30413662,34912,30448574,0.10063,9.57,,,,0,,$401,
2021-01-05,Tue,MM 5/70+1/25 $2 (2017-10-31..2025-04-04),302575350,2,447,432,447,447,339.6,,,0,0,,megamillions.com,90775260,75993,45387630,50662,45438292,0.15017,13.94,,,,0,,$432 $447,
2021-01-08,Fri,MM 5/70+1/25 $2 (2017-10-31..2025-04-04),302575350,2,520,490,520,520,383.4,,,0,0,,megamillions.com,116748774,93798,58374387,62532,58436919,0.19313,17.56,,,,0,,$490 $520,
2021-01-12,Tue,MM 5/70+1/25 $2 (2017-10-31..2025-04-04),302575350,2,625,600,625,625,458.8,,,0,0,,megamillions.com,171533426,140334,85766713,93556,85860269,0.28376,24.71,,,,0,,$600 $625,
2021-01-15,Fri,MM 5/70+1/25 $2 (2017-10-31..2025-04-04),302575350,2,750,750,750,750,554.3,,,0,0,,megamillions.com,227109710,177003,113554855,118002,113672857,0.37568,31.32,,,,0,,$750,
2021-01-19,Tue,MM 5/70+1/25 $2 (2017-10-31..2025-04-04),302575350,2,865,850,865,865,638.8,,,0,0,,megamillions.com,259813256,221265,129906628,147510,130054138,0.42982,34.94,,,,0,,$850 $865,
2021-01-22,Fri,MM 5/70+1/25 $2 (2017-10-31..2025-04-04),302575350,2,1000,970,1000,1000,739.6,1050,776.6,1,1,MI,megamillions.com,366907784,282570,183453892,188380,183642272,0.60693,45.50,,,,0,,$970 $1B,
2021-01-26,Tue,MM 5/70+1/25 $2 (2017-10-31..2025-04-04),302575350,2,20,20,20,20,14.9,,,0,0,,megamillions.com,30423332,33174,15211666,22116,15233782,0.05035,4.91,,,,0,,$20,
2021-01-29,Fri,MM 5/70+1/25 $2 (2017-10-31..2025-04-04),302575350,2,25,25,25,25,18.4,,,0,0,,megamillions.com,25842580,24837,12921290,16558,12937848,0.04276,4.19,,,,0,,$25,
2021-02-02,Tue,MM 5/70+1/25 $2 (2017-10-31..2025-04-04),302575350,2,42,42,42,42,30.9,,,0,0,,megamillions.com,24936418,23703,12468209,15802,12484011,0.04126,4.04,,,,0,,$42,
2021-02-05,Fri,MM 5/70+1/25 $2 (2017-10-31..2025-04-04),302575350,2,54,54,54,54,39.4,,,0,0,,megamillions.com,26586498,23334,13293249,15556,13308805,0.04399,4.30,,,,0,,$54,
2021-02-09,Tue,MM 5/70+1/25 $2 (2017-10-31..2025-04-04),302575350,2,68,68,68,68,49.7,,,0,0,,megamillions.com,25125044,22677,12562522,15118,12577640,0.04157,4.07,,,,0,,$68,
2021-02-12,Fri,MM 5/70+1/25 $2 (2017-10-31..2025-04-04),302575350,2,82,82,82,82,59.2,,,0,0,,megamillions.com,26502700,22101,13251350,14734,13266084,0.04384,4.29,,,,0,,$82,
2021-02-16,Tue,MM 5/70+1/25 $2 (2017-10-31..2025-04-04),302575350,2,96,96,96,96,68.5,,,1,1,NY,megamillions.com,23408244,18093,11704122,12062,11716184,0.03872,3.80,,,,0,,$96,
2021-02-19,Fri,MM 5/70+1/25 $2 (2017-10-31..2025-04-04),302575350,2,20,20,20,20,14.1,,,0,0,,megamillions.com,19392614,14433,9696307,9622,9705929,0.03208,3.16,,,,0,,$20,
2021-02-23,Tue,MM 5/70+1/25 $2 (2017-10-31..2025-04-04),302575350,2,22,22,22,22,15.4,,,0,0,,megamillions.com,19867370,16650,9933685,11100,9944785,0.03287,3.23,,,,0,,$22,
2021-02-26,Fri,MM 5/70+1/25 $2 (2017-10-31..2025-04-04),302575350,2,30,30,30,30,20.7,,,0,0,,megamillions.com,20614088,16209,10307044,10806,10317850,0.03410,3.35,,,,0,,$30,
2021-03-02,Tue,MM 5/70+1/25 $2 (2017-10-31..2025-04-04),302575350,2,43,43,43,43,29.8,,,0,0,,megamillions.com,20703580,17833,10351790,11889,10363679,0.03425,3.37,,,,0,,$43,
2021-03-05,Fri,MM 5/70+1/25 $2 (2017-10-31..2025-04-04),302575350,2,55,55,55,55,37.4,,,0,0,,megamillions.com,21457906,17124,10728953,11416,10740369,0.03550,3.49,,,,0,,$55,
2021-03-09,Tue,MM 5/70+1/25 $2 (2017-10-31..2025-04-04),302575350,2,68,68,68,68,46.8,,,0,0,,megamillions.com,21221846,17940,10610923,11960,10622883,0.03511,3.45,,,,0,,$68,
2021-03-12,Fri,MM 5/70+1/25 $2 (2017-10-31..2025-04-04),302575350,2,79,79,79,79,53.3,,,0,0,,megamillions.com,21998878,17856,10999439,11904,11011343,0.03639,3.57,,,,0,,$79,
2021-03-16,Tue,MM 5/70+1/25 $2 (2017-10-31..2025-04-04),302575350,2,93,93,93,93,63,,,0,0,,megamillions.com,22495526,19362,11247763,12908,11260671,0.03722,3.65,,,,0,,$93,
2021-03-19,Fri,MM 5/70+1/25 $2 (2017-10-31..2025-04-04),302575350,2,105,105,105,105,69.8,,,0,0,,megamillions.com,25337080,20232,12668540,13488,12682028,0.04191,4.10,,,,0,,$105,
2021-03-23,Tue,MM 5/70+1/25 $2 (2017-10-31..2025-04-04),302575350,2,122,122,122,122,82.3,,,0,0,,megamillions.com,25569452,21072,12784726,14048,12798774,0.04230,4.14,,,,0,,$122,
2021-03-26,Fri,MM 5/70+1/25 $2 (2017-10-31..2025-04-04),302575350,2,137,137,137,137,92.6,,,0,0,,megamillions.com,25959440,20172,12979720,13448,12993168,0.04294,4.20,,,,0,,$137,
2021-03-30,Tue,MM 5/70+1/25 $2 (2017-10-31..2025-04-04),302575350,2,152,152,152,152,101.9,,,0,0,,megamillions.com,27482196,23286,13741098,15524,13756622,0.04547,4.44,,,,0,,$152,
2021-04-02,Fri,MM 5/70+1/25 $2 (2017-10-31..2025-04-04),302575350,2,168,168,168,168,113.1,,,0,0,,megamillions.com,29342466,23409,14671233,15606,14686839,0.04854,4.74,,,,0,,$168,
2021-04-06,Tue,MM 5/70+1/25 $2 (2017-10-31..2025-04-04),302575350,2,184,184,184,184,124.4,,,0,0,,megamillions.com,29381134,24318,14690567,16212,14706779,0.04861,4.74,,,,0,,$184,
2021-04-09,Fri,MM 5/70+1/25 $2 (2017-10-31..2025-04-04),302575350,2,201,201,201,201,136,,,0,0,,megamillions.com,32896906,26166,16448453,17444,16465897,0.05442,5.30,,,,0,,$201,
2021-04-13,Tue,MM 5/70+1/25 $2 (2017-10-31..2025-04-04),302575350,2,220,220,220,220,149,,,0,0,,megamillions.com,33592922,27351,16796461,18234,16814695,0.05557,5.41,,,,0,,$220,
2021-04-16,Fri,MM 5/70+1/25 $2 (2017-10-31..2025-04-04),302575350,2,240,240,240,240,164.2,,,0,0,,megamillions.com,34512552,28503,17256276,19002,17275278,0.05709,5.55,,,,0,,$240,
2021-04-20,Tue,MM 5/70+1/25 $2 (2017-10-31..2025-04-04),302575350,2,257,257,257,257,175.5,,,0,0,,megamillions.com,35840270,29874,17920135,19916,17940051,0.05929,5.76,,,,0,,$257,
2021-04-23,Fri,MM 5/70+1/25 $2 (2017-10-31..2025-04-04),302575350,2,277,277,277,277,190.3,,,0,0,,megamillions.com,36674780,28797,18337390,19198,18356588,0.06067,5.89,,,,0,,$277,
2021-04-27,Tue,MM 5/70+1/25 $2 (2017-10-31..2025-04-04),302575350,2,297,297,297,297,203.7,,,0,0,,megamillions.com,38078986,30741,19039493,20494,19059987,0.06299,6.10,,,,0,,$297,
2021-04-30,Fri,MM 5/70+1/25 $2 (2017-10-31..2025-04-04),302575350,2,319,319,319,319,217,,,0,0,,megamillions.com,41939902,33165,20969951,22110,20992061,0.06938,6.70,,,,0,,$319,
2021-05-04,Tue,MM 5/70+1/25 $2 (2017-10-31..2025-04-04),302575350,2,345,345,345,345,236.9,,,0,0,,megamillions.com,44617124,36597,22308562,24398,22332960,0.07381,7.12,,,,0,,$345,
2021-05-07,Fri,MM 5/70+1/25 $2 (2017-10-31..2025-04-04),302575350,2,370,370,370,370,254.4,,,0,0,,megamillions.com,45375386,55890,22687693,37260,22724953,0.07511,7.24,,,,0,,$370,
2021-05-11,Tue,MM 5/70+1/25 $2 (2017-10-31..2025-04-04),302575350,2,402,396,402,402,272.1,,,0,0,,megamillions.com,51618766,79632,25809383,53088,25862471,0.08547,8.19,,,,0,,$396 $402,
2021-05-14,Fri,MM 5/70+1/25 $2 (2017-10-31..2025-04-04),302575350,2,430,430,430,430,290.5,,,0,0,,megamillions.com,57431440,44883,28715720,29922,28745642,0.09500,9.06,,,,0,,$430,
2021-05-18,Tue,MM 5/70+1/25 $2 (2017-10-31..2025-04-04),302575350,2,475,468,475,475,319.4,,,0,0,,megamillions.com,64614718,53934,32307359,35956,32343315,0.10689,10.14,,,,0,,$468 $475,
2021-05-21,Fri,MM 5/70+1/25 $2 (2017-10-31..2025-04-04),302575350,2,515,515,515,515,348.6,,,1,1,PA,megamillions.com,78826796,62805,39413398,41870,39455268,0.13040,12.23,,,,0,,$515,
2021-05-25,Tue,MM 5/70+1/25 $2 (2017-10-31..2025-04-04),302575350,2,20,20,20,20,13.6,,,0,0,,megamillions.com,21175564,18933,10587782,12622,10600404,0.03503,3.44,,,,0,,$20,
2021-05-28,Fri,MM 5/70+1/25 $2 (2017-10-31..2025-04-04),302575350,2,22,22,22,22,15,,,0,0,,megamillions.com,20631628,17655,10315814,11770,10327584,0.03413,3.36,,,,0,,$22,
2021-06-01,Tue,MM 5/70+1/25 $2 (2017-10-31..2025-04-04),302575350,2,34,34,34,34,23,,,0,0,,megamillions.com,19131828,17412,9565914,11608,9577522,0.03165,3.12,,,,0,,$34,
2021-06-04,Fri,MM 5/70+1/25 $2 (2017-10-31..2025-04-04),302575350,2,45,45,45,45,30.8,,,0,0,,megamillions.com,20952506,17697,10476253,11798,10488051,0.03466,3.41,,,,0,,$45,
2021-06-08,Tue,MM 5/70+1/25 $2 (2017-10-31..2025-04-04),302575350,2,56,56,56,56,38.7,,,1,1,IL,megamillions.com,20815778,18351,10407889,12234,10420123,0.03444,3.39,,,,0,,$56,
2021-06-11,Fri,MM 5/70+1/25 $2 (2017-10-31..2025-04-04),302575350,2,20,20,20,20,13.9,,,0,0,,megamillions.com,18783784,15876,9391892,10584,9402476,0.03107,3.06,,,,0,,$20,
2021-06-15,Tue,MM 5/70+1/25 $2 (2017-10-31..2025-04-04),302575350,2,22,22,22,22,15.2,,,0,0,,megamillions.com,18285176,16152,9142588,10768,9153356,0.03025,2.98,,,,0,,$22,
2021-06-18,Fri,MM 5/70+1/25 $2 (2017-10-31..2025-04-04),302575350,2,30,30,30,30,21.2,,,0,0,,megamillions.com,18992698,15351,9496349,10234,9506583,0.03142,3.09,,,,0,,$30,
2021-06-22,Tue,MM 5/70+1/25 $2 (2017-10-31..2025-04-04),302575350,2,40,40,40,40,27.9,,,0,0,,megamillions.com,18789594,15993,9394797,10662,9405459,0.03108,3.06,,,,0,,$40,
2021-06-25,Fri,MM 5/70+1/25 $2 (2017-10-31..2025-04-04),302575350,2,50,50,50,50,35,,,0,0,,megamillions.com,19582952,15816,9791476,10544,9802020,0.03240,3.19,,,,0,,$50,
2021-06-29,Tue,MM 5/70+1/25 $2 (2017-10-31..2025-04-04),302575350,2,61,61,61,61,42.8,,,0,0,,megamillions.com,19502956,16620,9751478,11080,9762558,0.03226,3.17,,,,0,,$61,
2021-07-02,Fri,MM 5/70+1/25 $2 (2017-10-31..2025-04-04),302575350,2,72,72,72,72,50.6,,,0,0,,megamillions.com,21324396,17454,10662198,11636,10673834,0.03528,3.47,,,,0,,$72,
2021-07-06,Tue,MM 5/70+1/25 $2 (2017-10-31..2025-04-04),302575350,2,82,82,82,82,58.1,,,0,0,,megamillions.com,20082408,17979,10041204,11986,10053190,0.03323,3.27,,,,0,,$82,
2021-07-09,Fri,MM 5/70+1/25 $2 (2017-10-31..2025-04-04),302575350,2,94,94,94,94,67,,,0,0,,megamillions.com,21540772,18111,10770386,12074,10782460,0.03564,3.50,,,,0,,$94,
2021-07-13,Tue,MM 5/70+1/25 $2 (2017-10-31..2025-04-04),302575350,2,104,104,104,104,74.3,,,0,0,,megamillions.com,22518328,19473,11259164,12982,11272146,0.03725,3.66,,,,0,,$104,
2021-07-16,Fri,MM 5/70+1/25 $2 (2017-10-31..2025-04-04),302575350,2,117,117,117,117,83.9,,,0,0,,megamillions.com,23188026,18753,11594013,12502,11606515,0.03836,3.76,,,,0,,$117,
2021-07-20,Tue,MM 5/70+1/25 $2 (2017-10-31..2025-04-04),302575350,2,128,128,128,128,94.1,,,0,0,,megamillions.com,23380602,19788,11690301,13192,11703493,0.03868,3.79,,,,0,,$128,
2021-07-23,Fri,MM 5/70+1/25 $2 (2017-10-31..2025-04-04),302575350,2,140,138,140,140,100.7,,,0,0,,megamillions.com,24160720,19374,12080360,12916,12093276,0.03997,3.92,,,,0,,$138 $140,
2021-07-27,Tue,MM 5/70+1/25 $2 (2017-10-31..2025-04-04),302575350,2,153,153,153,153,111,,,0,0,,megamillions.com,24311768,20958,12155884,13972,12169856,0.04022,3.94,,,,0,,$153,
2021-07-30,Fri,MM 5/70+1/25 $2 (2017-10-31..2025-04-04),302575350,2,166,166,166,166,120.1,,,0,0,,megamillions.com,25515566,19926,12757783,13284,12771067,0.04221,4.13,,,,0,,$166,
2021-08-03,Tue,MM 5/70+1/25 $2 (2017-10-31..2025-04-04),302575350,2,179,179,179,179,131,,,0,0,,megamillions.com,26143628,22209,13071814,14806,13086620,0.04325,4.23,,,,0,,$179,
2021-08-06,Fri,MM 5/70+1/25 $2 (2017-10-31..2025-04-04),302575350,2,191,191,191,191,138,,,0,0,,megamillions.com,26933188,21324,13466594,14216,13480810,0.04455,4.36,,,,0,,$191,
2021-08-10,Tue,MM 5/70+1/25 $2 (2017-10-31..2025-04-04),302575350,2,208,208,208,208,149.1,,,0,0,,megamillions.com,28211558,23598,14105779,15732,14121511,0.04667,4.56,,,,0,,$208,
2021-08-13,Fri,MM 5/70+1/25 $2 (2017-10-31..2025-04-04),302575350,2,225,225,225,225,161,,,0,0,,megamillions.com,29924616,23415,14962308,15610,14977918,0.04950,4.83,,,,0,,$225,
2021-08-17,Tue,MM 5/70+1/25 $2 (2017-10-31..2025-04-04),302575350,2,242,242,242,242,175.4,,,0,0,,megamillions.com,30091602,25728,15045801,17152,15062953,0.04978,4.86,,,,0,,$242,
2021-08-20,Fri,MM 5/70+1/25 $2 (2017-10-31..2025-04-04),302575350,2,256,256,256,256,186.5,,,0,0,,megamillions.com,31024906,25053,15512453,16702,15529155,0.05132,5.00,,,,0,,$256,
2021-08-24,Tue,MM 5/70+1/25 $2 (2017-10-31..2025-04-04),302575350,2,270,270,270,270,195.9,,,0,0,,megamillions.com,30594344,28074,15297172,18716,15315888,0.05062,4.94,,,,0,,$270,
2021-08-27,Fri,MM 5/70+1/25 $2 (2017-10-31..2025-04-04),302575350,2,288,288,288,288,208,,,0,0,,megamillions.com,32513148,27579,16256574,18386,16274960,0.05379,5.24,,,,0,,$288,
2021-08-31,Tue,MM 5/70+1/25 $2 (2017-10-31..2025-04-04),302575350,2,306,306,306,306,222.5,,,0,0,,megamillions.com,34499874,30729,17249937,20486,17270423,0.05708,5.55,,,,0,,$306,
2021-09-03,Fri,MM 5/70+1/25 $2 (2017-10-31..2025-04-04),302575350,2,323,323,323,323,232.8,,,0,0,,megamillions.com,36436566,30921,18218283,20614,18238897,0.06028,5.85,,,,0,,$323,
2021-09-07,Tue,MM 5/70+1/25 $2 (2017-10-31..2025-04-04),302575350,2,345,345,345,345,247.3,,,0,0,,megamillions.com,34495858,30990,17247929,20660,17268589,0.05707,5.55,,,,0,,$345,
2021-09-10,Fri,MM 5/70+1/25 $2 (2017-10-31..2025-04-04),302575350,2,368,368,368,368,266.4,,,0,0,,megamillions.com,38947816,32256,19473908,21504,19495412,0.06443,6.24,,,,0,,$368,
2021-09-14,Tue,MM 5/70+1/25 $2 (2017-10-31..2025-04-04),302575350,2,383,383,383,383,278.7,,,0,0,,megamillions.com,39596086,34947,19798043,23298,19821341,0.06551,6.34,,,,0,,$383,
2021-09-17,Fri,MM 5/70+1/25 $2 (2017-10-31..2025-04-04),302575350,2,405,405,405,405,293.2,,,0,0,,megamillions.com,46055178,37308,23027589,24872,23052461,0.07619,7.34,,,,0,,$405,
2021-09-21,Tue,MM 5/70+1/25 $2 (2017-10-31..2025-04-04),302575350,2,432,432,432,432,315,,,1,1,NY,megamillions.com,48635092,41604,24317546,27736,24345282,0.08046,7.73,,,,0,,$432,
2021-09-24,Fri,MM 5/70+1/25 $2 (2017-10-31..2025-04-04),302575350,2,20,20,20,20,14.3,,,0,0,,megamillions.com,21999222,19830,10999611,13220,11012831,0.03640,3.57,,,,0,,$20,
2021-09-28,Tue,MM 5/70+1/25 $2 (2017-10-31..2025-04-04),302575350,2,22,22,22,22,15.4,,,0,0,,megamillions.com,20559278,20151,10279639,13434,10293073,0.03402,3.34,,,,0,,$22,
2021-10-01,Fri,MM 5/70+1/25 $2 (2017-10-31..2025-04-04),302575350,2,34,34,34,34,23.9,,,0,0,,megamillions.com,23619458,21888,11809729,14592,11824321,0.03908,3.83,,,,0,,$34,
2021-10-05,Tue,MM 5/70+1/25 $2 (2017-10-31..2025-04-04),302575350,2,45,45,45,45,31.6,,,0,0,,megamillions.com,24955778,26454,12477889,17636,12495525,0.04130,4.05,,,,0,,$45,
2021-10-08,Fri,MM 5/70+1/25 $2 (2017-10-31..2025-04-04),302575350,2,60,60,60,60,41.4,,,0,0,,megamillions.com,21417968,19485,10708984,12990,10721974,0.03544,3.48,,,,0,,$60,
2021-10-12,Tue,MM 5/70+1/25 $2 (2017-10-31..2025-04-04),302575350,2,73,73,73,73,50.7,,,0,0,,megamillions.com,20762806,19494,10381403,12996,10394399,0.03435,3.38,,,,0,,$73,
2021-10-15,Fri,MM 5/70+1/25 $2 (2017-10-31..2025-04-04),302575350,2,84,84,84,84,58.9,,,0,0,,megamillions.com,22158342,19479,11079171,12986,11092157,0.03666,3.60,,,,0,,$84,
2021-10-19,Tue,MM 5/70+1/25 $2 (2017-10-31..2025-04-04),302575350,2,94,94,94,94,65.9,,,0,0,,megamillions.com,21695036,20856,10847518,13904,10861422,0.03590,3.53,,,,0,,$94,
2021-10-22,Fri,MM 5/70+1/25 $2 (2017-10-31..2025-04-04),302575350,2,108,108,108,108,75.2,,,1,1,AZ,megamillions.com,24006068,21264,12003034,14176,12017210,0.03972,3.89,,,,0,,$108,
2021-10-26,Tue,MM 5/70+1/25 $2 (2017-10-31..2025-04-04),302575350,2,20,20,20,20,14,,,0,0,,megamillions.com,16487696,15846,8243848,10564,8254412,0.02728,2.69,,,,0,,$20,
2021-10-29,Fri,MM 5/70+1/25 $2 (2017-10-31..2025-04-04),302575350,2,22,22,22,22,15.5,,,0,0,,megamillions.com,17582448,15123,8791224,10082,8801306,0.02909,2.87,,,,0,,$22,
2021-11-02,Tue,MM 5/70+1/25 $2 (2017-10-31..2025-04-04),302575350,2,26,26,26,26,18.4,,,0,0,,megamillions.com,16769350,15879,8384675,10586,8395261,0.02775,2.74,,,,0,,$26,
2021-11-05,Fri,MM 5/70+1/25 $2 (2017-10-31..2025-04-04),302575350,2,36,36,36,36,25.8,,,0,0,,megamillions.com,17700612,15861,8850306,10574,8860880,0.02928,2.89,,,,0,,$36,
2021-11-09,Tue,MM 5/70+1/25 $2 (2017-10-31..2025-04-04),302575350,2,45,45,45,45,32.7,,,0,0,,megamillions.com,17031732,16005,8515866,10670,8526536,0.02818,2.78,,,,0,,$45,
2021-11-12,Fri,MM 5/70+1/25 $2 (2017-10-31..2025-04-04),302575350,2,53,53,53,53,37.9,,,0,0,,megamillions.com,18260972,15921,9130486,10614,9141100,0.03021,2.98,,,,0,,$53,
2021-11-16,Tue,MM 5/70+1/25 $2 (2017-10-31..2025-04-04),302575350,2,63,63,63,63,44.5,,,0,0,,megamillions.com,17509318,16458,8754659,10972,8765631,0.02897,2.86,,,,0,,$63,
2021-11-19,Fri,MM 5/70+1/25 $2 (2017-10-31..2025-04-04),302575350,2,74,74,74,74,52.9,,,0,0,,megamillions.com,18755758,15759,9377879,10506,9388385,0.03103,3.06,,,,0,,$74,
2021-11-23,Tue,MM 5/70+1/25 $2 (2017-10-31..2025-04-04),302575350,2,83,83,83,83,58.6,,,0,0,,megamillions.com,18568464,16554,9284232,11036,9295268,0.03072,3.03,,,,0,,$83,
2021-11-26,Fri,MM 5/70+1/25 $2 (2017-10-31..2025-04-04),302575350,2,94,94,94,94,67.5,,,0,0,,megamillions.com,18141852,16017,9070926,10678,9081604,0.03001,2.96,,,,0,,$94,
2021-11-30,Tue,MM 5/70+1/25 $2 (2017-10-31..2025-04-04),302575350,2,102,102,102,102,74.2,,,0,0,,megamillions.com,20171048,17652,10085524,11768,10097292,0.03337,3.28,,,,0,,$102,
2021-12-03,Fri,MM 5/70+1/25 $2 (2017-10-31..2025-04-04),302575350,2,112,112,112,112,81.9,,,0,0,,megamillions.com,21710644,18204,10855322,12136,10867458,0.03592,3.53,,,,0,,$112,
2021-12-07,Tue,MM 5/70+1/25 $2 (2017-10-31..2025-04-04),302575350,2,122,122,122,122,89,,,0,0,,megamillions.com,21177516,19233,10588758,12822,10601580,0.03504,3.44,,,,0,,$122,
2021-12-10,Fri,MM 5/70+1/25 $2 (2017-10-31..2025-04-04),302575350,2,135,135,135,135,97.7,,,0,0,,megamillions.com,22648846,18912,11324423,12608,11337031,0.03747,3.68,,,,0,,$135,
2021-12-14,Tue,MM 5/70+1/25 $2 (2017-10-31..2025-04-04),302575350,2,148,148,148,148,107,,,0,0,,megamillions.com,22369638,19719,11184819,13146,11197965,0.03701,3.63,,,,0,,$148,
2021-12-17,Fri,MM 5/70+1/25 $2 (2017-10-31..2025-04-04),302575350,2,160,160,160,160,116.6,,,0,0,,megamillions.com,23950984,19437,11975492,12958,11988450,0.03962,3.88,,,,0,,$160,
2021-12-21,Tue,MM 5/70+1/25 $2 (2017-10-31..2025-04-04),302575350,2,171,171,171,171,122.8,,,0,0,,megamillions.com,24042958,21594,12021479,14396,12035875,0.03978,3.90,,,,0,,$171,
2021-12-24,Fri,MM 5/70+1/25 $2 (2017-10-31..2025-04-04),302575350,2,187,187,187,187,134.1,,,0,0,,megamillions.com,30560146,25077,15280073,16718,15296791,0.05056,4.93,,,,0,,$187,
2021-12-28,Tue,MM 5/70+1/25 $2 (2017-10-31..2025-04-04),302575350,2,201,201,201,201,145.2,,,0,0,,megamillions.com,28582386,24351,14291193,16234,14307427,0.04729,4.62,,,,0,,$201,
2021-12-31,Fri,MM 5/70+1/25 $2 (2017-10-31..2025-04-04),302575350,2,221,221,221,221,157.1,,,0,0,,megamillions.com,43594082,36867,21797041,24578,21821619,0.07212,6.96,,,,0,,$221,
2022-01-04,Tue,MM 5/70+1/25 $2 (2017-10-31..2025-04-04),302575350,2,253,244,253,253,175.6,,,0,0,,megamillions.com,40462406,36606,20231203,24404,20255607,0.06694,6.48,,,,0,,$244 $253,
2022-01-07,Fri,MM 5/70+1/25 $2 (2017-10-31..2025-04-04),302575350,2,278,278,278,278,191.5,,,0,0,,megamillions.com,40981316,36183,20490658,24122,20514780,0.06780,6.56,,,,0,,$278,
2022-01-11,Tue,MM 5/70+1/25 $2 (2017-10-31..2025-04-04),302575350,2,300,300,300,300,206.8,,,0,0,,megamillions.com,38746882,34749,19373441,23166,19396607,0.06411,6.21,,,,0,,$300,
2022-01-14,Fri,MM 5/70+1/25 $2 (2017-10-31..2025-04-04),302575350,2,325,325,325,325,224.2,,,0,0,,megamillions.com,41818260,35871,20909130,23914,20933044,0.06918,6.68,,,,0,,$325,
2022-01-18,Tue,MM 5/70+1/25 $2 (2017-10-31..2025-04-04),302575350,2,347,347,347,347,236.6,,,0,0,,megamillions.com,40376010,35583,20188005,23722,20211727,0.06680,6.46,,,,0,,$347,
2022-01-21,Fri,MM 5/70+1/25 $2 (2017-10-31..2025-04-04),302575350,2,376,376,376,376,259.8,,,0,0,,megamillions.com,42737338,36492,21368669,24328,21392997,0.07070,6.83,,,,0,,$376,
2022-01-25,Tue,MM 5/70+1/25 $2 (2017-10-31..2025-04-04),302575350,2,396,396,396,396,273.6,,,0,0,,megamillions.com,45046006,39741,22523003,26494,22549497,0.07453,7.18,,,,0,,$396,
2022-01-28,Fri,MM 5/70+1/25 $2 (2017-10-31..2025-04-04),302575350,2,421,421,421,421,289.5,,,1,1,CA,megamillions.com,52932724,42252,26466362,28168,26494530,0.08756,8.38,,,,0,,$421,
2022-02-01,Tue,MM 5/70+1/25 $2 (2017-10-31..2025-04-04),302575350,2,20,20,20,20,13.6,,,0,0,,megamillions.com,19270090,18354,9635045,12236,9647281,0.03188,3.14,,,,0,,$20,
2022-02-04,Fri,MM 5/70+1/25 $2 (2017-10-31..2025-04-04),302575350,2,22,22,22,22,14.9,,,0,0,,megamillions.com,18498768,15708,9249384,10472,9259856,0.03060,3.01,,,,0,,$22,
2022-02-08,Tue,MM 5/70+1/25 $2 (2017-10-31..2025-04-04),302575350,2,31,31,31,31,20.7,,,0,0,,megamillions.com,18136120,16806,9068060,11204,9079264,0.03001,2.96,,,,0,,$31,
2022-02-11,Fri,MM 5/70+1/25 $2 (2017-10-31..2025-04-04),302575350,2,42,42,42,42,27.8,,,0,0,,megamillions.com,19409280,16740,9704640,11160,9715800,0.03211,3.16,,,,0,,$42,LottoReport parse: date typo on source '02/11/21' -> 2022-02-11
2022-02-15,Tue,MM 5/70+1/25 $2 (2017-10-31..2025-04-04),302575350,2,53,53,53,53,34.9,,,0,0,,megamillions.com,18584774,16653,9292387,11102,9303489,0.03075,3.03,,,,0,,$53,
2022-02-18,Fri,MM 5/70+1/25 $2 (2017-10-31..2025-04-04),302575350,2,64,64,64,64,42.7,,,0,0,,megamillions.com,20417814,17160,10208907,11440,10220347,0.03378,3.32,,,,0,,$64,
2022-02-22,Tue,MM 5/70+1/25 $2 (2017-10-31..2025-04-04),302575350,2,75,75,75,75,50.2,,,0,0,,megamillions.com,22312836,20994,11156418,13996,11170414,0.03692,3.62,,,,0,,$75,
2022-02-25,Fri,MM 5/70+1/25 $2 (2017-10-31..2025-04-04),302575350,2,87,87,87,87,57.7,,,0,0,,megamillions.com,21186308,18147,10593154,12098,10605252,0.03505,3.44,,,,0,,$87,
2022-03-01,Tue,MM 5/70+1/25 $2 (2017-10-31..2025-04-04),302575350,2,102,102,102,102,69.5,,,0,0,,megamillions.com,23265364,21417,11632682,14278,11646960,0.03849,3.78,,,,0,,$102,
2022-03-04,Fri,MM 5/70+1/25 $2 (2017-10-31..2025-04-04),302575350,2,113,113,113,113,77.2,,,0,0,,megamillions.com,24212686,20505,12106343,13670,12120013,0.04006,3.93,,,,0,,$113,
2022-03-08,Tue,MM 5/70+1/25 $2 (2017-10-31..2025-04-04),302575350,2,126,126,126,126,84.5,,,1,1,NY,megamillions.com,23694944,21060,11847472,14040,11861512,0.03920,3.84,,,,0,,$126,
2022-03-11,Fri,MM 5/70+1/25 $2 (2017-10-31..2025-04-04),302575350,2,20,20,20,20,13.1,,,0,0,,megamillions.com,17432308,14808,8716154,9872,8726026,0.02884,2.84,,,,0,,$20,
2022-03-15,Tue,MM 5/70+1/25 $2 (2017-10-31..2025-04-04),302575350,2,22,22,22,22,14.3,,,0,0,,megamillions.com,16136936,15813,8068468,10542,8079010,0.02670,2.63,,,,0,,$22,
2022-03-18,Fri,MM 5/70+1/25 $2 (2017-10-31..2025-04-04),302575350,2,29,29,29,29,18.8,,,0,0,,megamillions.com,17160562,14446,8580281,9631,8589912,0.02839,2.80,,,,0,,$29,
2022-03-22,Tue,MM 5/70+1/25 $2 (2017-10-31..2025-04-04),302575350,2,39,39,39,39,24.7,,,0,0,,megamillions.com,16543284,15384,8271642,10256,8281898,0.02737,2.70,,,,0,,$39,
2022-03-25,Fri,MM 5/70+1/25 $2 (2017-10-31..2025-04-04),302575350,2,50,50,50,50,31.6,,,0,0,,megamillions.com,17631486,15042,8815743,10028,8825771,0.02917,2.87,,,,0,,$50,
2022-03-29,Tue,MM 5/70+1/25 $2 (2017-10-31..2025-04-04),302575350,2,60,60,60,60,38.4,,,0,0,,megamillions.com,16983712,15933,8491856,10622,8502478,0.02810,2.77,,,,0,,$60,
2022-04-01,Fri,MM 5/70+1/25 $2 (2017-10-31..2025-04-04),302575350,2,70,70,70,70,44.5,,,0,0,,megamillions.com,18976184,17193,9488092,11462,9499554,0.03140,3.09,,,,0,,$70,
2022-04-05,Tue,MM 5/70+1/25 $2 (2017-10-31..2025-04-04),302575350,2,81,81,81,81,51.4,,,0,0,,megamillions.com,18400502,17403,9200251,11602,9211853,0.03044,3.00,,,,0,,$81,
2022-04-08,Fri,MM 5/70+1/25 $2 (2017-10-31..2025-04-04),302575350,2,94,94,94,94,57.9,,,0,0,,megamillions.com,19421144,16188,9710572,10792,9721364,0.03213,3.16,,,,0,,$94,
2022-04-12,Tue,MM 5/70+1/25 $2 (2017-10-31..2025-04-04),302575350,2,106,106,106,106,64.5,,,1,1,MN,megamillions.com,20079320,18198,10039660,12132,10051792,0.03322,3.27,,,,0,,$106,
2022-04-15,Fri,MM 5/70+1/25 $2 (2017-10-31..2025-04-04),302575350,2,20,20,20,20,11.9,,,1,1,TN,megamillions.com,17255440,15165,8627720,10110,8637830,0.02855,2.81,,,,0,,$20,
2022-04-19,Tue,MM 5/70+1/25 $2 (2017-10-31..2025-04-04),302575350,2,20,20,20,20,11.7,,,0,0,,megamillions.com,15779768,15996,7889884,10664,7900548,0.02611,2.58,,,,0,,$20,
2022-04-22,Fri,MM 5/70+1/25 $2 (2017-10-31..2025-04-04),302575350,2,22,22,22,22,13,,,0,0,,megamillions.com,17456282,15435,8728141,10290,8738431,0.02888,2.85,,,,0,,$22,
2022-04-26,Tue,MM 5/70+1/25 $2 (2017-10-31..2025-04-04),302575350,2,31,31,31,31,18.6,,,0,0,,megamillions.com,18478654,17604,9239327,11736,9251063,0.03057,3.01,,,,0,,$31,
2022-04-29,Fri,MM 5/70+1/25 $2 (2017-10-31..2025-04-04),302575350,2,43,43,43,43,25.5,,,0,0,,megamillions.com,19959804,18528,9979902,12352,9992254,0.03302,3.25,,,,0,,$43,
2022-05-03,Tue,MM 5/70+1/25 $2 (2017-10-31..2025-04-04),302575350,2,57,57,57,57,33.6,,,0,0,,megamillions.com,19104544,18243,9552272,12162,9564434,0.03161,3.11,,,,0,,$57,
2022-05-06,Fri,MM 5/70+1/25 $2 (2017-10-31..2025-04-04),302575350,2,70,70,70,70,40,,,0,0,,megamillions.com,20106824,24021,10053412,16014,10069426,0.03328,3.27,,,,0,,$70,
2022-05-10,Tue,MM 5/70+1/25 $2 (2017-10-31..2025-04-04),302575350,2,86,86,86,86,49.5,,,0,0,,megamillions.com,19920594,18771,9960297,12514,9972811,0.03296,3.24,,,,0,,$86,
2022-05-13,Fri,MM 5/70+1/25 $2 (2017-10-31..2025-04-04),302575350,2,99,99,99,99,57.4,,,0,0,,megamillions.com,22553176,19452,11276588,12968,11289556,0.03731,3.66,,,,0,,$99,
2022-05-17,Tue,MM 5/70+1/25 $2 (2017-10-31..2025-04-04),302575350,2,112,112,112,112,64.1,,,0,0,,megamillions.com,22104604,19662,11052302,13108,11065410,0.03657,3.59,,,,0,,$112,
2022-05-20,Fri,MM 5/70+1/25 $2 (2017-10-31..2025-04-04),302575350,2,131,131,131,131,76.6,,,0,0,,megamillions.com,23368224,19248,11684112,12832,11696944,0.03866,3.79,,,,0,,$131,
2022-05-24,Tue,MM 5/70+1/25 $2 (2017-10-31..2025-04-04),302575350,2,143,143,143,143,84.3,,,0,0,,megamillions.com,22711644,20529,11355822,13686,11369508,0.03758,3.69,,,,0,,$143,
2022-05-27,Fri,MM 5/70+1/25 $2 (2017-10-31..2025-04-04),302575350,2,157,157,157,157,93.1,,,0,0,,megamillions.com,23939172,20304,11969586,13536,11983122,0.03960,3.88,,,,0,,$157,
2022-05-31,Tue,MM 5/70+1/25 $2 (2017-10-31..2025-04-04),302575350,2,170,170,170,170,98.8,,,0,0,,megamillions.com,22268702,19743,11134351,13162,11147513,0.03684,3.62,,,,0,,$170,
2022-06-03,Fri,MM 5/70+1/25 $2 (2017-10-31..2025-04-04),302575350,2,189,189,189,189,108.9,,,0,0,,megamillions.com,25245140,21249,12622570,14166,12636736,0.04176,4.09,,,,0,,$189,
2022-06-07,Tue,MM 5/70+1/25 $2 (2017-10-31..2025-04-04),302575350,2,207,207,207,207,118.8,,,0,0,,megamillions.com,25978274,23427,12989137,15618,13004755,0.04298,4.21,,,,0,,$207,
2022-06-10,Fri,MM 5/70+1/25 $2 (2017-10-31..2025-04-04),302575350,2,226,226,226,226,128.7,,,0,0,,megamillions.com,27590752,23226,13795376,15484,13810860,0.04564,4.46,,,,0,,$226,LottoReport parse: date typo on source '06/10/11' -> 2022-06-10
2022-06-14,Tue,MM 5/70+1/25 $2 (2017-10-31..2025-04-04),302575350,2,247,247,247,247,137.2,,,0,0,,megamillions.com,27619220,24183,13809610,16122,13825732,0.04569,4.47,,,,0,,$247,
2022-06-17,Fri,MM 5/70+1/25 $2 (2017-10-31..2025-04-04),302575350,2,273,273,273,273,152.8,,,0,0,,megamillions.com,28733266,23274,14366633,15516,14382149,0.04753,4.64,,,,0,,$273,LottoReport parse: date typo on source '06/17/21' -> 2022-06-17
2022-06-21,Tue,MM 5/70+1/25 $2 (2017-10-31..2025-04-04),302575350,2,290,290,290,290,161.3,,,0,0,,megamillions.com,29042510,26409,14521255,17606,14538861,0.04805,4.69,,,,0,,$290,
2022-06-24,Fri,MM 5/70+1/25 $2 (2017-10-31..2025-04-04),302575350,2,312,312,312,312,177.2,,,0,0,,megamillions.com,32746012,28350,16373006,18900,16391906,0.05417,5.27,,,,0,,$312,
2022-06-28,Tue,MM 5/70+1/25 $2 (2017-10-31..2025-04-04),302575350,2,333,328,333,333,185.6,,,0,0,,megamillions.com,33445952,30816,16722976,20544,16743520,0.05534,5.38,,,,0,,$328 $333,
2022-07-01,Fri,MM 5/70+1/25 $2 (2017-10-31..2025-04-04),302575350,2,360,360,360,360,207.6,,,0,0,,megamillions.com,38360400,33669,19180200,22446,19202646,0.06346,6.15,,,,0,,$360,
2022-07-05,Tue,MM 5/70+1/25 $2 (2017-10-31..2025-04-04),302575350,2,370,370,370,370,214.3,,,0,0,,megamillions.com,36932430,35604,18466215,23736,18489951,0.06111,5.93,,,,0,,$370,
2022-07-08,Fri,MM 5/70+1/25 $2 (2017-10-31..2025-04-04),302575350,2,410,400,410,410,230.9,,,0,0,,megamillions.com,49058312,46312,24529156,30875,24560031,0.08117,7.80,,,,0,,$400 $410,
2022-07-12,Tue,MM 5/70+1/25 $2 (2017-10-31..2025-04-04),302575350,2,440,440,440,440,253,,,0,0,,megamillions.com,55544288,52707,27772144,35138,27807282,0.09190,8.78,,,,0,,$440,
2022-07-15,Fri,MM 5/70+1/25 $2 (2017-10-31..2025-04-04),302575350,2,480,480,480,480,276,,,0,0,,megamillions.com,68759422,60198,34379711,40132,34419843,0.11376,10.75,,,,0,,$480,
2022-07-19,Tue,MM 5/70+1/25 $2 (2017-10-31..2025-04-04),302575350,2,555,530,555,555,316.9,,,0,0,,megamillions.com,116057670,101628,58028835,67752,58096587,0.19201,17.47,,,,0,,$530 $555,LottoReport parse: date typo on source '07/19.22' -> 2022-07-19
2022-07-22,Fri,MM 5/70+1/25 $2 (2017-10-31..2025-04-04),302575350,2,660,630,660,660,388,,,0,0,,megamillions.com,172135264,138135,86067632,92090,86159722,0.28475,24.78,,,,0,,$630 $660,
2022-07-26,Tue,MM 5/70+1/25 $2 (2017-10-31..2025-04-04),302575350,2,830,790,830,830,487.9,,,0,0,,megamillions.com,332192282,276183,166096141,184122,166280263,0.54955,42.28,,,,0,,$790 $810 $830,
2022-07-29,Fri,MM 5/70+1/25 $2 (2017-10-31..2025-04-04),302575350,2,1280,1020,1280,1280,747.2,1337,780.5,1,1,IL,megamillions.com,703624812,623007,351812406,415338,352227744,1.16410,68.78,,,,0,,$1.02 $1.10 $1.28 Billion,
2022-08-02,Tue,MM 5/70+1/25 $2 (2017-10-31..2025-04-04),302575350,2,20,20,20,20,11.8,,,0,0,,megamillions.com,30184644,49749,15092322,33166,15125488,0.04999,4.88,,,,0,,$20,
2022-08-05,Fri,MM 5/70+1/25 $2 (2017-10-31..2025-04-04),302575350,2,36,36,36,36,20.9,,,0,0,,megamillions.com,24392572,31362,12196286,20908,12217194,0.04038,3.96,,,,0,,$36,
2022-08-09,Tue,MM 5/70+1/25 $2 (2017-10-31..2025-04-04),302575350,2,52,52,52,52,30.3,,,0,0,,megamillions.com,23529890,28737,11764945,19158,11784103,0.03895,3.82,,,,0,,$52,
2022-08-12,Fri,MM 5/70+1/25 $2 (2017-10-31..2025-04-04),302575350,2,65,65,65,65,37.3,,,0,0,,megamillions.com,24416558,26223,12208279,17482,12225761,0.04041,3.96,,,,0,,$65,
2022-08-16,Tue,MM 5/70+1/25 $2 (2017-10-31..2025-04-04),302575350,2,82,82,82,82,46.8,,,0,0,,megamillions.com,23536158,24495,11768079,16330,11784409,0.03895,3.82,,,,0,,$82,
2022-08-19,Fri,MM 5/70+1/25 $2 (2017-10-31..2025-04-04),302575350,2,99,99,99,99,56,,,0,0,,megamillions.com,25358936,23769,12679468,15846,12695314,0.04196,4.11,,,,0,,$99,
2022-08-23,Tue,MM 5/70+1/25 $2 (2017-10-31..2025-04-04),302575350,2,116,116,116,116,65.2,,,0,0,,megamillions.com,24854872,24483,12427436,16322,12443758,0.04113,4.03,,,,0,,$116,
2022-08-26,Fri,MM 5/70+1/25 $2 (2017-10-31..2025-04-04),302575350,2,135,135,135,135,75.8,,,0,0,,megamillions.com,26178064,23700,13089032,15800,13104832,0.04331,4.24,,,,0,,$135,
2022-08-30,Tue,MM 5/70+1/25 $2 (2017-10-31..2025-04-04),302575350,2,153,153,153,153,86.4,,,0,0,,megamillions.com,25293964,24396,12646982,16264,12663246,0.04185,4.10,,,,0,,$153,
2022-09-02,Fri,MM 5/70+1/25 $2 (2017-10-31..2025-04-04),302575350,2,169,169,169,169,93.2,,,0,0,,megamillions.com,27138652,23169,13569326,15446,13584772,0.04490,4.39,,,,0,,$169,
2022-09-06,Tue,MM 5/70+1/25 $2 (2017-10-31..2025-04-04),302575350,2,191,191,191,191,103.7,,,0,0,,megamillions.com,24681278,22269,12340639,14846,12355485,0.04083,4.00,,,,0,,$191,
2022-09-09,Fri,MM 5/70+1/25 $2 (2017-10-31..2025-04-04),302575350,2,210,210,210,210,114.3,,,0,0,,megamillions.com,28181062,24258,14090531,16172,14106703,0.04662,4.56,,,,0,,$210,
2022-09-13,Tue,MM 5/70+1/25 $2 (2017-10-31..2025-04-04),302575350,2,231,231,231,231,123.9,,,0,0,,megamillions.com,27944858,25011,13972429,16674,13989103,0.04623,4.52,,,,0,,$231,
2022-09-16,Fri,MM 5/70+1/25 $2 (2017-10-31..2025-04-04),302575350,2,256,256,256,256,137.7,,,0,0,,megamillions.com,30103714,24369,15051857,16246,15068103,0.04980,4.86,,,,0,,$256,
2022-09-20,Tue,MM 5/70+1/25 $2 (2017-10-31..2025-04-04),302575350,2,277,277,277,277,147.5,,,0,0,,megamillions.com,29006920,25947,14503460,17298,14520758,0.04799,4.69,,,,0,,$277,
2022-09-23,Fri,MM 5/70+1/25 $2 (2017-10-31..2025-04-04),302575350,2,301,301,301,301,159.6,,,0,0,,megamillions.com,33048310,28362,16524155,18908,16543063,0.05467,5.32,,,,0,,$301,
2022-09-27,Tue,MM 5/70+1/25 $2 (2017-10-31..2025-04-04),302575350,2,325,325,325,325,168.1,,,0,0,,megamillions.com,32783690,30486,16391845,20324,16412169,0.05424,5.28,,,,0,,$325,
2022-09-30,Fri,MM 5/70+1/25 $2 (2017-10-31..2025-04-04),302575350,2,355,355,355,355,187,,,0,0,,megamillions.com,35311666,30543,17655833,20362,17676195,0.05842,5.67,,,,0,,$355,
2022-10-04,Tue,MM 5/70+1/25 $2 (2017-10-31..2025-04-04),302575350,2,380,380,380,380,198.2,,,0,0,,megamillions.com,35341108,32094,17670554,21396,17691950,0.05847,5.68,,,,0,,$380,
2022-10-07,Fri,MM 5/70+1/25 $2 (2017-10-31..2025-04-04),302575350,2,410,410,410,410,208.2,,,0,0,,megamillions.com,40907774,34386,20453887,22924,20476811,0.06768,6.54,,,,0,,$410,
2022-10-11,Tue,MM 5/70+1/25 $2 (2017-10-31..2025-04-04),302575350,2,445,445,445,445,224,,,0,0,,megamillions.com,44481110,37350,22240555,24900,22265455,0.07359,7.09,,,,0,,$445,
2022-10-14,Fri,MM 5/70+1/25 $2 (2017-10-31..2025-04-04),302575350,2,494,494,494,494,247.9,,,1,2,"CA,FL",megamillions.com,51813466,40278,25906733,26852,25933585,0.08571,8.21,,,,0,,$494,
2022-10-18,Tue,MM 5/70+1/25 $2 (2017-10-31..2025-04-04),302575350,2,20,20,20,20,9.9,,,0,0,,megamillions.com,19610340,18951,9805170,12634,9817804,0.03245,3.19,,,,0,,$20,
2022-10-21,Fri,MM 5/70+1/25 $2 (2017-10-31..2025-04-04),302575350,2,30,30,30,30,14.3,,,0,0,,megamillions.com,20299998,17994,10149999,11996,10161995,0.03359,3.30,,,,0,,$30,
2022-10-25,Tue,MM 5/70+1/25 $2 (2017-10-31..2025-04-04),302575350,2,45,45,45,45,21.8,,,0,0,,megamillions.com,22204064,21690,11102032,14460,11116492,0.03674,3.61,,,,0,,$45,
2022-10-28,Fri,MM 5/70+1/25 $2 (2017-10-31..2025-04-04),302575350,2,64,64,64,64,31.5,,,0,0,,megamillions.com,27158782,24399,13579391,16266,13595657,0.04493,4.39,,,,0,,$64,
2022-11-01,Tue,MM 5/70+1/25 $2 (2017-10-31..2025-04-04),302575350,2,87,87,87,87,43.2,,,0,0,,megamillions.com,34667042,37131,17333521,24754,17358275,0.05737,5.58,,,,0,,$87,
2022-11-04,Fri,MM 5/70+1/25 $2 (2017-10-31..2025-04-04),302575350,2,119,119,119,119,57.7,,,0,0,,megamillions.com,42415204,42708,21207602,28472,21236074,0.07018,6.78,,,,0,,$119,
2022-11-08,Tue,MM 5/70+1/25 $2 (2017-10-31..2025-04-04),302575350,2,154,154,154,154,74.2,,,0,0,,megamillions.com,49957278,54741,24978639,36494,25015133,0.08267,7.93,,,,0,,$154,
2022-11-11,Fri,MM 5/70+1/25 $2 (2017-10-31..2025-04-04),302575350,2,189,189,189,189,93.9,,,0,0,,megamillions.com,34592902,32811,17296451,21874,17318325,0.05724,5.56,,,,0,,$189,
2022-11-15,Tue,MM 5/70+1/25 $2 (2017-10-31..2025-04-04),302575350,2,207,207,207,207,103.6,,,0,0,,megamillions.com,32978214,29910,16489107,19940,16509047,0.05456,5.31,,,,0,,$207,
2022-11-18,Fri,MM 5/70+1/25 $2 (2017-10-31..2025-04-04),302575350,2,238,238,238,238,120.8,,,0,0,,megamillions.com,33766054,27240,16883027,18160,16901187,0.05586,5.43,,,,0,,$238,
2022-11-22,Tue,MM 5/70+1/25 $2 (2017-10-31..2025-04-04),302575350,2,259,259,259,259,132.1,,,0,0,,megamillions.com,34678630,29688,17339315,19792,17359107,0.05737,5.58,,,,0,,$259,
2022-11-25,Fri,MM 5/70+1/25 $2 (2017-10-31..2025-04-04),302575350,2,284,284,284,284,147.3,,,0,0,,megamillions.com,31990642,26967,15995321,17978,16013299,0.05292,5.15,,,,0,,$284,
2022-11-29,Tue,MM 5/70+1/25 $2 (2017-10-31..2025-04-04),302575350,2,305,305,305,305,157.8,,,0,0,,megamillions.com,36326030,31137,18163015,20758,18183773,0.06010,5.83,,,,0,,$305,
2022-12-02,Fri,MM 5/70+1/25 $2 (2017-10-31..2025-04-04),302575350,2,333,333,333,333,175.8,,,0,0,,megamillions.com,39035792,32754,19517896,21836,19539732,0.06458,6.25,,,,0,,$333,
2022-12-06,Tue,MM 5/70+1/25 $2 (2017-10-31..2025-04-04),302575350,2,354,354,354,354,189.3,,,0,0,,megamillions.com,38529520,32748,19264760,21832,19286592,0.06374,6.18,,,,0,,$354,
2022-12-09,Fri,MM 5/70+1/25 $2 (2017-10-31..2025-04-04),302575350,2,379,379,379,379,204.8,,,0,0,,megamillions.com,38550438,30969,19275219,20646,19295865,0.06377,6.18,,,,0,,$379,
2022-12-13,Tue,MM 5/70+1/25 $2 (2017-10-31..2025-04-04),302575350,2,400,400,400,400,217.8,,,0,0,,megamillions.com,42371128,34008,21185564,22672,21208236,0.07009,6.77,,,,0,,$400,
2022-12-16,Fri,MM 5/70+1/25 $2 (2017-10-31..2025-04-04),302575350,2,429,429,429,429,231,,,0,0,,megamillions.com,43031542,34746,21515771,23164,21538935,0.07119,6.87,,,,0,,$429,
2022-12-20,Tue,MM 5/70+1/25 $2 (2017-10-31..2025-04-04),302575350,2,465,465,465,465,243.3,,,0,0,,megamillions.com,46274346,38208,23137173,25472,23162645,0.07655,7.37,,,,0,,$465,
2022-12-23,Fri,MM 5/70+1/25 $2 (2017-10-31..2025-04-04),302575350,2,510,510,510,510,265,,,0,0,,megamillions.com,60368956,45036,30184478,30024,30214502,0.09986,9.50,,,,0,,$510,
2022-12-27,Tue,MM 5/70+1/25 $2 (2017-10-31..2025-04-04),302575350,2,565,565,565,565,289.8,,,0,0,,megamillions.com,88899648,58920,44449824,39280,44489104,0.14703,13.67,,,,0,,$565,
2022-12-30,Fri,MM 5/70+1/25 $2 (2017-10-31..2025-04-04),302575350,2,685,640,685,685,347.8,,,0,0,,megamillions.com,123311312,81705,61655656,54470,61710126,0.20395,18.45,,,,0,,$640 $685,
2023-01-03,Tue,MM 5/70+1/25 $2 (2017-10-31..2025-04-04),302575350,2,785,785,785,785,403.8,,,0,0,,megamillions.com,142207976,96585,71103988,64390,71168378,0.23521,20.96,,,,0,,$785,
2023-01-06,Fri,MM 5/70+1/25 $2 (2017-10-31..2025-04-04),302575350,2,940,940,940,940,486,,,0,0,,megamillions.com,204445112,137826,102222556,91884,102314440,0.33815,28.69,,,,0,,$940,
2023-01-10,Tue,MM 5/70+1/25 $2 (2017-10-31..2025-04-04),302575350,2,1100,1100,1100,1100,576.8,,,0,0,,megamillions.com,287166314,202323,143583157,134882,143718039,0.47498,37.81,,,,0,,$1.1 B,
2023-01-13,Fri,MM 5/70+1/25 $2 (2017-10-31..2025-04-04),302575350,2,1350,1350,1350,1350,724.6,1350,724.6,1,1,ME,megamillions.com,345884960,283176,172942480,188784,173131264,0.57219,43.57,,,,0,,$1.35 B,
2023-01-17,Tue,MM 5/70+1/25 $2 (2017-10-31..2025-04-04),302575350,2,20,20,20,20,10.6,,,1,1,NY,megamillions.com,25936390,28662,12968195,19108,12987303,0.04292,4.20,,,,0,,$20,
2023-01-20,Fri,MM 5/70+1/25 $2 (2017-10-31..2025-04-04),302575350,2,20,20,20,20,10.7,,,0,0,,megamillions.com,23652120,21918,11826060,14612,11840672,0.03913,3.84,,,,0,,$20,
2023-01-24,Tue,MM 5/70+1/25 $2 (2017-10-31..2025-04-04),302575350,2,31,31,31,31,16.3,,,1,1,MA,megamillions.com,22912402,21207,11456201,14138,11470339,0.03791,3.72,,,,0,,$31,
2023-01-27,Fri,MM 5/70+1/25 $2 (2017-10-31..2025-04-04),302575350,2,20,20,20,20,10.6,,,0,0,,megamillions.com,22433488,18582,11216744,12388,11229132,0.03711,3.64,,,,0,,$20,
2023-01-31,Tue,MM 5/70+1/25 $2 (2017-10-31..2025-04-04),302575350,2,31,31,31,31,16.5,,,1,1,MA,megamillions.com,22041366,18624,11020683,12416,11033099,0.03646,3.58,,,,0,,$31,
2023-02-03,Fri,MM 5/70+1/25 $2 (2017-10-31..2025-04-04),302575350,2,20,20,20,20,10.7,,,0,0,,megamillions.com,23207064,19434,11603532,12956,11616488,0.03839,3.77,,,,0,,$20,
2023-02-07,Tue,MM 5/70+1/25 $2 (2017-10-31..2025-04-04),302575350,2,31,31,31,31,16.4,,,0,0,,megamillions.com,23953556,20925,11976778,13950,11990728,0.03963,3.89,,,,0,,$31,
2023-02-10,Fri,MM 5/70+1/25 $2 (2017-10-31..2025-04-04),302575350,2,50,50,50,50,26.2,,,0,0,,megamillions.com,23909562,18600,11954781,12400,11967181,0.03955,3.88,,,,0,,$50,
2023-02-14,Tue,MM 5/70+1/25 $2 (2017-10-31..2025-04-04),302575350,2,67,67,67,67,35.1,,,0,0,,megamillions.com,23349942,18348,11674971,12232,11687203,0.03863,3.79,,,,0,,$67,
2023-02-17,Fri,MM 5/70+1/25 $2 (2017-10-31..2025-04-04),302575350,2,84,84,84,84,42.9,,,0,0,,megamillions.com,24303426,17736,12151713,11824,12163537,0.04020,3.94,,,,0,,$84,
2023-02-21,Tue,MM 5/70+1/25 $2 (2017-10-31..2025-04-04),302575350,2,104,104,104,104,52.8,,,0,0,,megamillions.com,26042910,20616,13021455,13744,13035199,0.04308,4.22,,,,0,,$104,
2023-02-24,Fri,MM 5/70+1/25 $2 (2017-10-31..2025-04-04),302575350,2,126,126,126,126,64.5,,,0,0,,megamillions.com,26788516,19920,13394258,13280,13407538,0.04431,4.33,,,,0,,$126,
2023-02-28,Tue,MM 5/70+1/25 $2 (2017-10-31..2025-04-04),302575350,2,145,145,145,145,73.4,,,0,0,,megamillions.com,26369274,20820,13184637,13880,13198517,0.04362,4.27,,,,0,,$145,
2023-03-03,Fri,MM 5/70+1/25 $2 (2017-10-31..2025-04-04),302575350,2,167,167,167,167,85,,,0,0,,megamillions.com,28485888,20550,14242944,13700,14256644,0.04712,4.60,,,,0,,$167,
2023-03-07,Tue,MM 5/70+1/25 $2 (2017-10-31..2025-04-04),302575350,2,188,188,188,188,99.2,,,0,0,,megamillions.com,29244762,24435,14622381,16290,14638671,0.04838,4.72,,,,0,,$188,
2023-03-10,Fri,MM 5/70+1/25 $2 (2017-10-31..2025-04-04),302575350,2,203,203,203,203,106.9,,,0,0,,megamillions.com,32724748,24216,16362374,16144,16378518,0.05413,5.27,,,,0,,$203,
2023-03-14,Tue,MM 5/70+1/25 $2 (2017-10-31..2025-04-04),302575350,2,229,229,229,229,120.5,,,0,0,,megamillions.com,32307138,25866,16153569,17244,16170813,0.05344,5.20,,,,0,,$229,
2023-03-17,Fri,MM 5/70+1/25 $2 (2017-10-31..2025-04-04),302575350,2,254,254,254,254,136.8,,,0,0,,megamillions.com,35158464,27144,17579232,18096,17597328,0.05816,5.65,,,,0,,$254,
2023-03-21,Tue,MM 5/70+1/25 $2 (2017-10-31..2025-04-04),302575350,2,272,272,272,272,143.9,,,0,0,,megamillions.com,34037184,27522,17018592,18348,17036940,0.05631,5.48,,,,0,,$272,
2023-03-24,Fri,MM 5/70+1/25 $2 (2017-10-31..2025-04-04),302575350,2,302,302,302,302,163.5,,,0,0,,megamillions.com,37310526,28263,18655263,18842,18674105,0.06172,5.99,,,,0,,$302,
2023-03-28,Tue,MM 5/70+1/25 $2 (2017-10-31..2025-04-04),302575350,2,322,322,322,322,170.1,,,0,0,,megamillions.com,37388278,30021,18694139,20014,18714153,0.06185,6.00,,,,0,lr_internal_discrepancy,$322,"LR internal discrepancy: ticketcomparison23 says 18,741,153 plays vs 18,714,153 from sales page (digit transposition; kept)"
2023-03-31,Fri,MM 5/70+1/25 $2 (2017-10-31..2025-04-04),302575350,2,355,355,355,355,188.8,,,0,0,,megamillions.com,39852890,30999,19926445,20666,19947111,0.06592,6.38,,,,0,,$355,
2023-04-04,Tue,MM 5/70+1/25 $2 (2017-10-31..2025-04-04),302575350,2,385,385,385,385,205.5,,,0,0,,megamillions.com,40313802,32250,20156901,21500,20178401,0.06669,6.45,,,,0,,$385,
2023-04-07,Fri,MM 5/70+1/25 $2 (2017-10-31..2025-04-04),302575350,2,414,414,414,414,224.2,,,0,0,,megamillions.com,44150706,33603,22075353,22402,22097755,0.07303,7.04,,,,0,,$414,
2023-04-11,Tue,MM 5/70+1/25 $2 (2017-10-31..2025-04-04),302575350,2,441,441,441,441,237.2,,,0,0,,megamillions.com,45375910,35604,22687955,23736,22711691,0.07506,7.23,,,,0,,$441,
2023-04-14,Fri,MM 5/70+1/25 $2 (2017-10-31..2025-04-04),302575350,2,476,476,476,476,253.1,,,1,1,NY,megamillions.com,47889000,35808,23944500,23872,23968372,0.07921,7.62,,,,0,,$476,
2023-04-18,Tue,MM 5/70+1/25 $2 (2017-10-31..2025-04-04),302575350,2,20,20,20,20,10.5,,,1,1,NY,megamillions.com,18815380,16500,9407690,11000,9418690,0.03113,3.06,,,,0,,$20,
2023-04-21,Fri,MM 5/70+1/25 $2 (2017-10-31..2025-04-04),302575350,2,20,20,20,20,10.5,,,0,0,,megamillions.com,18510778,14817,9255389,9878,9265267,0.03062,3.02,,,,0,,$20,
2023-04-25,Tue,MM 5/70+1/25 $2 (2017-10-31..2025-04-04),302575350,2,26,26,26,26,13.9,,,0,0,,megamillions.com,17938608,15252,8969304,10168,8979472,0.02968,2.92,,,,0,,$26,
2023-04-28,Fri,MM 5/70+1/25 $2 (2017-10-31..2025-04-04),302575350,2,38,38,38,38,20.2,,,0,0,,megamillions.com,19624936,15180,9812468,10120,9822588,0.03246,3.19,,,,0,,$38,
2023-05-02,Tue,MM 5/70+1/25 $2 (2017-10-31..2025-04-04),302575350,2,52,52,52,52,27.4,,,0,0,,megamillions.com,19578900,15870,9789450,10580,9800030,0.03239,3.19,,,,0,,$52,
2023-05-05,Fri,MM 5/70+1/25 $2 (2017-10-31..2025-04-04),302575350,2,68,68,68,68,35.9,,,0,0,,megamillions.com,21030366,16416,10515183,10944,10526127,0.03479,3.42,,,,0,,$68,
2023-05-09,Tue,MM 5/70+1/25 $2 (2017-10-31..2025-04-04),302575350,2,83,83,83,83,43.7,,,0,0,,megamillions.com,20206322,16218,10103161,10812,10113973,0.03343,3.29,,,,0,,$83,
2023-05-12,Fri,MM 5/70+1/25 $2 (2017-10-31..2025-04-04),302575350,2,99,99,99,99,52.9,,,0,0,,megamillions.com,21866084,16968,10933042,11312,10944354,0.03617,3.55,,,,0,corrected,$99,"CORRECTED: sales page shows $28,866,084; LottoReport ticketcomparison23 gives 10,944,354 plays incl. JTJ => base sales $21,866,084 (one-digit typo); consistent with neighbouring Fridays ($21.0M, $23.2M) and jackpot growth"
2023-05-16,Tue,MM 5/70+1/25 $2 (2017-10-31..2025-04-04),302575350,2,113,113,113,113,58.9,,,0,0,,megamillions.com,21769234,18108,10884617,12072,10896689,0.03601,3.54,,,,0,,$113,
2023-05-19,Fri,MM 5/70+1/25 $2 (2017-10-31..2025-04-04),302575350,2,132,132,132,132,67.9,,,0,0,,megamillions.com,23245600,17796,11622800,11864,11634664,0.03845,3.77,,,,0,,$132,
2023-05-23,Tue,MM 5/70+1/25 $2 (2017-10-31..2025-04-04),302575350,2,150,150,150,150,76.7,,,0,0,,megamillions.com,22428298,18315,11214149,12210,11226359,0.03710,3.64,,,,0,,$150,
2023-05-26,Fri,MM 5/70+1/25 $2 (2017-10-31..2025-04-04),302575350,2,169,169,169,169,86.1,,,0,0,,megamillions.com,24126212,18468,12063106,12312,12075418,0.03991,3.91,,,,0,,$169,
2023-05-30,Tue,MM 5/70+1/25 $2 (2017-10-31..2025-04-04),302575350,2,187,187,187,187,96.3,,,0,0,,megamillions.com,22221796,18378,11110898,12252,11123150,0.03676,3.61,,,,0,,$187,
2023-06-02,Fri,MM 5/70+1/25 $2 (2017-10-31..2025-04-04),302575350,2,203,203,203,203,106,,,0,0,,megamillions.com,26203842,20718,13101921,13812,13115733,0.04335,4.24,,,,0,,$203,
2023-06-06,Tue,MM 5/70+1/25 $2 (2017-10-31..2025-04-04),302575350,2,218,218,218,218,113,,,0,0,,megamillions.com,25296464,20745,12648232,13830,12662062,0.04185,4.10,,,,0,,$218,
2023-06-09,Fri,MM 5/70+1/25 $2 (2017-10-31..2025-04-04),302575350,2,240,240,240,240,124,,,0,0,,megamillions.com,26998152,20358,13499076,13572,13512648,0.04466,4.37,,,,0,,$240,
2023-06-13,Tue,MM 5/70+1/25 $2 (2017-10-31..2025-04-04),302575350,2,260,260,260,260,134.4,,,0,0,,megamillions.com,26565186,20724,13282593,13816,13296409,0.04394,4.30,,,,0,,$260,
2023-06-16,Fri,MM 5/70+1/25 $2 (2017-10-31..2025-04-04),302575350,2,281,281,281,281,146.1,,,0,0,,megamillions.com,28109484,20868,14054742,13912,14068654,0.04650,4.54,,,,0,,$281,
2023-06-20,Tue,MM 5/70+1/25 $2 (2017-10-31..2025-04-04),302575350,2,300,300,300,300,157.2,,,0,0,,megamillions.com,29792900,23190,14896450,15460,14911910,0.04928,4.81,,,,0,,$300,
2023-06-23,Fri,MM 5/70+1/25 $2 (2017-10-31..2025-04-04),302575350,2,320,320,320,320,168,,,0,0,,megamillions.com,32059276,25362,16029638,16908,16046546,0.05303,5.17,,,,0,,$320,
2023-06-27,Tue,MM 5/70+1/25 $2 (2017-10-31..2025-04-04),302575350,2,343,343,343,343,180.3,,,0,0,,megamillions.com,32328988,25755,16164494,17170,16181664,0.05348,5.21,,,,0,,$343,
2023-06-30,Fri,MM 5/70+1/25 $2 (2017-10-31..2025-04-04),302575350,2,368,368,368,368,190.7,,,0,0,,megamillions.com,35181442,27687,17590721,18458,17609179,0.05820,5.65,,,,0,,$368,
2023-07-04,Tue,MM 5/70+1/25 $2 (2017-10-31..2025-04-04),302575350,2,400,400,400,400,206.7,,,0,0,,megamillions.com,38265762,31338,19132881,20892,19153773,0.06330,6.13,,,,0,,$400,
2023-07-07,Fri,MM 5/70+1/25 $2 (2017-10-31..2025-04-04),302575350,2,450,427,450,450,225.6,,,0,0,,megamillions.com,54630344,38316,27315172,25544,27340716,0.09036,8.64,,,,0,,$427 $450,
2023-07-11,Tue,MM 5/70+1/25 $2 (2017-10-31..2025-04-04),302575350,2,500,480,500,500,251,,,0,0,,megamillions.com,71971232,52248,35985616,34832,36020448,0.11905,11.22,,,,0,,$480 $500,
2023-07-14,Fri,MM 5/70+1/25 $2 (2017-10-31..2025-04-04),302575350,2,560,560,560,560,287,,,0,0,,megamillions.com,82909078,55290,41454539,36860,41491399,0.13713,12.81,,,,0,,$560,
2023-07-18,Tue,MM 5/70+1/25 $2 (2017-10-31..2025-04-04),302575350,2,640,640,640,640,328.5,,,0,0,,megamillions.com,111603978,74487,55801989,49658,55851647,0.18459,16.86,,,,0,,$640,
2023-07-21,Fri,MM 5/70+1/25 $2 (2017-10-31..2025-04-04),302575350,2,720,720,720,720,370.5,,,0,0,,megamillions.com,120691146,85815,60345573,57210,60402783,0.19963,18.10,,,,0,,$720,
2023-07-25,Tue,MM 5/70+1/25 $2 (2017-10-31..2025-04-04),302575350,2,820,820,820,820,418.3,,,0,0,,megamillions.com,120130782,91923,60065391,61282,60126673,0.19872,18.02,,,,0,,$820,
2023-07-28,Fri,MM 5/70+1/25 $2 (2017-10-31..2025-04-04),302575350,2,940,910,940,940,472.5,,,0,0,,megamillions.com,152939860,112410,76469930,74940,76544870,0.25298,22.35,,,,0,,$910 $940,
2023-08-01,Tue,MM 5/70+1/25 $2 (2017-10-31..2025-04-04),302575350,2,1100,1050,1100,1100,550.2,,,0,0,,megamillions.com,231506398,178410,115753199,118940,115872139,0.38295,31.82,,,,0,,$1.05B $1.1 B,
2023-08-04,Fri,MM 5/70+1/25 $2 (2017-10-31..2025-04-04),302575350,2,1350,1250,1350,1350,659.5,,,0,0,,megamillions.com,265143910,201681,132571955,134454,132706409,0.43859,35.51,,,,0,,$1.25B $1.35 B,
2023-08-08,Tue,MM 5/70+1/25 $2 (2017-10-31..2025-04-04),302575350,2,1580,1550,1580,1580,783.3,1602,794.2,1,1,FL,megamillions.com,343013390,270249,171506695,180166,171686861,0.56742,43.30,,,,0,,$1.55B $1.58B,
2023-08-11,Fri,MM 5/70+1/25 $2 (2017-10-31..2025-04-04),302575350,2,20,20,20,20,9.7,,,0,0,,megamillions.com,26971842,27492,13485921,18328,13504249,0.04463,4.36,,,,0,,$20,
2023-08-15,Tue,MM 5/70+1/25 $2 (2017-10-31..2025-04-04),302575350,2,36,36,36,36,17.4,,,1,1,FL,megamillions.com,23397970,21855,11698985,14570,11713555,0.03871,3.80,,,,0,,$36,
2023-08-18,Fri,MM 5/70+1/25 $2 (2017-10-31..2025-04-04),302575350,2,20,20,20,20,9.5,,,0,0,,megamillions.com,22076796,19431,11038398,12954,11051352,0.03652,3.59,,,,0,,$20,
2023-08-22,Tue,MM 5/70+1/25 $2 (2017-10-31..2025-04-04),302575350,2,33,33,33,33,15.6,,,0,0,,megamillions.com,21538386,19938,10769193,13292,10782485,0.03564,3.50,,,,0,,$33,
2023-08-25,Fri,MM 5/70+1/25 $2 (2017-10-31..2025-04-04),302575350,2,52,52,52,52,25.1,,,0,0,,megamillions.com,22107906,18711,11053953,12474,11066427,0.03657,3.59,,,,0,,$52,
2023-08-29,Tue,MM 5/70+1/25 $2 (2017-10-31..2025-04-04),302575350,2,67,67,67,67,32.5,,,0,0,,megamillions.com,21284348,18666,10642174,12444,10654618,0.03521,3.46,,,,0,,$67,
2023-09-01,Fri,MM 5/70+1/25 $2 (2017-10-31..2025-04-04),302575350,2,85,85,85,85,41.3,,,0,0,,megamillions.com,23053754,19110,11526877,12740,11539617,0.03814,3.74,,,,0,,$85,
2023-09-05,Tue,MM 5/70+1/25 $2 (2017-10-31..2025-04-04),302575350,2,101,101,101,101,48.6,,,0,0,,megamillions.com,22923990,19536,11461995,13024,11475019,0.03792,3.72,,,,0,,$101,
2023-09-08,Fri,MM 5/70+1/25 $2 (2017-10-31..2025-04-04),302575350,2,122,122,122,122,59.1,,,0,0,,megamillions.com,24773734,18819,12386867,12546,12399413,0.04098,4.02,,,,0,,$122,
2023-09-12,Tue,MM 5/70+1/25 $2 (2017-10-31..2025-04-04),302575350,2,141,141,141,141,67.7,,,0,0,,megamillions.com,24504344,19419,12252172,12946,12265118,0.04054,3.97,,,,0,,$141,
2023-09-15,Fri,MM 5/70+1/25 $2 (2017-10-31..2025-04-04),302575350,2,162,162,162,162,77.4,,,0,0,,megamillions.com,26099230,20013,13049615,13342,13062957,0.04317,4.23,,,,0,,$162,
2023-09-19,Tue,MM 5/70+1/25 $2 (2017-10-31..2025-04-04),302575350,2,183,183,183,183,87.6,,,0,0,,megamillions.com,26194210,21144,13097105,14096,13111201,0.04333,4.24,,,,0,,$183,
2023-09-22,Fri,MM 5/70+1/25 $2 (2017-10-31..2025-04-04),302575350,2,205,205,205,205,96.1,,,0,0,,megamillions.com,29754728,21279,14877364,14186,14891550,0.04922,4.80,,,,0,,$205,
2023-09-26,Tue,MM 5/70+1/25 $2 (2017-10-31..2025-04-04),302575350,2,230,230,230,230,106.4,,,0,0,,megamillions.com,31285624,23427,15642812,15618,15658430,0.05175,5.04,,,,0,,$230,
2023-09-29,Fri,MM 5/70+1/25 $2 (2017-10-31..2025-04-04),302575350,2,267,267,267,267,123.3,,,0,0,,megamillions.com,35530732,25917,17765366,17278,17782644,0.05877,5.71,,,,0,,$267,
2023-10-03,Tue,MM 5/70+1/25 $2 (2017-10-31..2025-04-04),302575350,2,315,300,315,315,140.3,,,0,0,,megamillions.com,42119808,32247,21059904,21498,21081402,0.06967,6.73,,,,0,,$300 $315,
2023-10-06,Fri,MM 5/70+1/25 $2 (2017-10-31..2025-04-04),302575350,2,360,350,360,360,156.9,,,1,1,TX,megamillions.com,44906228,33114,22453114,22076,22475190,0.07428,7.16,,,,0,,$350 $360,Texas Lottery lists 1 Texas jackpot winner (CVO)
2023-10-10,Tue,MM 5/70+1/25 $2 (2017-10-31..2025-04-04),302575350,2,20,20,20,20,8.8,,,0,0,,megamillions.com,30441708,26901,15220854,17934,15238788,0.05036,4.91,,,,0,,$20,
2023-10-13,Fri,MM 5/70+1/25 $2 (2017-10-31..2025-04-04),302575350,2,48,48,48,48,21.6,,,0,0,,megamillions.com,28777120,23466,14388560,15644,14404204,0.04761,4.65,,,,0,,$48,
2023-10-17,Tue,MM 5/70+1/25 $2 (2017-10-31..2025-04-04),302575350,2,69,69,69,69,30.1,,,0,0,,megamillions.com,23227708,18574,11613854,12383,11626237,0.03842,3.77,,,,0,,$69,
2023-10-20,Fri,MM 5/70+1/25 $2 (2017-10-31..2025-04-04),302575350,2,91,91,91,91,39.2,,,0,0,,megamillions.com,24602898,18963,12301449,12642,12314091,0.04070,3.99,,,,0,,$91,
2023-10-24,Tue,MM 5/70+1/25 $2 (2017-10-31..2025-04-04),302575350,2,114,114,114,114,49.6,,,0,0,,megamillions.com,25486426,20043,12743213,13362,12756575,0.04216,4.13,,,,0,,$114,
2023-10-27,Fri,MM 5/70+1/25 $2 (2017-10-31..2025-04-04),302575350,2,137,137,137,137,59.8,,,0,0,,megamillions.com,26052756,19476,13026378,12984,13039362,0.04309,4.22,,,,0,,$137,
2023-10-31,Tue,MM 5/70+1/25 $2 (2017-10-31..2025-04-04),302575350,2,159,159,159,159,69.6,,,0,0,,megamillions.com,25399012,19839,12699506,13226,12712732,0.04202,4.11,,,,0,,$159,
2023-11-03,Fri,MM 5/70+1/25 $2 (2017-10-31..2025-04-04),302575350,2,181,181,181,181,82.3,,,0,0,,megamillions.com,27049036,19623,13524518,13082,13537600,0.04474,4.38,,,,0,,$181,
2023-11-07,Tue,MM 5/70+1/25 $2 (2017-10-31..2025-04-04),302575350,2,196,196,196,196,87.9,,,0,0,,megamillions.com,27038668,20286,13519334,13524,13532858,0.04473,4.37,,,,0,,$196,
2023-11-10,Fri,MM 5/70+1/25 $2 (2017-10-31..2025-04-04),302575350,2,223,223,223,223,100.8,,,0,0,,megamillions.com,28866098,21009,14433049,14006,14447055,0.04775,4.66,,,,0,,$223,
2023-11-14,Tue,MM 5/70+1/25 $2 (2017-10-31..2025-04-04),302575350,2,245,245,245,245,112,,,0,0,,megamillions.com,27653778,21333,13826889,14222,13841111,0.04574,4.47,,,,0,,$245,
2023-11-17,Fri,MM 5/70+1/25 $2 (2017-10-31..2025-04-04),302575350,2,267,267,267,267,121.9,,,0,0,,megamillions.com,28100350,19995,14050175,13330,14063505,0.04648,4.54,,,,0,,$267,
2023-11-21,Tue,MM 5/70+1/25 $2 (2017-10-31..2025-04-04),302575350,2,289,289,289,289,133.3,,,0,0,,megamillions.com,27978390,20667,13989195,13778,14002973,0.04628,4.52,,,,0,,$289,
2023-11-24,Fri,MM 5/70+1/25 $2 (2017-10-31..2025-04-04),302575350,2,308,308,308,308,140.8,,,0,0,,megamillions.com,27362190,20307,13681095,13538,13694633,0.04526,4.43,,,,0,,$308,
2023-11-28,Tue,MM 5/70+1/25 $2 (2017-10-31..2025-04-04),302575350,2,335,335,335,335,154.8,,,0,0,,megamillions.com,28922918,21501,14461459,14334,14475793,0.04784,4.67,,,,0,,$335,
2023-12-01,Fri,MM 5/70+1/25 $2 (2017-10-31..2025-04-04),302575350,2,355,355,355,355,165.1,,,0,0,,megamillions.com,30861254,22251,15430627,14834,15445461,0.05105,4.98,,,,0,,$355,
2023-12-05,Tue,MM 5/70+1/25 $2 (2017-10-31..2025-04-04),302575350,2,377,377,377,377,179.6,,,0,0,,megamillions.com,30722584,22689,15361292,15126,15376418,0.05082,4.95,,,,0,,$377,
2023-12-08,Fri,MM 5/70+1/25 $2 (2017-10-31..2025-04-04),302575350,2,395,395,395,395,189,,,1,2,CA(2),megamillions.com,32058204,21621,16029102,14414,16043516,0.05302,5.16,,,,0,,$395,
2023-12-12,Tue,MM 5/70+1/25 $2 (2017-10-31..2025-04-04),302575350,2,20,20,20,20,9.5,,,0,0,,megamillions.com,18207882,14418,9103941,9612,9113553,0.03012,2.97,,,,0,,$20,
2023-12-15,Fri,MM 5/70+1/25 $2 (2017-10-31..2025-04-04),302575350,2,28,28,28,28,13.9,,,0,0,,megamillions.com,18972488,13857,9486244,9238,9495482,0.03138,3.09,,,,0,,$28,
2023-12-19,Tue,MM 5/70+1/25 $2 (2017-10-31..2025-04-04),302575350,2,41,41,41,41,20.4,,,0,0,,megamillions.com,18994540,15174,9497270,10116,9507386,0.03142,3.09,,,,0,,$41,
2023-12-22,Fri,MM 5/70+1/25 $2 (2017-10-31..2025-04-04),302575350,2,57,57,57,57,28.5,,,0,0,,megamillions.com,22277012,16833,11138506,11222,11149728,0.03685,3.62,,,,0,,$57,
2023-12-26,Tue,MM 5/70+1/25 $2 (2017-10-31..2025-04-04),302575350,2,73,73,73,73,36.4,,,0,0,,megamillions.com,21798700,17916,10899350,11944,10911294,0.03606,3.54,,,,0,,$73,
2023-12-29,Fri,MM 5/70+1/25 $2 (2017-10-31..2025-04-04),302575350,2,92,92,92,92,46.1,,,0,0,,megamillions.com,27187194,20739,13593597,13826,13607423,0.04497,4.40,,,,0,,$92,
2024-01-02,Tue,MM 5/70+1/25 $2 (2017-10-31..2025-04-04),302575350,2,114,114,114,114,56.1,,,0,0,,megamillions.com,29679012,24114,14839506,16076,14855582,0.04910,4.79,,,,0,,$114,
2024-01-05,Fri,MM 5/70+1/25 $2 (2017-10-31..2025-04-04),302575350,2,140,140,140,140,67.8,,,0,0,,megamillions.com,28305210,21366,14152605,14244,14166849,0.04682,4.57,,,,0,,$140,
2024-01-09,Tue,MM 5/70+1/25 $2 (2017-10-31..2025-04-04),302575350,2,165,165,165,165,80.3,,,0,0,,megamillions.com,27183626,21567,13591813,14378,13606191,0.04497,4.40,,,,0,,$165,
2024-01-12,Fri,MM 5/70+1/25 $2 (2017-10-31..2025-04-04),302575350,2,187,187,187,187,91.3,,,0,0,,megamillions.com,29348294,21873,14674147,14582,14688729,0.04855,4.74,,,,0,,$187,
2024-01-16,Tue,MM 5/70+1/25 $2 (2017-10-31..2025-04-04),302575350,2,208,208,208,208,100.1,,,0,0,,megamillions.com,27881148,20595,13940574,13730,13954304,0.04612,4.51,,,,0,,$208,
2024-01-19,Fri,MM 5/70+1/25 $2 (2017-10-31..2025-04-04),302575350,2,236,236,236,236,111.3,,,0,0,,megamillions.com,29784004,20448,14892002,13632,14905634,0.04926,4.81,,,,0,,$236,
2024-01-23,Tue,MM 5/70+1/25 $2 (2017-10-31..2025-04-04),302575350,2,262,262,262,262,124.2,,,0,0,,megamillions.com,29948536,22614,14974268,15076,14989344,0.04954,4.83,,,,0,,$262,LottoReport parse: date typo on source '01/23/23' -> 2024-01-23
2024-01-26,Fri,MM 5/70+1/25 $2 (2017-10-31..2025-04-04),302575350,2,285,285,285,285,134.7,,,0,0,,megamillions.com,30997142,21909,15498571,14606,15513177,0.05127,5.00,,,,0,,$285,
2024-01-30,Tue,MM 5/70+1/25 $2 (2017-10-31..2025-04-04),302575350,2,311,311,311,311,149.5,,,0,0,,megamillions.com,32657814,24519,16328907,16346,16345253,0.05402,5.26,,,,0,,$311,
2024-02-02,Fri,MM 5/70+1/25 $2 (2017-10-31..2025-04-04),302575350,2,333,333,333,333,162.1,,,0,0,,megamillions.com,35968974,26526,17984487,17684,18002171,0.05950,5.78,,,,0,,$333,
2024-02-06,Tue,MM 5/70+1/25 $2 (2017-10-31..2025-04-04),302575350,2,365,358,365,365,174.6,,,0,0,,megamillions.com,34307474,26628,17153737,17752,17171489,0.05675,5.52,,,,0,,$358 $365,
2024-02-09,Fri,MM 5/70+1/25 $2 (2017-10-31..2025-04-04),302575350,2,394,394,394,394,187.3,,,0,0,,megamillions.com,36063398,26433,18031699,17622,18049321,0.05965,5.79,,,,0,,$394,
2024-02-13,Tue,MM 5/70+1/25 $2 (2017-10-31..2025-04-04),302575350,2,425,425,425,425,201.7,,,0,0,,megamillions.com,37418466,29241,18709233,19494,18728727,0.06190,6.00,,,,0,,$425,
2024-02-16,Fri,MM 5/70+1/25 $2 (2017-10-31..2025-04-04),302575350,2,457,457,457,457,214.2,,,0,0,,megamillions.com,39017330,29220,19508665,19480,19528145,0.06454,6.25,,,,0,,$457,
2024-02-20,Tue,MM 5/70+1/25 $2 (2017-10-31..2025-04-04),302575350,2,493,493,493,493,232.1,,,0,0,,megamillions.com,39479416,30423,19739708,20282,19759990,0.06531,6.32,,,,0,,$493,
2024-02-23,Fri,MM 5/70+1/25 $2 (2017-10-31..2025-04-04),302575350,2,525,525,525,525,247.5,,,0,0,,megamillions.com,45903658,33426,22951829,22284,22974113,0.07593,7.31,,,,0,,$525,
2024-02-27,Tue,MM 5/70+1/25 $2 (2017-10-31..2025-04-04),302575350,2,563,563,563,563,266.1,,,0,0,,megamillions.com,47878026,35802,23939013,23868,23962881,0.07920,7.61,,,,0,,$563,
2024-03-01,Fri,MM 5/70+1/25 $2 (2017-10-31..2025-04-04),302575350,2,607,607,607,607,288.2,,,0,0,,megamillions.com,54910202,41088,27455101,27392,27482493,0.09083,8.68,,,,0,,$607,
2024-03-05,Tue,MM 5/70+1/25 $2 (2017-10-31..2025-04-04),302575350,2,650,650,650,650,314.4,,,0,0,,megamillions.com,57497922,42990,28748961,28660,28777621,0.09511,9.07,,,,0,,$650,
2024-03-08,Fri,MM 5/70+1/25 $2 (2017-10-31..2025-04-04),302575350,2,687,687,687,687,333.4,,,0,0,,megamillions.com,59156924,41964,29578462,27976,29606438,0.09785,9.32,,,,0,,$687,
2024-03-12,Tue,MM 5/70+1/25 $2 (2017-10-31..2025-04-04),302575350,2,735,735,735,735,354.3,,,0,0,,megamillions.com,67758282,49719,33879141,33146,33912287,0.11208,10.60,,,,0,,$735,
2024-03-15,Fri,MM 5/70+1/25 $2 (2017-10-31..2025-04-04),302575350,2,815,792,815,815,385.1,,,0,0,,megamillions.com,77065214,53058,38532607,35372,38567979,0.12747,11.97,,,,0,,$792 $815,
2024-03-19,Tue,MM 5/70+1/25 $2 (2017-10-31..2025-04-04),302575350,2,893,875,893,893,421.4,,,0,0,,megamillions.com,96672436,68919,48336218,45946,48382164,0.15990,14.78,,,,0,,$875 $893,
2024-03-22,Fri,MM 5/70+1/25 $2 (2017-10-31..2025-04-04),302575350,2,977,977,977,977,467,,,0,0,,megamillions.com,128379426,82818,64189713,55212,64244925,0.21233,19.13,,,,0,,$977,
2024-03-26,Tue,MM 5/70+1/25 $2 (2017-10-31..2025-04-04),302575350,2,1130,1100,1130,1130,537.5,1130,537.5,1,1,NJ,megamillions.com,174124148,129756,87062074,86504,87148578,0.28802,25.03,,,,0,,$1.10 1.13 Billion,
2024-03-29,Fri,MM 5/70+1/25 $2 (2017-10-31..2025-04-04),302575350,2,20,20,20,20,9.5,,,0,0,,megamillions.com,28876562,25845,14438281,17230,14455511,0.04777,4.67,,,,0,lr_internal_discrepancy,$20,"LR internal discrepancy: ticketcomparison24 says 14,445,511 plays vs 14,455,511 from sales page (kept)"
2024-04-02,Tue,MM 5/70+1/25 $2 (2017-10-31..2025-04-04),302575350,2,45,36,45,45,20.8,,,0,0,,megamillions.com,29419952,27003,14709976,18002,14727978,0.04868,4.75,,,,0,lr_internal_discrepancy,$36 $45,"LR internal discrepancy: ticketcomparison24 says 14,709,976 plays vs 14,727,978 from sales page (kept)"
2024-04-05,Fri,MM 5/70+1/25 $2 (2017-10-31..2025-04-04),302575350,2,67,67,67,67,31.1,,,0,0,,megamillions.com,33071626,27924,16535813,18616,16554429,0.05471,5.32,,,,0,,$67,
2024-04-09,Tue,MM 5/70+1/25 $2 (2017-10-31..2025-04-04),302575350,2,97,97,97,97,45.1,,,0,0,,megamillions.com,31938130,26700,15969065,17800,15986865,0.05284,5.15,,,,0,,$97,
2024-04-12,Fri,MM 5/70+1/25 $2 (2017-10-31..2025-04-04),302575350,2,125,120,125,125,57.3,,,0,0,,megamillions.com,29630848,22641,14815424,15094,14830518,0.04901,4.78,,,,0,,$120 $125,
2024-04-16,Tue,MM 5/70+1/25 $2 (2017-10-31..2025-04-04),302575350,2,148,148,148,148,66.1,,,0,0,,megamillions.com,29646322,23400,14823161,15600,14838761,0.04904,4.79,,,,0,,$148,
2024-04-19,Fri,MM 5/70+1/25 $2 (2017-10-31..2025-04-04),302575350,2,178,178,178,178,80.4,,,0,0,,megamillions.com,30390172,22290,15195086,14860,15209946,0.05027,4.90,,,,0,,$178,
2024-04-23,Tue,MM 5/70+1/25 $2 (2017-10-31..2025-04-04),302575350,2,202,202,202,202,91.6,,,0,0,,megamillions.com,31158104,22935,15579052,15290,15594342,0.05154,5.02,,,,0,,$202,
2024-04-26,Fri,MM 5/70+1/25 $2 (2017-10-31..2025-04-04),302575350,2,228,228,228,228,102.5,,,0,0,,megamillions.com,31573106,21948,15786553,14632,15801185,0.05222,5.09,,,,0,,$228,
2024-04-30,Tue,MM 5/70+1/25 $2 (2017-10-31..2025-04-04),302575350,2,257,257,257,257,115.5,,,0,0,,megamillions.com,31686202,23097,15843101,15398,15858499,0.05241,5.11,,,,0,lr_internal_discrepancy,$257,"LR internal discrepancy: ticketcomparison24 says 15,843,101 plays vs 15,858,499 from sales page (kept)"
2024-05-03,Fri,MM 5/70+1/25 $2 (2017-10-31..2025-04-04),302575350,2,284,284,284,284,130,,,0,0,,megamillions.com,32787390,23844,16393695,15896,16409591,0.05423,5.28,,,,0,,$284,
2024-05-07,Tue,MM 5/70+1/25 $2 (2017-10-31..2025-04-04),302575350,2,306,306,306,306,141.6,,,0,0,,megamillions.com,33564294,26367,16782147,17578,16799725,0.05552,5.40,,,,0,,$306,
2024-05-10,Fri,MM 5/70+1/25 $2 (2017-10-31..2025-04-04),302575350,2,331,331,331,331,152.2,,,0,0,,megamillions.com,35386340,25779,17693170,17186,17710356,0.05853,5.69,,,,0,,$331,
2024-05-14,Tue,MM 5/70+1/25 $2 (2017-10-31..2025-04-04),302575350,2,363,363,363,363,167.6,,,0,0,,megamillions.com,36522116,28341,18261058,18894,18279952,0.06041,5.86,,,,0,,$363,
2024-05-17,Fri,MM 5/70+1/25 $2 (2017-10-31..2025-04-04),302575350,2,393,393,393,393,182.9,,,0,0,,megamillions.com,37145334,26583,18572667,17722,18590389,0.06144,5.96,,,,0,,$393,
2024-05-21,Tue,MM 5/70+1/25 $2 (2017-10-31..2025-04-04),302575350,2,421,421,421,421,196.4,,,0,0,,megamillions.com,38877364,30876,19438682,20584,19459266,0.06431,6.23,,,,0,,$421,
2024-05-24,Fri,MM 5/70+1/25 $2 (2017-10-31..2025-04-04),302575350,2,453,453,453,453,209.8,,,0,0,,megamillions.com,39694300,29235,19847150,19490,19866640,0.06566,6.35,,,,0,,$453,
2024-05-28,Tue,MM 5/70+1/25 $2 (2017-10-31..2025-04-04),302575350,2,489,489,489,489,226.1,,,0,0,,megamillions.com,39071272,30984,19535636,20656,19556292,0.06463,6.26,,,,0,,$489,
2024-05-31,Fri,MM 5/70+1/25 $2 (2017-10-31..2025-04-04),302575350,2,522,522,522,522,240.8,,,0,0,,megamillions.com,44367916,32409,22183958,21606,22205564,0.07339,7.08,,,,0,,$522,
2024-06-04,Tue,MM 5/70+1/25 $2 (2017-10-31..2025-04-04),302575350,2,560,560,560,560,264,560,264.4,1,1,IL,megamillions.com,46444542,36729,23222271,24486,23246757,0.07683,7.40,,,,0,,$560,
2024-06-07,Fri,MM 5/70+1/25 $2 (2017-10-31..2025-04-04),302575350,2,20,20,20,20,9.3,,,0,0,,megamillions.com,19786268,15840,9893134,10560,9903694,0.03273,3.22,,,,0,,$20,
2024-06-11,Tue,MM 5/70+1/25 $2 (2017-10-31..2025-04-04),302575350,2,30,30,30,30,13.9,,,0,0,,megamillions.com,18592666,15132,9296333,10088,9306421,0.03076,3.03,,,,0,,$30,
2024-06-14,Fri,MM 5/70+1/25 $2 (2017-10-31..2025-04-04),302575350,2,47,47,47,47,22.6,,,0,0,,megamillions.com,20701202,15837,10350601,10558,10361159,0.03424,3.37,,,,0,,$47,
2024-06-18,Tue,MM 5/70+1/25 $2 (2017-10-31..2025-04-04),302575350,2,61,61,61,61,29.1,,,0,0,,megamillions.com,21163554,17256,10581777,11504,10593281,0.03501,3.44,,,,0,,$61,
2024-06-21,Fri,MM 5/70+1/25 $2 (2017-10-31..2025-04-04),302575350,2,80,80,80,80,38.3,,,0,0,,megamillions.com,22161092,17169,11080546,11446,11091992,0.03666,3.60,,,,0,,$80,
2024-06-25,Tue,MM 5/70+1/25 $2 (2017-10-31..2025-04-04),302575350,2,97,97,97,97,46.3,,,0,0,,megamillions.com,22360272,18930,11180136,12620,11192756,0.03699,3.63,,,,0,,$97,
2024-06-28,Fri,MM 5/70+1/25 $2 (2017-10-31..2025-04-04),302575350,2,116,116,116,116,55.2,,,0,0,,megamillions.com,24295842,18312,12147921,12208,12160129,0.04019,3.94,,,,0,,$116,
2024-07-02,Tue,MM 5/70+1/25 $2 (2017-10-31..2025-04-04),302575350,2,137,137,137,137,63,,,0,0,,megamillions.com,24496140,20106,12248070,13404,12261474,0.04052,3.97,,,,0,,$137,
2024-07-05,Fri,MM 5/70+1/25 $2 (2017-10-31..2025-04-04),302575350,2,162,162,162,162,75.5,,,0,0,,megamillions.com,25489202,20016,12744601,13344,12757945,0.04216,4.13,,,,0,,$162,
2024-07-09,Tue,MM 5/70+1/25 $2 (2017-10-31..2025-04-04),302575350,2,181,181,181,181,84.6,,,0,0,,megamillions.com,26969784,21771,13484892,14514,13499406,0.04462,4.36,,,,0,,$181,
2024-07-12,Fri,MM 5/70+1/25 $2 (2017-10-31..2025-04-04),302575350,2,203,203,203,203,96,,,0,0,,megamillions.com,29668646,22620,14834323,15080,14849403,0.04908,4.79,,,,0,,$203,
2024-07-16,Tue,MM 5/70+1/25 $2 (2017-10-31..2025-04-04),302575350,2,226,226,226,226,106.9,,,0,0,,megamillions.com,30535394,24291,15267697,16194,15283891,0.05051,4.93,,,,0,,$226,
2024-07-19,Fri,MM 5/70+1/25 $2 (2017-10-31..2025-04-04),302575350,2,251,251,251,251,118,,,0,0,,megamillions.com,31142620,24621,15571310,16414,15587724,0.05152,5.02,,,,0,,$251,
2024-07-23,Tue,MM 5/70+1/25 $2 (2017-10-31..2025-04-04),302575350,2,279,279,279,279,131.1,,,0,0,,megamillions.com,31567678,25482,15783839,16988,15800827,0.05222,5.09,,,,0,,$279,
2024-07-26,Fri,MM 5/70+1/25 $2 (2017-10-31..2025-04-04),302575350,2,306,306,306,306,144.4,,,0,0,,megamillions.com,33526718,25467,16763359,16978,16780337,0.05546,5.39,,,,0,,$306,
2024-07-30,Tue,MM 5/70+1/25 $2 (2017-10-31..2025-04-04),302575350,2,331,331,331,331,156.9,,,0,0,,megamillions.com,34320830,27168,17160415,18112,17178527,0.05677,5.52,,,,0,,$331,
2024-08-02,Fri,MM 5/70+1/25 $2 (2017-10-31..2025-04-04),302575350,2,358,358,358,358,176,,,0,0,,megamillions.com,35969442,28277,17984721,18851,18003572,0.05950,5.78,,,,0,,$358,
2024-08-06,Tue,MM 5/70+1/25 $2 (2017-10-31..2025-04-04),302575350,2,374,374,374,374,185.9,,,0,0,,megamillions.com,35823628,28791,17911814,19194,17931008,0.05926,5.75,,,,0,,$374,"LottoReport parse: typo-fixed from '$35,823.628'"
2024-08-09,Fri,MM 5/70+1/25 $2 (2017-10-31..2025-04-04),302575350,2,405,398,405,405,197.7,,,0,0,,megamillions.com,37845084,28854,18922542,19236,18941778,0.06260,6.07,,,,0,,$398 $405,
2024-08-13,Tue,MM 5/70+1/25 $2 (2017-10-31..2025-04-04),302575350,2,435,435,435,435,213.9,,,0,0,,megamillions.com,40101704,33738,20050852,22492,20073344,0.06634,6.42,,,,0,,$435,
2024-08-16,Fri,MM 5/70+1/25 $2 (2017-10-31..2025-04-04),302575350,2,464,464,464,464,228.5,,,0,0,,megamillions.com,42837654,34893,21418827,23262,21442089,0.07087,6.84,,,,0,,$464,
2024-08-20,Tue,MM 5/70+1/25 $2 (2017-10-31..2025-04-04),302575350,2,498,498,498,498,247.5,,,0,0,,megamillions.com,46968606,40252,23484303,26835,23511138,0.07770,7.48,,,,0,,$498,
2024-08-23,Fri,MM 5/70+1/25 $2 (2017-10-31..2025-04-04),302575350,2,535,527,535,535,265.6,,,0,0,,megamillions.com,51325800,42180,25662900,28120,25691020,0.08491,8.14,,,,0,,$527 $535,
2024-08-27,Tue,MM 5/70+1/25 $2 (2017-10-31..2025-04-04),302575350,2,582,575,582,582,286.9,,,0,0,,megamillions.com,56484418,46098,28242209,30732,28272941,0.09344,8.92,,,,0,,$575 $582,
2024-08-30,Fri,MM 5/70+1/25 $2 (2017-10-31..2025-04-04),302575350,2,627,627,627,627,309.4,,,0,0,,megamillions.com,66599982,50082,33299991,33388,33333379,0.11017,10.43,,,,0,,$627,
2024-09-03,Tue,MM 5/70+1/25 $2 (2017-10-31..2025-04-04),302575350,2,681,681,681,681,337.1,,,0,0,,megamillions.com,70322308,57048,35161154,38032,35199186,0.11633,10.98,,,,0,,$681,
2024-09-06,Fri,MM 5/70+1/25 $2 (2017-10-31..2025-04-04),302575350,2,740,740,740,740,371.6,,,0,0,,megamillions.com,83189834,61254,41594917,40836,41635753,0.13760,12.86,,,,0,,$740,
2024-09-10,Tue,MM 5/70+1/25 $2 (2017-10-31..2025-04-04),302575350,2,800,800,800,800,404.2,810,409.3,1,1,TX,megamillions.com,102030056,75531,51015028,50354,51065382,0.16877,15.53,,,,0,,$800,Texas Lottery lists 1 Texas jackpot winner (CVO)
2024-09-13,Fri,MM 5/70+1/25 $2 (2017-10-31..2025-04-04),302575350,2,20,20,20,20,10.1,,,0,0,,megamillions.com,22118560,19530,11059280,13020,11072300,0.03659,3.59,,,,0,,$20,
2024-09-17,Tue,MM 5/70+1/25 $2 (2017-10-31..2025-04-04),302575350,2,31,31,31,31,15.8,,,0,0,,megamillions.com,19504214,17262,9752107,11508,9763615,0.03227,3.18,,,,0,,$31,
2024-09-20,Fri,MM 5/70+1/25 $2 (2017-10-31..2025-04-04),302575350,2,47,47,47,47,23.5,,,0,0,,megamillions.com,20193464,16446,10096732,10964,10107696,0.03341,3.29,,,,0,,$47,
2024-09-24,Tue,MM 5/70+1/25 $2 (2017-10-31..2025-04-04),302575350,2,62,62,62,62,30.8,,,0,0,,megamillions.com,19851666,16245,9925833,10830,9936663,0.03284,3.23,,,,0,,$62,
2024-09-27,Fri,MM 5/70+1/25 $2 (2017-10-31..2025-04-04),302575350,2,77,77,77,77,38.5,,,0,0,,megamillions.com,20382768,16131,10191384,10754,10202138,0.03372,3.32,,,,0,,$77,
2024-10-01,Tue,MM 5/70+1/25 $2 (2017-10-31..2025-04-04),302575350,2,93,93,93,93,46.4,,,0,0,,megamillions.com,20638870,16626,10319435,11084,10330519,0.03414,3.36,,,,0,,$93,
2024-10-04,Fri,MM 5/70+1/25 $2 (2017-10-31..2025-04-04),302575350,2,108,108,108,108,52.2,,,0,0,,megamillions.com,22621418,17427,11310709,11618,11322327,0.03742,3.67,,,,0,,$108,
2024-10-08,Tue,MM 5/70+1/25 $2 (2017-10-31..2025-04-04),302575350,2,129,129,129,129,61.5,,,0,0,,megamillions.com,22466100,18387,11233050,12258,11245308,0.03717,3.65,,,,0,,$129,
2024-10-11,Fri,MM 5/70+1/25 $2 (2017-10-31..2025-04-04),302575350,2,150,150,150,150,71,,,0,0,,megamillions.com,22529030,17787,11264515,11858,11276373,0.03727,3.66,,,,0,,$150,
2024-10-15,Tue,MM 5/70+1/25 $2 (2017-10-31..2025-04-04),302575350,2,169,169,169,169,80.7,,,0,0,,megamillions.com,22251340,18378,11125670,12252,11137922,0.03681,3.61,,,,0,,$169,
2024-10-18,Fri,MM 5/70+1/25 $2 (2017-10-31..2025-04-04),302575350,2,185,185,185,185,88,,,0,0,,megamillions.com,23379940,17097,11689970,11398,11701368,0.03867,3.79,,,,0,,$185,
2024-10-22,Tue,MM 5/70+1/25 $2 (2017-10-31..2025-04-04),302575350,2,205,205,205,205,96.1,,,0,0,,megamillions.com,24234964,19140,12117482,12760,12130242,0.04009,3.93,,,,0,,$205,
2024-10-25,Fri,MM 5/70+1/25 $2 (2017-10-31..2025-04-04),302575350,2,229,229,229,229,107.5,,,0,0,,megamillions.com,27336340,20355,13668170,13570,13681740,0.04522,4.42,,,,0,,$229,
2024-10-29,Tue,MM 5/70+1/25 $2 (2017-10-31..2025-04-04),302575350,2,250,250,250,250,115.5,,,0,0,,megamillions.com,28422554,22569,14211277,15046,14226323,0.04702,4.59,,,,0,,$250,
2024-11-01,Fri,MM 5/70+1/25 $2 (2017-10-31..2025-04-04),302575350,2,281,281,281,281,131.5,,,0,0,,megamillions.com,30664310,22353,15332155,14902,15347057,0.05072,4.95,,,,0,,$281,
2024-11-05,Tue,MM 5/70+1/25 $2 (2017-10-31..2025-04-04),302575350,2,303,303,303,303,141.3,,,0,0,,megamillions.com,33501116,26397,16750558,17598,16768156,0.05542,5.39,,,,0,,$303,
2024-11-08,Fri,MM 5/70+1/25 $2 (2017-10-31..2025-04-04),302575350,2,334,334,334,334,156.5,,,0,0,,megamillions.com,33571660,24798,16785830,16532,16802362,0.05553,5.40,,,,0,,$334,
2024-11-12,Tue,MM 5/70+1/25 $2 (2017-10-31..2025-04-04),302575350,2,361,361,361,361,169.2,,,0,0,,megamillions.com,33750780,26226,16875390,17484,16892874,0.05583,5.43,,,,0,,$361,
2024-11-15,Fri,MM 5/70+1/25 $2 (2017-10-31..2025-04-04),302575350,2,387,387,387,387,176.7,,,0,0,,megamillions.com,34795406,26016,17397703,17344,17415047,0.05756,5.59,,,,0,,$387,
2024-11-19,Tue,MM 5/70+1/25 $2 (2017-10-31..2025-04-04),302575350,2,420,420,420,420,194.3,,,0,0,,megamillions.com,37824608,29874,18912304,19916,18932220,0.06257,6.07,,,,0,,$420,
2024-11-22,Fri,MM 5/70+1/25 $2 (2017-10-31..2025-04-04),302575350,2,453,453,453,453,208.7,,,0,0,,megamillions.com,38202878,30975,19101439,20650,19122089,0.06320,6.12,,,,0,,$453,
2024-11-26,Tue,MM 5/70+1/25 $2 (2017-10-31..2025-04-04),302575350,2,489,489,489,489,229.3,,,0,0,,megamillions.com,41057680,33639,20528840,22426,20551266,0.06792,6.57,,,,0,,$489,
2024-11-29,Fri,MM 5/70+1/25 $2 (2017-10-31..2025-04-04),302575350,2,514,514,514,514,244.7,,,0,0,,megamillions.com,42145982,32697,21072991,21798,21094789,0.06972,6.73,,,,0,,$514,
2024-12-03,Tue,MM 5/70+1/25 $2 (2017-10-31..2025-04-04),302575350,2,541,541,541,541,258.4,,,0,0,,megamillions.com,47605130,37809,23802565,25206,23827771,0.07875,7.57,,,,0,,$541,
2024-12-06,Fri,MM 5/70+1/25 $2 (2017-10-31..2025-04-04),302575350,2,579,579,579,579,278.4,,,0,0,,megamillions.com,49908912,39012,24954456,26008,24980464,0.08256,7.92,,,,0,,$579,
2024-12-10,Tue,MM 5/70+1/25 $2 (2017-10-31..2025-04-04),302575350,2,619,619,619,619,293.6,,,0,0,,megamillions.com,57753952,46788,28876976,31192,28908168,0.09554,9.11,,,,0,,$619,
2024-12-13,Fri,MM 5/70+1/25 $2 (2017-10-31..2025-04-04),302575350,2,695,670,695,695,322,,,0,0,,megamillions.com,64287402,48894,32143701,32596,32176297,0.10634,10.09,,,,0,,$670 $695,
2024-12-17,Tue,MM 5/70+1/25 $2 (2017-10-31..2025-04-04),302575350,2,760,740,760,760,352.1,,,0,0,,megamillions.com,78430682,59682,39215341,39788,39255129,0.12974,12.17,,,,0,,$740 $760,
2024-12-20,Fri,MM 5/70+1/25 $2 (2017-10-31..2025-04-04),302575350,2,862,825,862,862,392.1,,,0,0,,megamillions.com,101400592,73044,50700296,48696,50748992,0.16772,15.44,,,,0,,$825 $862,
2024-12-24,Tue,MM 5/70+1/25 $2 (2017-10-31..2025-04-04),302575350,2,1000,944,1000,1000,448.8,,,0,0,,megamillions.com,202532442,144636,101266221,96424,101362645,0.33500,28.47,,,,0,,$944 $970 $1 B,
2024-12-27,Fri,MM 5/70+1/25 $2 (2017-10-31..2025-04-04),302575350,2,1220,1150,1220,1220,549.7,1269,571.9,1,1,CA,megamillions.com,275112246,198471,137556123,132314,137688437,0.45506,36.56,,,,0,,$1.15 $1.22 B,
2024-12-31,Tue,MM 5/70+1/25 $2 (2017-10-31..2025-04-04),302575350,2,20,20,20,20,9,,,0,0,,megamillions.com,28086738,29547,14043369,19698,14063067,0.04648,4.54,,,,0,,$20,
2025-01-03,Fri,MM 5/70+1/25 $2 (2017-10-31..2025-04-04),302575350,2,42,42,42,42,18.8,,,0,0,,megamillions.com,20981496,19581,10490748,13054,10503802,0.03471,3.41,,,,0,,$42,
2025-01-07,Tue,MM 5/70+1/25 $2 (2017-10-31..2025-04-04),302575350,2,62,62,62,62,27.4,,,0,0,,megamillions.com,20068414,18306,10034207,12204,10046411,0.03320,3.27,,,,0,,$62,
2025-01-10,Fri,MM 5/70+1/25 $2 (2017-10-31..2025-04-04),302575350,2,77,77,77,77,33.7,,,0,0,,megamillions.com,20575786,16563,10287893,11042,10298935,0.03404,3.35,,,,0,,$77,
2025-01-14,Tue,MM 5/70+1/25 $2 (2017-10-31..2025-04-04),302575350,2,95,95,95,95,41.3,,,0,0,,megamillions.com,20385346,17160,10192673,11440,10204113,0.03372,3.32,,,,0,,$95,LottoReport parse: date typo on source '01/14/24' -> 2025-01-14
2025-01-17,Fri,MM 5/70+1/25 $2 (2017-10-31..2025-04-04),302575350,2,113,113,113,113,50.4,,,1,1,AZ,megamillions.com,22898568,18459,11449284,12306,11461590,0.03788,3.72,,,,0,,$113,
2025-01-21,Tue,MM 5/70+1/25 $2 (2017-10-31..2025-04-04),302575350,2,20,20,20,20,8.9,,,0,0,,megamillions.com,16826184,14124,8413092,9416,8422508,0.02784,2.75,,,,0,,$20,
2025-01-24,Fri,MM 5/70+1/25 $2 (2017-10-31..2025-04-04),302575350,2,28,28,28,28,12.4,,,0,0,,megamillions.com,18082780,13755,9041390,9170,9050560,0.02991,2.95,,,,0,,$28,
2025-01-28,Tue,MM 5/70+1/25 $2 (2017-10-31..2025-04-04),302575350,2,44,44,44,44,19.8,,,0,0,,megamillions.com,18503946,14883,9251973,9922,9261895,0.03061,3.01,,,,0,,$44,
2025-01-31,Fri,MM 5/70+1/25 $2 (2017-10-31..2025-04-04),302575350,2,59,59,59,59,26.6,,,0,0,,megamillions.com,19580544,15195,9790272,10130,9800402,0.03239,3.19,,,,0,,$59,
2025-02-04,Tue,MM 5/70+1/25 $2 (2017-10-31..2025-04-04),302575350,2,77,77,77,77,34.6,,,0,0,,megamillions.com,19632096,16047,9816048,10698,9826746,0.03248,3.20,,,,0,,$77,
2025-02-07,Fri,MM 5/70+1/25 $2 (2017-10-31..2025-04-04),302575350,2,94,94,94,94,42.9,,,0,0,,megamillions.com,20527728,16359,10263864,10906,10274770,0.03396,3.34,,,,0,,$94,
2025-02-11,Tue,MM 5/70+1/25 $2 (2017-10-31..2025-04-04),302575350,2,110,110,110,110,50,,,0,0,,megamillions.com,20767954,16446,10383977,10964,10394941,0.03435,3.38,,,,0,,$110,
2025-02-14,Fri,MM 5/70+1/25 $2 (2017-10-31..2025-04-04),302575350,2,129,129,129,129,59,,,0,0,,megamillions.com,21896940,17301,10948470,11534,10960004,0.03622,3.56,,,,0,,$129,
2025-02-18,Tue,MM 5/70+1/25 $2 (2017-10-31..2025-04-04),302575350,2,145,145,145,145,65.9,,,0,0,,megamillions.com,20982528,16905,10491264,11270,10502534,0.03471,3.41,,,,0,,$145,
2025-02-21,Fri,MM 5/70+1/25 $2 (2017-10-31..2025-04-04),302575350,2,165,165,165,165,75.4,,,0,0,,megamillions.com,22006320,17088,11003160,11392,11014552,0.03640,3.57,,,,0,,$165,
2025-02-25,Tue,MM 5/70+1/25 $2 (2017-10-31..2025-04-04),302575350,2,181,181,181,181,84.5,,,0,0,,megamillions.com,22337916,17538,11168958,11692,11180650,0.03695,3.63,,,,0,,$181,
2025-02-28,Fri,MM 5/70+1/25 $2 (2017-10-31..2025-04-04),302575350,2,197,197,197,197,92.4,,,0,0,,megamillions.com,23796624,18135,11898312,12090,11910402,0.03936,3.86,,,,0,,$197,
2025-03-04,Tue,MM 5/70+1/25 $2 (2017-10-31..2025-04-04),302575350,2,215,215,215,215,101.9,,,0,0,,megamillions.com,24027758,18579,12013879,12386,12026265,0.03975,3.90,,,,0,,$215,
2025-03-07,Fri,MM 5/70+1/25 $2 (2017-10-31..2025-04-04),302575350,2,233,233,233,233,108.8,,,0,0,,megamillions.com,25019528,18132,12509764,12088,12521852,0.04138,4.05,,,,0,,$233,
2025-03-11,Tue,MM 5/70+1/25 $2 (2017-10-31..2025-04-04),302575350,2,256,256,256,256,119.7,,,0,0,,megamillions.com,25067458,19380,12533729,12920,12546649,0.04147,4.06,,,,0,,$256,
2025-03-14,Fri,MM 5/70+1/25 $2 (2017-10-31..2025-04-04),302575350,2,277,277,277,277,128.4,,,0,0,,megamillions.com,25746302,18444,12873151,12296,12885447,0.04259,4.17,,,,0,,$277,
2025-03-18,Tue,MM 5/70+1/25 $2 (2017-10-31..2025-04-04),302575350,2,301,301,301,301,140,,,0,0,,megamillions.com,27229102,20322,13614551,13548,13628099,0.04504,4.40,,,,0,,$301,
2025-03-21,Fri,MM 5/70+1/25 $2 (2017-10-31..2025-04-04),302575350,2,324,324,324,324,152.1,,,0,0,,megamillions.com,28648736,20250,14324368,13500,14337868,0.04739,4.63,,,,0,,$324,
2025-03-25,Tue,MM 5/70+1/25 $2 (2017-10-31..2025-04-04),302575350,2,344,344,344,344,159.1,,,1,1,IL,megamillions.com,28825322,21864,14412661,14576,14427237,0.04768,4.66,,,,0,,$344,
2025-03-28,Fri,MM 5/70+1/25 $2 (2017-10-31..2025-04-04),302575350,2,20,20,20,20,9.2,,,0,0,,megamillions.com,18303236,13557,9151618,9038,9160656,0.03028,2.98,,,,0,,$20,
2025-04-01,Tue,MM 5/70+1/25 $2 (2017-10-31..2025-04-04),302575350,2,29,29,29,29,13.5,,,0,0,,megamillions.com,17324506,14889,8662253,9926,8672179,0.02866,2.83,,,,0,,$29,
2025-04-04,Fri,MM 5/70+1/25 $2 (2017-10-31..2025-04-04),302575350,2,43,43,43,43,20.5,,,0,0,,megamillions.com,18610925,15396,9305462,10264,9315726,0.03079,3.03,,,,0,minor_typo,$43,base sales not a multiple of $2 -> transcription error on source (small)
2025-04-08,Tue,MM 5/70+1/24 $5 (2025-04-08+),290472336,5,54,54,54,54,25.7,,,0,0,,megamillions.com,26231975,,5246395,,5246395,0.01806,1.79,,,,0,,$54,
2025-04-11,Fri,MM 5/70+1/24 $5 (2025-04-08+),290472336,5,72,72,72,72,34.3,,,0,0,,megamillions.com,26289075,,5257815,,5257815,0.01810,1.79,,,,0,,$72,
2025-04-15,Tue,MM 5/70+1/24 $5 (2025-04-08+),290472336,5,96,96,96,96,42.2,,,0,0,,megamillions.com,26056635,,5211327,,5211327,0.01794,1.78,,,,0,,$96,
2025-04-18,Fri,MM 5/70+1/24 $5 (2025-04-08+),290472336,5,112,112,112,112,49.3,,,1,1,OH,megamillions.com,27339640,,5467928,,5467928,0.01882,1.86,,,,0,,$112,
2025-04-22,Tue,MM 5/70+1/24 $5 (2025-04-08+),290472336,5,50,50,50,50,22.4,,,0,0,,megamillions.com,22541550,,4508310,,4508310,0.01552,1.54,,,,0,,$50,
2025-04-25,Fri,MM 5/70+1/24 $5 (2025-04-08+),290472336,5,60,60,60,60,26.9,,,0,0,,megamillions.com,23100550,,4620110,,4620110,0.01591,1.58,,,,0,,$60,
2025-04-29,Tue,MM 5/70+1/24 $5 (2025-04-08+),290472336,5,70,70,70,70,31.8,,,0,0,,megamillions.com,23467810,,4693562,,4693562,0.01616,1.60,,,,0,,$70,
2025-05-02,Fri,MM 5/70+1/24 $5 (2025-04-08+),290472336,5,80,80,80,80,36.4,,,0,0,,megamillions.com,25299180,,5059836,,5059836,0.01742,1.73,,,,0,,$80,
2025-05-06,Tue,MM 5/70+1/24 $5 (2025-04-08+),290472336,5,90,90,90,90,40.8,,,0,0,,megamillions.com,24939915,,4987983,,4987983,0.01717,1.70,,,,0,,$90,
2025-05-09,Fri,MM 5/70+1/24 $5 (2025-04-08+),290472336,5,100,100,100,100,45.3,,,0,0,,megamillions.com,26867925,,5373585,,5373585,0.01850,1.83,,,,0,,$100,
2025-05-13,Tue,MM 5/70+1/24 $5 (2025-04-08+),290472336,5,110,110,110,110,49.4,,,0,0,,megamillions.com,26171245,,5234249,,5234249,0.01802,1.79,,,,0,,$110,
2025-05-16,Fri,MM 5/70+1/24 $5 (2025-04-08+),290472336,5,122,122,122,122,54.8,,,0,0,,megamillions.com,26033440,,5206688,,5206688,0.01792,1.78,,,,0,,$122,
2025-05-20,Tue,MM 5/70+1/24 $5 (2025-04-08+),290472336,5,139,139,139,139,62.3,,,0,0,,megamillions.com,25409220,,5081844,,5081844,0.01750,1.73,,,,0,,$139,
2025-05-23,Fri,MM 5/70+1/24 $5 (2025-04-08+),290472336,5,154,154,154,154,69,,,0,0,,megamillions.com,26082235,,5216447,,5216447,0.01796,1.78,,,,0,,$154,
2025-05-27,Tue,MM 5/70+1/24 $5 (2025-04-08+),290472336,5,173,173,173,173,75.7,,,0,0,,megamillions.com,24743515,,4948703,,4948703,0.01704,1.69,,,,0,,$173,
2025-05-30,Fri,MM 5/70+1/24 $5 (2025-04-08+),290472336,5,189,189,189,189,82.7,,,0,0,,megamillions.com,26623875,,5324775,,5324775,0.01833,1.82,,,,0,,$189,
2025-06-03,Tue,MM 5/70+1/24 $5 (2025-04-08+),290472336,5,202,202,202,202,90,,,0,0,,megamillions.com,29775515,,5955103,,5955103,0.02050,2.03,,,,0,,$202,
2025-06-06,Fri,MM 5/70+1/24 $5 (2025-04-08+),290472336,5,223,223,223,223,99.4,,,0,0,,megamillions.com,30951580,,6190316,,6190316,0.02131,2.11,,,,0,,$223,
2025-06-10,Tue,MM 5/70+1/24 $5 (2025-04-08+),290472336,5,243,243,243,243,108,,,0,0,,megamillions.com,31553240,,6310648,,6310648,0.02173,2.15,,,,0,,$243,
2025-06-13,Fri,MM 5/70+1/24 $5 (2025-04-08+),290472336,5,264,264,264,264,117.3,,,0,0,,megamillions.com,32903445,,6580689,,6580689,0.02266,2.24,,,,0,,$264,
2025-06-17,Tue,MM 5/70+1/24 $5 (2025-04-08+),290472336,5,280,280,280,280,126.1,,,0,0,,megamillions.com,32368950,,6473790,,6473790,0.02229,2.20,,,,0,,$280,
2025-06-20,Fri,MM 5/70+1/24 $5 (2025-04-08+),290472336,5,302,302,302,302,136,,,0,0,,megamillions.com,34365670,,6873134,,6873134,0.02366,2.34,,,,0,,$302,
2025-06-24,Tue,MM 5/70+1/24 $5 (2025-04-08+),290472336,5,326,326,326,326,145.7,,,0,0,,megamillions.com,34781190,,6956238,,6956238,0.02395,2.37,,,,0,,$326,
2025-06-27,Fri,MM 5/70+1/24 $5 (2025-04-08+),290472336,5,348,348,348,348,155.5,,,1,1,VA,megamillions.com,35747975,,7149595,,7149595,0.02461,2.43,,,,0,,$348,
2025-07-01,Tue,MM 5/70+1/24 $5 (2025-04-08+),290472336,5,50,50,50,50,22.4,,,0,0,,megamillions.com,21362490,,4272498,,4272498,0.01471,1.46,,,,0,,$50,
2025-07-04,Fri,MM 5/70+1/24 $5 (2025-04-08+),290472336,5,60,60,60,60,26.9,,,0,0,,megamillions.com,21702465,,4340493,,4340493,0.01494,1.48,,,,0,,$60,
2025-07-08,Tue,MM 5/70+1/24 $5 (2025-04-08+),290472336,5,70,70,70,70,31.3,,,0,0,,megamillions.com,20927680,,4185536,,4185536,0.01441,1.43,,,,0,,$70,
2025-07-11,Fri,MM 5/70+1/24 $5 (2025-04-08+),290472336,5,80,80,80,80,35.8,,,0,0,,megamillions.com,21971200,,4394240,,4394240,0.01513,1.50,,,,0,,$80,
2025-07-15,Tue,MM 5/70+1/24 $5 (2025-04-08+),290472336,5,90,90,90,90,39.9,,,0,0,,megamillions.com,21489810,,4297962,,4297962,0.01480,1.47,,,,0,,$90,
2025-07-18,Fri,MM 5/70+1/24 $5 (2025-04-08+),290472336,5,100,100,100,100,44.3,,,0,0,,megamillions.com,23491645,,4698329,,4698329,0.01617,1.60,,,,0,,$100,
2025-07-22,Tue,MM 5/70+1/24 $5 (2025-04-08+),290472336,5,110,110,110,110,48.4,,,0,0,,megamillions.com,22857670,,4571534,,4571534,0.01574,1.56,,,,0,,$110,
2025-07-25,Fri,MM 5/70+1/24 $5 (2025-04-08+),290472336,5,120,120,120,120,52.8,,,0,0,,megamillions.com,23294330,,4658866,,4658866,0.01604,1.59,,,,0,,$120,
2025-07-29,Tue,MM 5/70+1/24 $5 (2025-04-08+),290472336,5,130,130,130,130,57.5,,,0,0,,megamillions.com,22952415,,4590483,,4590483,0.01580,1.57,,,,0,,$130,
2025-08-01,Fri,MM 5/70+1/24 $5 (2025-04-08+),290472336,5,140,140,140,140,62,,,0,0,,megamillions.com,24492395,,4898479,,4898479,0.01686,1.67,,,,0,,$140,
2025-08-05,Tue,MM 5/70+1/24 $5 (2025-04-08+),290472336,5,150,150,150,150,67.9,,,0,0,,megamillions.com,24019680,,4803936,,4803936,0.01654,1.64,,,,0,,$150,
2025-08-08,Fri,MM 5/70+1/24 $5 (2025-04-08+),290472336,5,166,166,166,166,75.2,,,0,0,,megamillions.com,24827525,,4965505,,4965505,0.01709,1.69,,,,0,,$166,
2025-08-12,Tue,MM 5/70+1/24 $5 (2025-04-08+),290472336,5,182,182,182,182,82.1,,,0,0,,megamillions.com,25383490,,5076698,,5076698,0.01748,1.73,,,,0,,$182,
2025-08-15,Fri,MM 5/70+1/24 $5 (2025-04-08+),290472336,5,198,198,198,198,89.3,,,0,0,,megamillions.com,26710625,,5342125,,5342125,0.01839,1.82,,,,0,,$198,
2025-08-19,Tue,MM 5/70+1/24 $5 (2025-04-08+),290472336,5,216,216,216,216,97,,,0,0,,megamillions.com,27569975,,5513995,,5513995,0.01898,1.88,,,,0,,$216,
2025-08-22,Fri,MM 5/70+1/24 $5 (2025-04-08+),290472336,5,234,234,234,234,105.1,,,0,0,,megamillions.com,30636060,,6127212,,6127212,0.02109,2.09,,,,0,,$234,
2025-08-26,Tue,MM 5/70+1/24 $5 (2025-04-08+),290472336,5,253,253,253,253,113.8,,,0,0,,megamillions.com,34565830,,6913166,,6913166,0.02380,2.35,,,,0,,$253,
2025-08-29,Fri,MM 5/70+1/24 $5 (2025-04-08+),290472336,5,277,277,277,277,124.6,,,0,0,,megamillions.com,39105090,,7821018,,7821018,0.02693,2.66,,,,0,,$277,
2025-09-02,Tue,MM 5/70+1/24 $5 (2025-04-08+),290472336,5,302,302,302,302,136,,,0,0,,megamillions.com,48410245,,9682049,,9682049,0.03333,3.28,,,,0,,$302,
2025-09-05,Fri,MM 5/70+1/24 $5 (2025-04-08+),290472336,5,336,336,336,336,151.3,,,0,0,,megamillions.com,51455980,,10291196,,10291196,0.03543,3.48,,,,0,,$336,
2025-09-09,Tue,MM 5/70+1/24 $5 (2025-04-08+),290472336,5,358,358,358,358,164.5,,,0,0,,megamillions.com,45785995,,9157199,,9157199,0.03153,3.10,,,,0,,$358,
2025-09-12,Fri,MM 5/70+1/24 $5 (2025-04-08+),290472336,5,381,381,381,381,175,,,0,0,,megamillions.com,35739515,,7147903,,7147903,0.02461,2.43,,,,0,,$381,
2025-09-16,Tue,MM 5/70+1/24 $5 (2025-04-08+),290472336,5,400,400,400,400,185.8,,,0,0,,megamillions.com,38515850,,7703170,,7703170,0.02652,2.62,,,,0,,$400,
2025-09-19,Fri,MM 5/70+1/24 $5 (2025-04-08+),290472336,5,423,423,423,423,196.5,,,0,0,,megamillions.com,38176610,,7635322,,7635322,0.02629,2.59,,,,0,,$423,
2025-09-23,Tue,MM 5/70+1/24 $5 (2025-04-08+),290472336,5,451,451,451,451,208.7,,,0,0,,megamillions.com,38247415,,7649483,,7649483,0.02633,2.60,,,,0,,$451,
2025-09-26,Fri,MM 5/70+1/24 $5 (2025-04-08+),290472336,5,474,474,474,474,219.4,,,0,0,,megamillions.com,37776550,,7555310,,7555310,0.02601,2.57,,,,0,,$474,
2025-09-30,Tue,MM 5/70+1/24 $5 (2025-04-08+),290472336,5,497,497,497,497,229.5,,,0,0,,megamillions.com,39318745,,7863749,,7863749,0.02707,2.67,,,,0,,$497,
2025-10-03,Fri,MM 5/70+1/24 $5 (2025-04-08+),290472336,5,520,520,520,520,240.1,,,0,0,,megamillions.com,41638840,,8327768,,8327768,0.02867,2.83,,,,0,,$520,
2025-10-07,Tue,MM 5/70+1/24 $5 (2025-04-08+),290472336,5,547,547,547,547,251.7,,,0,0,,megamillions.com,42863010,,8572602,,8572602,0.02951,2.91,,,,0,,$547,
2025-10-10,Fri,MM 5/70+1/24 $5 (2025-04-08+),290472336,5,575,575,575,575,264.6,,,0,0,,megamillions.com,42323025,,8464605,,8464605,0.02914,2.87,,,,0,,$575,
2025-10-14,Tue,MM 5/70+1/24 $5 (2025-04-08+),290472336,5,600,600,600,600,277.2,,,0,0,,megamillions.com,47019800,,9403960,,9403960,0.03237,3.19,,,,0,,$600,
2025-10-17,Fri,MM 5/70+1/24 $5 (2025-04-08+),290472336,5,625,625,625,625,288.8,,,0,0,,megamillions.com,46989165,,9397833,,9397833,0.03235,3.18,,,,0,,$625,
2025-10-21,Tue,MM 5/70+1/24 $5 (2025-04-08+),290472336,5,650,650,650,650,304.1,,,0,0,,megamillions.com,51740390,,10348078,,10348078,0.03563,3.50,,,,0,,$650,
2025-10-24,Fri,MM 5/70+1/24 $5 (2025-04-08+),290472336,5,680,680,680,680,318.2,,,0,0,,megamillions.com,53787740,,10757548,,10757548,0.03703,3.64,,,,0,,$680,
2025-10-28,Tue,MM 5/70+1/24 $5 (2025-04-08+),290472336,5,714,714,714,714,334.1,,,0,0,,megamillions.com,59195175,,11839035,,11839035,0.04076,3.99,,,,0,,$714,
2025-10-31,Fri,MM 5/70+1/24 $5 (2025-04-08+),290472336,5,754,754,754,754,352.8,,,0,0,,megamillions.com,62014345,,12402869,,12402869,0.04270,4.18,,,,0,,$754,
2025-11-04,Tue,MM 5/70+1/24 $5 (2025-04-08+),290472336,5,800,800,800,800,371.7,,,0,0,,megamillions.com,71178850,,14235770,,14235770,0.04901,4.78,,,,0,,$800,
2025-11-07,Fri,MM 5/70+1/24 $5 (2025-04-08+),290472336,5,843,843,843,843,391.7,,,0,0,,megamillions.com,78169315,,15633863,,15633863,0.05382,5.24,,,,0,,$843,
2025-11-11,Tue,MM 5/70+1/24 $5 (2025-04-08+),290472336,5,900,900,900,900,415.3,,,0,0,,megamillions.com,98053915,,19610783,,19610783,0.06751,6.53,,,,0,,$900,
2025-11-14,Fri,MM 5/70+1/24 $5 (2025-04-08+),290472336,5,980,965,980,980,452.2,980,452,1,1,GA,megamillions.com,117563355,,23512671,,23512671,0.08095,7.78,,,,0,,$965 $980,
2025-11-18,Tue,MM 5/70+1/24 $5 (2025-04-08+),290472336,5,50,50,50,50,23.1,,,0,0,,megamillions.com,24514050,,4902810,,4902810,0.01688,1.67,,,,0,,$50,
2025-11-21,Fri,MM 5/70+1/24 $5 (2025-04-08+),290472336,5,60,60,60,60,27.7,,,0,0,,megamillions.com,23266285,,4653257,,4653257,0.01602,1.59,,,,0,,$60,
2025-11-25,Tue,MM 5/70+1/24 $5 (2025-04-08+),290472336,5,70,70,70,70,32.3,,,0,0,,megamillions.com,22933880,,4586776,,4586776,0.01579,1.57,,,,0,,$70,
2025-11-28,Fri,MM 5/70+1/24 $5 (2025-04-08+),290472336,5,80,80,80,80,36.9,,,0,0,,megamillions.com,22316915,,4463383,,4463383,0.01537,1.52,,,,0,,$80,
2025-12-02,Tue,MM 5/70+1/24 $5 (2025-04-08+),290472336,5,90,90,90,90,41.9,,,1,1,,megamillions.com,23588045,,4717609,,4717609,0.01624,1.61,,,,0,,$90,
2025-12-05,Fri,MM 5/70+1/24 $5 (2025-04-08+),290472336,5,50,50,50,50,23.3,,,0,0,,megamillions.com,22667330,,4533466,,4533466,0.01561,1.55,,,,0,,$50,
2025-12-09,Tue,MM 5/70+1/24 $5 (2025-04-08+),290472336,5,60,60,60,60,27.4,,,0,0,,megamillions.com,23197880,,4639576,,4639576,0.01597,1.58,,,,0,,$60,
2025-12-12,Fri,MM 5/70+1/24 $5 (2025-04-08+),290472336,5,70,70,70,70,32,,,0,0,,megamillions.com,26630250,,5326050,,5326050,0.01834,1.82,,,,0,,$70,
2025-12-16,Tue,MM 5/70+1/24 $5 (2025-04-08+),290472336,5,80,80,80,80,36.2,,,0,0,,megamillions.com,29304260,,5860852,,5860852,0.02018,2.00,,,,0,,$80,
2025-12-19,Fri,MM 5/70+1/24 $5 (2025-04-08+),290472336,5,90,90,90,90,40.8,,,0,0,,megamillions.com,31353725,,6270745,,6270745,0.02159,2.14,,,,0,,$90,
2025-12-23,Tue,MM 5/70+1/24 $5 (2025-04-08+),290472336,5,100,100,100,100,45.5,,,0,0,,megamillions.com,40300505,,8060101,,8060101,0.02775,2.74,,,,0,,$100,
2025-12-26,Fri,MM 5/70+1/24 $5 (2025-04-08+),290472336,5,125,125,125,125,56.9,,,0,0,,megamillions.com,33715220,,6743044,,6743044,0.02321,2.29,,,,0,,$125,
2025-12-30,Tue,MM 5/70+1/24 $5 (2025-04-08+),290472336,5,138,138,138,138,63.3,,,0,0,,megamillions.com,31007100,,6201420,,6201420,0.02135,2.11,,,,0,,$138,
2026-01-02,Fri,MM 5/70+1/24 $5 (2025-04-08+),290472336,5,157,157,157,157,72,,,0,0,,megamillions.com,30918485,,6183697,,6183697,0.02129,2.11,,,,0,,$157,
2026-01-06,Tue,MM 5/70+1/24 $5 (2025-04-08+),290472336,5,180,180,180,180,81.9,,,0,0,,megamillions.com,28548015,,5709603,,5709603,0.01966,1.95,,,,0,,$180,
2026-01-09,Fri,MM 5/70+1/24 $5 (2025-04-08+),290472336,5,199,199,199,199,90.5,,,0,0,,megamillions.com,28515360,,5703072,,5703072,0.01963,1.94,,,,0,,$199,
2026-01-13,Tue,MM 5/70+1/24 $5 (2025-04-08+),290472336,5,215,215,215,215,98.3,,,0,0,,megamillions.com,28149565,,5629913,,5629913,0.01938,1.92,,,,0,,$215,
2026-01-16,Fri,MM 5/70+1/24 $5 (2025-04-08+),290472336,5,230,230,230,230,105.1,,,0,0,,megamillions.com,28412535,,5682507,,5682507,0.01956,1.94,,,,0,,$230,
2026-01-20,Tue,MM 5/70+1/24 $5 (2025-04-08+),290472336,5,250,250,250,250,113.5,,,0,0,,megamillions.com,27197460,,5439492,,5439492,0.01873,1.86,,,,0,,$250,
2026-01-23,Fri,MM 5/70+1/24 $5 (2025-04-08+),290472336,5,266,266,266,266,120.8,,,0,0,,megamillions.com,30525355,,6105071,,6105071,0.02102,2.08,,,,0,,$266,
2026-01-27,Tue,MM 5/70+1/24 $5 (2025-04-08+),290472336,5,285,285,285,285,128.6,,,0,0,,megamillions.com,26930275,,5386055,,5386055,0.01854,1.84,,,,0,,$285,
2026-01-30,Fri,MM 5/70+1/24 $5 (2025-04-08+),290472336,5,303,303,303,303,136.7,,,0,0,,megamillions.com,31804055,,6360811,,6360811,0.02190,2.17,,,,0,,$303,
2026-02-03,Tue,MM 5/70+1/24 $5 (2025-04-08+),290472336,5,323,323,323,323,145.7,,,0,0,,megamillions.com,32594610,,6518922,,6518922,0.02244,2.22,,,,0,,$323,
2026-02-06,Fri,MM 5/70+1/24 $5 (2025-04-08+),290472336,5,346,346,346,346,156.1,,,0,0,,megamillions.com,33099795,,6619959,,6619959,0.02279,2.25,,,,0,,$346,
2026-02-10,Tue,MM 5/70+1/24 $5 (2025-04-08+),290472336,5,366,366,366,366,165.6,,,0,0,,megamillions.com,32338975,,6467795,,6467795,0.02227,2.20,,,,0,,$366,
2026-02-13,Fri,MM 5/70+1/24 $5 (2025-04-08+),290472336,5,385,385,385,385,174.2,,,0,0,,megamillions.com,33980155,,6796031,,6796031,0.02340,2.31,,,,0,,$385,
2026-02-17,Tue,MM 5/70+1/24 $5 (2025-04-08+),290472336,5,395,395,395,395,183.3,,,0,0,,megamillions.com,33645645,,6729129,,6729129,0.02317,2.29,,,,0,,$395,
2026-02-20,Fri,MM 5/70+1/24 $5 (2025-04-08+),290472336,5,416,416,416,416,193.1,,,0,0,,megamillions.com,34425910,,6885182,,6885182,0.02370,2.34,,,,0,,$416,
2026-02-24,Tue,MM 5/70+1/24 $5 (2025-04-08+),290472336,5,438,438,438,438,203.1,,,0,0,,megamillions.com,34364525,,6872905,,6872905,0.02366,2.34,,,,0,,$438,
2026-02-27,Fri,MM 5/70+1/24 $5 (2025-04-08+),290472336,5,458,458,458,458,212.4,,,0,0,,megamillions.com,36116465,,7223293,,7223293,0.02487,2.46,,,,0,,$458,
2026-03-03,Tue,MM 5/70+1/24 $5 (2025-04-08+),290472336,5,473,473,473,473,221.8,,,0,0,,megamillions.com,36928220,,7385644,,7385644,0.02543,2.51,,,,0,,$473,
2026-03-06,Fri,MM 5/70+1/24 $5 (2025-04-08+),290472336,5,496,496,496,496,232.6,,,0,0,,megamillions.com,39133320,,7826664,,7826664,0.02694,2.66,,,,0,,$496,
2026-03-10,Tue,MM 5/70+1/24 $5 (2025-04-08+),290472336,5,533,533,533,533,244.2,,,1,1,,megamillions.com,43454235,,8690847,,8690847,0.02992,2.95,,,,0,,$533,
2026-03-13,Fri,MM 5/70+1/24 $5 (2025-04-08+),290472336,5,50,50,50,50,22.9,,,0,0,,megamillions.com,21823810,,4364762,,4364762,0.01503,1.49,,,,0,,$50,
2026-03-17,Tue,MM 5/70+1/24 $5 (2025-04-08+),290472336,5,60,60,60,60,27.1,,,1,1,,megamillions.com,20152245,,4030449,,4030449,0.01388,1.38,,,,0,,$60,
2026-03-20,Fri,MM 5/70+1/24 $5 (2025-04-08+),290472336,5,50,50,50,50,22.6,,,0,0,,megamillions.com,19875885,,3975177,,3975177,0.01369,1.36,,,,0,,$50,
2026-03-24,Tue,MM 5/70+1/24 $5 (2025-04-08+),290472336,5,60,60,60,60,27,,,0,0,,megamillions.com,19353580,,3870716,,3870716,0.01333,1.32,,,,0,,$60,
2026-03-27,Fri,MM 5/70+1/24 $5 (2025-04-08+),290472336,5,70,70,70,70,31.5,,,0,0,,megamillions.com,19755795,,3951159,,3951159,0.01360,1.35,,,,0,,$70,
2026-03-31,Tue,MM 5/70+1/24 $5 (2025-04-08+),290472336,5,80,80,80,80,35.6,,,0,0,,megamillions.com,19621740,,3924348,,3924348,0.01351,1.34,,,,0,,$80,
2026-04-03,Fri,MM 5/70+1/24 $5 (2025-04-08+),290472336,5,90,90,90,90,40.1,,,0,0,,megamillions.com,20800875,,4160175,,4160175,0.01432,1.42,,,,0,,$90,
2026-04-07,Tue,MM 5/70+1/24 $5 (2025-04-08+),290472336,5,100,100,100,100,44.7,,,0,0,,megamillions.com,21446485,,4289297,,4289297,0.01477,1.47,,,,0,,$100,
2026-04-10,Fri,MM 5/70+1/24 $5 (2025-04-08+),290472336,5,110,110,110,110,49.2,,,0,0,,megamillions.com,23515645,,4703129,,4703129,0.01619,1.61,,,,0,,$110,
2026-04-14,Tue,MM 5/70+1/24 $5 (2025-04-08+),290472336,5,120,120,120,120,53.5,,,0,0,,megamillions.com,23641825,,4728365,,4728365,0.01628,1.61,,,,0,,$120,
2026-04-17,Fri,MM 5/70+1/24 $5 (2025-04-08+),290472336,5,130,130,130,130,58,,,0,0,,megamillions.com,24163630,,4832726,,4832726,0.01664,1.65,,,,0,,$130,
2026-04-21,Tue,MM 5/70+1/24 $5 (2025-04-08+),290472336,5,140,140,140,140,62.8,,,0,0,,megamillions.com,23747050,,4749410,,4749410,0.01635,1.62,,,,0,,$140,
2026-04-24,Fri,MM 5/70+1/24 $5 (2025-04-08+),290472336,5,150,150,150,150,67.3,,,0,0,,megamillions.com,24219220,,4843844,,4843844,0.01668,1.65,,,,0,,$150,
2026-04-28,Tue,MM 5/70+1/24 $5 (2025-04-08+),290472336,5,163,163,163,163,72.9,,,0,0,,megamillions.com,23917935,,4783587,,4783587,0.01647,1.63,,,,0,,$163,
2026-05-01,Fri,MM 5/70+1/24 $5 (2025-04-08+),290472336,5,178,178,178,178,79.6,,,0,0,,megamillions.com,26479695,,5295939,,5295939,0.01823,1.81,,,,0,,$178,
2026-05-05,Tue,MM 5/70+1/24 $5 (2025-04-08+),290472336,5,195,195,195,195,86.3,,,0,0,,megamillions.com,27673225,,5534645,,5534645,0.01905,1.89,,,,0,,$195,
2026-05-08,Fri,MM 5/70+1/24 $5 (2025-04-08+),290472336,5,215,215,215,215,95.2,,,0,0,,megamillions.com,28724035,,5744807,,5744807,0.01978,1.96,,,,0,,$215,
2026-05-12,Tue,MM 5/70+1/24 $5 (2025-04-08+),290472336,5,232,232,232,232,103.8,,,0,0,,megamillions.com,29645060,,5929012,,5929012,0.02041,2.02,,,,0,,$232,
2026-05-15,Fri,MM 5/70+1/24 $5 (2025-04-08+),290472336,5,251,251,251,251,112.3,,,0,0,,megamillions.com,29513400,,5902680,,5902680,0.02032,2.01,,,,0,,$251,
2026-05-19,Tue,MM 5/70+1/24 $5 (2025-04-08+),290472336,5,277,277,277,277,120.4,,,0,0,,megamillions.com,29271665,,5854333,,5854333,0.02015,2.00,,,,0,,$277,
2026-05-22,Fri,MM 5/70+1/24 $5 (2025-04-08+),290472336,5,296,296,296,296,128.6,,,0,0,,megamillions.com,30163590,,6032718,,6032718,0.02077,2.06,,,,0,,$296,
2026-05-26,Tue,MM 5/70+1/24 $5 (2025-04-08+),290472336,5,311,311,311,311,136.4,,,0,0,,megamillions.com,29823190,,5964638,,5964638,0.02053,2.03,,,,0,,$311,
2026-05-29,Fri,MM 5/70+1/24 $5 (2025-04-08+),290472336,5,331,331,331,331,145.2,,,0,0,,megamillions.com,31586470,,6317294,,6317294,0.02175,2.15,,,,0,,$331,
2026-06-02,Tue,MM 5/70+1/24 $5 (2025-04-08+),290472336,5,346,346,346,346,153.8,,,0,0,,megamillions.com,32885535,,6577107,,6577107,0.02264,2.24,,,,0,,$346,
2026-06-05,Fri,MM 5/70+1/24 $5 (2025-04-08+),290472336,5,368,368,368,368,163.6,,,0,0,,megamillions.com,32727930,,6545586,,6545586,0.02253,2.23,,,,0,,$368,
2026-06-09,Tue,MM 5/70+1/24 $5 (2025-04-08+),290472336,5,392,392,392,392,173.3,,,0,0,,megamillions.com,32976070,,6595214,,6595214,0.02271,2.24,,,,0,,$392,
2026-06-12,Fri,MM 5/70+1/24 $5 (2025-04-08+),290472336,5,413,413,413,413,182.6,,,0,0,,megamillions.com,33908675,,6781735,,6781735,0.02335,2.31,,,,0,,$413,
2026-06-16,Tue,MM 5/70+1/24 $5 (2025-04-08+),290472336,5,430,430,430,430,191.2,,,0,0,,megamillions.com,34736715,,6947343,,6947343,0.02392,2.36,,,,0,,$430,
2026-06-19,Fri,MM 5/70+1/24 $5 (2025-04-08+),290472336,5,452,452,452,452,201,,,0,0,,megamillions.com,34911485,,6982297,,6982297,0.02404,2.38,,,,0,,$452,
2026-06-23,Tue,MM 5/70+1/24 $5 (2025-04-08+),290472336,5,467,467,467,467,211,,,0,0,,megamillions.com,35423130,,7084626,,7084626,0.02439,2.41,,,,0,,$467,
2026-06-26,Fri,MM 5/70+1/24 $5 (2025-04-08+),290472336,5,489,489,489,489,220.9,,,0,0,,megamillions.com,36057740,,7211548,,7211548,0.02483,2.45,,,,0,,$489,
2026-06-30,Tue,MM 5/70+1/24 $5 (2025-04-08+),290472336,5,511,511,511,511,231,,,0,0,,megamillions.com,39621975,,7924395,,7924395,0.02728,2.69,,,,0,,$511,
2026-07-03,Fri,MM 5/70+1/24 $5 (2025-04-08+),290472336,5,542,542,542,542,242,,,0,0,,megamillions.com,41665110,,8333022,,8333022,0.02869,2.83,,,,0,,$542,
2026-07-07,Tue,MM 5/70+1/24 $5 (2025-04-08+),290472336,5,576,576,576,576,253.9,,,0,0,,megamillions.com,40373220,,8074644,,8074644,0.02780,2.74,,,,0,,$576,
2026-07-10,Fri,MM 5/70+1/24 $5 (2025-04-08+),290472336,5,604,604,604,604,266.3,,,0,0,,megamillions.com,45049895,,9009979,,9009979,0.03102,3.05,,,,0,,$604,
2026-07-14,Tue,MM 5/70+1/24 $5 (2025-04-08+),290472336,5,637,637,637,637,278,,,0,0,,megamillions.com,47905020,,9581004,,9581004,0.03298,3.24,,,,0,,$637,
2026-07-17,Fri,MM 5/70+1/24 $5 (2025-04-08+),290472336,5,672,672,672,672,293.3,,,0,0,,megamillions.com,47933830,,9586766,,9586766,0.03300,3.25,,,,0,,$672,
2026-07-21,Tue,MM 5/70+1/24 $5 (2025-04-08+),290472336,5,707,707,707,707,307.7,,,0,0,,megamillions.com,56115580,,11223116,,11223116,0.03864,3.79,,,,0,,$707,
2026-07-24,Fri,MM 5/70+1/24 $5 (2025-04-08+),290472336,5,743,743,743,743,323.4,,,0,0,,megamillions.com,60424280,,12084856,,12084856,0.04160,4.08,,,,0,,$743,
2026-07-28,Tue,MM 5/70+1/24 $5 (2025-04-08+),290472336,5,800,800,800,800,344.2,800,344.2,1,1,FL,megamillions.com,71123325,,14224665,,14224665,0.04897,4.78,,,,0,,$800,
2026-07-31,Fri,MM 5/70+1/24 $5 (2025-04-08+),290472336,5,50,50,50,50,21.5,,,0,0,,megamillions.com,24341605,,4868321,,4868321,0.01676,1.66,,,,0,,$50,
2026-08-04,Tue,MM 5/70+1/24 $5 (2025-04-08+),290472336,5,60,60,60,60,25.5,,,0,0,,megamillions.com,23173605,,4634721,,4634721,0.01596,1.58,,,,0,,$60,
2026-08-07,Fri,MM 5/70+1/24 $5 (2025-04-08+),290472336,5,70,70,70,70,29.7,,,0,0,,megamillions.com,23063685,,4612737,,4612737,0.01588,1.58,,,,0,,$70,
2026-08-11,Tue,MM 5/70+1/24 $5 (2025-04-08+),290472336,5,80,80,80,80,34.4,,,0,0,,megamillions.com,26408850,,5281770,,5281770,0.01818,1.80,,,,0,,$80,
2026-08-14,Fri,MM 5/70+1/24 $5 (2025-04-08+),290472336,5,90,90,90,90,38.7,,,0,0,,megamillions.com,27481880,,5496376,,5496376,0.01892,1.87,,,,0,,$90,
2026-08-18,Tue,MM 5/70+1/24 $5 (2025-04-08+),290472336,5,100,100,100,100,42.8,,,0,0,,megamillions.com,25589105,,5117821,,5117821,0.01762,1.75,,,,0,,$100,
2026-08-21,Fri,MM 5/70+1/24 $5 (2025-04-08+),290472336,5,113,113,113,113,48.3,,,0,0,,megamillions.com,25121835,,5024367,,5024367,0.01730,1.71,,,,0,,$113,
2026-08-25,Tue,MM 5/70+1/24 $5 (2025-04-08+),290472336,5,130,130,130,130,55.5,,,0,0,,megamillions.com,24919330,,4983866,,4983866,0.01716,1.70,,,,0,,$130,
2026-08-28,Fri,MM 5/70+1/24 $5 (2025-04-08+),290472336,5,145,145,145,145,61.9,,,0,0,,megamillions.com,25091305,,5018261,,5018261,0.01728,1.71,,,,0,,$145,
2026-09-01,Tue,MM 5/70+1/24 $5 (2025-04-08+),290472336,5,160,160,160,160,68.9,,,0,0,,megamillions.com,24891370,,4978274,,4978274,0.01714,1.70,,,,0,,$160,
2026-09-04,Fri,MM 5/70+1/24 $5 (2025-04-08+),290472336,5,177,177,177,177,76.3,,,0,0,,megamillions.com,25503305,,5100661,,5100661,0.01756,1.74,,,,0,,$177,
2026-09-08,Tue,MM 5/70+1/24 $5 (2025-04-08+),290472336,5,193,193,193,193,82.8,,,0,0,,megamillions.com,24258945,,4851789,,4851789,0.01670,1.66,,,,0,,$193,
2026-09-11,Fri,MM 5/70+1/24 $5 (2025-04-08+),290472336,5,209,209,209,209,89.7,,,0,0,,megamillions.com,25392155,,5078431,,5078431,0.01748,1.73,,,,0,,$209,
2026-09-15,Tue,MM 5/70+1/24 $5 (2025-04-08+),290472336,5,227,227,227,227,96.3,,,0,0,,megamillions.com,25034460,,5006892,,5006892,0.01724,1.71,,,,0,,$227,
2026-09-18,Fri,MM 5/70+1/24 $5 (2025-04-08+),290472336,5,244,244,244,244,103.5,,,0,0,,megamillions.com,25449430,,5089886,,5089886,0.01752,1.74,,,,0,,$244,
2026-09-22,Tue,MM 5/70+1/24 $5 (2025-04-08+),290472336,5,261,261,261,261,110.5,,,0,0,,megamillions.com,24739015,,4947803,,4947803,0.01703,1.69,,,,0,,$261,
2026-09-25,Fri,MM 5/70+1/24 $5 (2025-04-08+),290472336,5,277,277,277,277,117.3,,,0,0,,megamillions.com,25361460,,5072292,,5072292,0.01746,1.73,,,,0,,$277,
2026-09-29,Tue,MM 5/70+1/24 $5 (2025-04-08+),290472336,5,300,300,300,300,124.1,,,0,0,,megamillions.com,25900130,,5180026,,5180026,0.01783,1.77,,,,0,,$300,
