draw_date,weekday,game_era,total_combinations,base_play_price_usd,advertised_jackpot_musd,lr_jackpot_first_musd,lr_jackpot_last_musd,pbcom_jackpot_musd,pbcom_cash_value_musd,final_jackpot_musd,final_cash_value_musd,jackpot_won,jackpot_winners,jackpot_winner_states,jackpot_winners_source,base_sales_usd,powerplay_sales_usd,base_plus_powerplay_sales_usd,base_plays,plays_per_combination,coverage_pct_random_model,reported_pct_combos_covered,reported_tickets,reported_source,lr_sales_revised_flag,data_quality_flag,lr_jackpot_raw,notes
2014-01-01,Wed,PB 5/59+1/35 $2 (2012-01-18..2015-10-03),175223510,2,50,50,50,,,,,0,0,,texaslottery (Roll),25121630,2142589,27264219,12560815,0.07168,6.92,,,,0,,$50,
2014-01-04,Sat,PB 5/59+1/35 $2 (2012-01-18..2015-10-03),175223510,2,60,60,60,,,,,0,0,,texaslottery (Roll),27745090,2424741,30169831,13872545,0.07917,7.61,,,,0,,$60,
2014-01-08,Wed,PB 5/59+1/35 $2 (2012-01-18..2015-10-03),175223510,2,70,70,70,,,,,0,0,,texaslottery (Roll),25761674,2171438,27933112,12880837,0.07351,7.09,,,,0,,$70,
2014-01-11,Sat,PB 5/59+1/35 $2 (2012-01-18..2015-10-03),175223510,2,80,80,80,,,,,0,0,,texaslottery (Roll),29616924,2471203,32088127,14808462,0.08451,8.10,,,,0,,$80,
2014-01-15,Wed,PB 5/59+1/35 $2 (2012-01-18..2015-10-03),175223510,2,93,93,93,,,,,0,0,,texaslottery (Roll),29454450,2379925,31834375,14727225,0.08405,8.06,,,,0,,$93,
2014-01-18,Sat,PB 5/59+1/35 $2 (2012-01-18..2015-10-03),175223510,2,113,113,113,,,,,0,0,,texaslottery (Roll),35703424,2808955,38512379,17851712,0.10188,9.69,,,,0,,$113,
2014-01-22,Wed,PB 5/59+1/35 $2 (2012-01-18..2015-10-03),175223510,2,131,131,131,,,,,0,0,,texaslottery (Roll),32714630,2550358,35264988,16357315,0.09335,8.91,,,,0,,$131,
2014-01-25,Sat,PB 5/59+1/35 $2 (2012-01-18..2015-10-03),175223510,2,152,152,152,,,,,0,0,,texaslottery (Roll),39396676,3024755,42421431,19698338,0.11242,10.63,,,,0,,$152,
2014-01-29,Wed,PB 5/59+1/35 $2 (2012-01-18..2015-10-03),175223510,2,171,171,171,,,,,0,0,,texaslottery (Roll),38257408,2849278,41106686,19128704,0.10917,10.34,,,,0,,$171,
2014-02-01,Sat,PB 5/59+1/35 $2 (2012-01-18..2015-10-03),175223510,2,194,194,194,,,,,0,0,,texaslottery (Roll),49062416,3652635,52715051,24531208,0.14000,13.06,,,,0,,$194,
2014-02-05,Wed,PB 5/59+1/35 $2 (2012-01-18..2015-10-03),175223510,2,215,215,215,,,,,0,0,,texaslottery (Roll),49510642,3513518,53024160,24755321,0.14128,13.18,,,,0,,$215,
2014-02-08,Sat,PB 5/59+1/35 $2 (2012-01-18..2015-10-03),175223510,2,247,247,247,,,,,0,0,,texaslottery (Roll),61665430,4289462,65954892,30832715,0.17596,16.14,,,,0,,$247,
2014-02-12,Wed,PB 5/59+1/35 $2 (2012-01-18..2015-10-03),175223510,2,284,284,284,,,,,0,0,,texaslottery (Roll),67249908,4231343,71481251,33624954,0.19190,17.46,,,,0,,$284,
2014-02-15,Sat,PB 5/59+1/35 $2 (2012-01-18..2015-10-03),175223510,2,330,330,330,,,,,0,0,,texaslottery (Roll),84502534,5371280,89873814,42251267,0.24113,21.43,,,,0,,$330,
2014-02-19,Wed,PB 5/59+1/35 $2 (2012-01-18..2015-10-03),175223510,2,400,400,425,,,,,1,,,,183031022,9725951,192756973,91515511,0.52228,40.68,,,,0,,$400 $425,
2014-02-22,Sat,PB 5/59+1/35 $2 (2012-01-18..2015-10-03),175223510,2,40,40,40,,,,,0,0,,texaslottery (Roll),28078212,2474524,30552736,14039106,0.08012,7.70,,,,0,,$40,
2014-02-26,Wed,PB 5/59+1/35 $2 (2012-01-18..2015-10-03),175223510,2,50,50,50,,,,,0,0,,texaslottery (Roll),26006844,2311668,28318512,13003422,0.07421,7.15,,,,0,,$50,
2014-03-01,Sat,PB 5/59+1/35 $2 (2012-01-18..2015-10-03),175223510,2,60,60,60,,,,,1,,,,30747816,2731133,33478949,15373908,0.08774,8.40,,,,0,,$60,
2014-03-05,Wed,PB 5/59+1/35 $2 (2012-01-18..2015-10-03),175223510,2,40,40,40,,,,,0,0,,texaslottery (Roll),25588276,2289628,27877904,12794138,0.07302,7.04,,,,0,,$40,
2014-03-08,Sat,PB 5/59+1/35 $2 (2012-01-18..2015-10-03),175223510,2,50,50,50,,,,,0,0,,texaslottery (Roll),28814004,2560782,31374786,14407002,0.08222,7.89,,,,0,,$50,
2014-03-12,Wed,PB 5/59+1/35 $2 (2012-01-18..2015-10-03),175223510,2,60,60,60,,,,,0,0,,texaslottery (Roll),26464444,2328365,28792809,13232222,0.07552,7.27,,,,0,,$60,
2014-03-15,Sat,PB 5/59+1/35 $2 (2012-01-18..2015-10-03),175223510,2,70,70,70,,,,,0,0,,texaslottery (Roll),30542376,2672628,33215004,15271188,0.08715,8.35,,,,0,,$70,
2014-03-19,Wed,PB 5/59+1/35 $2 (2012-01-18..2015-10-03),175223510,2,80,80,80,,,,,0,0,,texaslottery (Roll),29630474,2521287,32151761,14815237,0.08455,8.11,,,,0,,$80,
2014-03-22,Sat,PB 5/59+1/35 $2 (2012-01-18..2015-10-03),175223510,2,96,96,96,,,,,1,,,,32064856,2713675,34778531,16032428,0.09150,8.74,,,,0,,$96,
2014-03-26,Wed,PB 5/59+1/35 $2 (2012-01-18..2015-10-03),175223510,2,40,40,40,,,,,0,0,,texaslottery (Roll),24247664,2140502,26388166,12123832,0.06919,6.69,,,,0,,$40,
2014-03-29,Sat,PB 5/59+1/35 $2 (2012-01-18..2015-10-03),175223510,2,50,50,50,,,,,0,0,,texaslottery (Roll),27573672,2418931,29992603,13786836,0.07868,7.57,,,,0,,$50,
2014-04-02,Wed,PB 5/59+1/35 $2 (2012-01-18..2015-10-03),175223510,2,60,60,60,,,,,0,0,,texaslottery (Roll),26453016,2316356,28769372,13226508,0.07548,7.27,,,,0,,$60,
2014-04-05,Sat,PB 5/59+1/35 $2 (2012-01-18..2015-10-03),175223510,2,70,70,70,,,,,0,0,,texaslottery (Roll),29883772,2600808,32484580,14941886,0.08527,8.17,,,,0,,$70,
2014-04-09,Wed,PB 5/59+1/35 $2 (2012-01-18..2015-10-03),175223510,2,80,80,80,,,,,0,0,,texaslottery (Roll),28003954,2403479,30407433,14001977,0.07991,7.68,,,,0,,$80,
2014-04-12,Sat,PB 5/59+1/35 $2 (2012-01-18..2015-10-03),175223510,2,94,94,94,,,,,0,0,,texaslottery (Roll),31987612,2692923,34680535,15993806,0.09128,8.72,,,,0,,$94,
2014-04-16,Wed,PB 5/59+1/35 $2 (2012-01-18..2015-10-03),175223510,2,110,110,110,,,,,0,0,,texaslottery (Roll),33095206,2650126,35745332,16547603,0.09444,9.01,,,,0,,$110,
2014-04-19,Sat,PB 5/59+1/35 $2 (2012-01-18..2015-10-03),175223510,2,128,128,128,,,,,0,0,,texaslottery (Roll),37392468,2977902,40370370,18696234,0.10670,10.12,,,,0,,$128,
2014-04-23,Wed,PB 5/59+1/35 $2 (2012-01-18..2015-10-03),175223510,2,150,150,148.8,,,,,1,,,,36747102,2823277,39570379,18373551,0.10486,9.95,,,,0,,$150 $148.8,
2014-04-26,Sat,PB 5/59+1/35 $2 (2012-01-18..2015-10-03),175223510,2,40,40,40,,,,,0,0,,texaslottery (Roll),26016988,2331166,28348154,13008494,0.07424,7.16,,,,0,,$40,
2014-04-30,Wed,PB 5/59+1/35 $2 (2012-01-18..2015-10-03),175223510,2,50,50,50,,,,,0,0,,texaslottery (Roll),23111638,2112199,25223837,11555819,0.06595,6.38,,,,0,,$50,
2014-05-03,Sat,PB 5/59+1/35 $2 (2012-01-18..2015-10-03),175223510,2,60,60,60,,,,,0,0,,texaslottery (Roll),26942550,2423560,29366110,13471275,0.07688,7.40,,,,0,,$60,
2014-05-07,Wed,PB 5/59+1/35 $2 (2012-01-18..2015-10-03),175223510,2,70,70,70,,,,,0,0,,texaslottery (Roll),24688484,2193257,26881741,12344242,0.07045,6.80,,,,0,,$70,
2014-05-10,Sat,PB 5/59+1/35 $2 (2012-01-18..2015-10-03),175223510,2,80,80,80,,,,,0,0,,texaslottery (Roll),27631562,2422005,30053567,13815781,0.07885,7.58,,,,0,,$80,
2014-05-14,Wed,PB 5/59+1/35 $2 (2012-01-18..2015-10-03),175223510,2,90,90,90,,,,,0,0,,texaslottery (Roll),25483670,2204662,27688332,12741835,0.07272,7.01,,,,0,,$90,
2014-05-17,Sat,PB 5/59+1/35 $2 (2012-01-18..2015-10-03),175223510,2,100,100,100,,,,,0,0,,texaslottery (Roll),31308206,2641534,33949740,15654103,0.08934,8.55,,,,0,,$100,
2014-05-21,Wed,PB 5/59+1/35 $2 (2012-01-18..2015-10-03),175223510,2,114,114,114,,,,,0,0,,texaslottery (Roll),30025930,2454366,32480296,15012965,0.08568,8.21,,,,0,,$114,
2014-05-24,Sat,PB 5/59+1/35 $2 (2012-01-18..2015-10-03),175223510,2,132,132,132,,,,,0,0,,texaslottery (Roll),35858982,2863167,38722149,17929491,0.10232,9.73,,,,0,,$132,
2014-05-28,Wed,PB 5/59+1/35 $2 (2012-01-18..2015-10-03),175223510,2,152,152,152,,,,,0,0,,texaslottery (Roll),35176564,2680848,37857412,17588282,0.10038,9.55,,,,0,,$152,
2014-05-31,Sat,PB 5/59+1/35 $2 (2012-01-18..2015-10-03),175223510,2,173,173,173,,,,,0,0,,texaslottery (Roll),43305488,3258064,46563552,21652744,0.12357,11.62,,,,0,,$173,
2014-06-04,Wed,PB 5/59+1/35 $2 (2012-01-18..2015-10-03),175223510,2,192,192,192,,,,,0,0,,texaslottery (Roll),46708576,3292970,50001546,23354288,0.13328,12.48,,,,0,,$192,
2014-06-07,Sat,PB 5/59+1/35 $2 (2012-01-18..2015-10-03),175223510,2,221,221,221,,,,,0,0,,texaslottery (Roll),57251954,3933610,61185564,28625977,0.16337,15.07,,,,0,,$221,
2014-06-11,Wed,PB 5/59+1/35 $2 (2012-01-18..2015-10-03),175223510,2,257,257,257,,,,,1,,,,65287158,4211396,69498554,32643579,0.18630,17.00,,,,0,,$257,
2014-06-14,Sat,PB 5/59+1/35 $2 (2012-01-18..2015-10-03),175223510,2,40,40,40,,,,,0,0,,texaslottery (Roll),27136016,2365631,29501647,13568008,0.07743,7.45,,,,0,,$40,
2014-06-18,Wed,PB 5/59+1/35 $2 (2012-01-18..2015-10-03),175223510,2,50,50,50,,,,,0,0,,texaslottery (Roll),23884472,2092699,25977171,11942236,0.06815,6.59,,,,0,,$50,
2014-06-21,Sat,PB 5/59+1/35 $2 (2012-01-18..2015-10-03),175223510,2,60,60,60,,,,,0,0,,texaslottery (Roll),27010302,2359404,29369706,13505151,0.07707,7.42,,,,0,,$60,
2014-06-25,Wed,PB 5/59+1/35 $2 (2012-01-18..2015-10-03),175223510,2,70,70,70,,,,,0,0,,texaslottery (Roll),25561176,2200713,27761889,12780588,0.07294,7.03,,,,0,,$70,
2014-06-28,Sat,PB 5/59+1/35 $2 (2012-01-18..2015-10-03),175223510,2,80,80,80,,,,,0,0,,texaslottery (Roll),28651984,2466072,31118056,14325992,0.08176,7.85,,,,0,,$80,
2014-07-02,Wed,PB 5/59+1/35 $2 (2012-01-18..2015-10-03),175223510,2,90,90,90,,,,,0,0,,texaslottery (Roll),28407434,2385248,30792682,14203717,0.08106,7.79,,,,0,,$90,
2014-07-05,Sat,PB 5/59+1/35 $2 (2012-01-18..2015-10-03),175223510,2,101,101,101,,,,,0,0,,texaslottery (Roll),33479402,2769116,36248518,16739701,0.09553,9.11,,,,0,,$101,
2014-07-09,Wed,PB 5/59+1/35 $2 (2012-01-18..2015-10-03),175223510,2,122,122,122,,,,,1,,,,35144148,2764427,37908575,17572074,0.10028,9.54,,,,0,,$122,
2014-07-12,Sat,PB 5/59+1/35 $2 (2012-01-18..2015-10-03),175223510,2,40,40,40,,,,,0,0,,texaslottery (Roll),25471908,2278182,27750090,12735954,0.07268,7.01,,,,0,,$40,
2014-07-16,Wed,PB 5/59+1/35 $2 (2012-01-18..2015-10-03),175223510,2,50,50,50,,,,,0,0,,texaslottery (Roll),23621466,2104353,25725819,11810733,0.06740,6.52,,,,0,,$50,
2014-07-19,Sat,PB 5/59+1/35 $2 (2012-01-18..2015-10-03),175223510,2,60,60,60,,,,,1,,,,26676210,2366938,29043148,13338105,0.07612,7.33,,,,0,,$60,
2014-07-23,Wed,PB 5/59+1/35 $2 (2012-01-18..2015-10-03),175223510,2,40,40,40,,,,,0,0,,texaslottery (Roll),21826228,1981626,23807854,10913114,0.06228,6.04,,,,0,,$40,
2014-07-26,Sat,PB 5/59+1/35 $2 (2012-01-18..2015-10-03),175223510,2,50,50,50,,,,,0,0,,texaslottery (Roll),24930534,2263455,27193989,12465267,0.07114,6.87,,,,0,,$50,
2014-07-30,Wed,PB 5/59+1/35 $2 (2012-01-18..2015-10-03),175223510,2,60,60,60,,,,,0,0,,texaslottery (Roll),22939004,2059604,24998608,11469502,0.06546,6.34,,,,0,,$60,
2014-08-02,Sat,PB 5/59+1/35 $2 (2012-01-18..2015-10-03),175223510,2,70,70,70,,,,,0,0,,texaslottery (Roll),27373050,2474744,29847794,13686525,0.07811,7.51,,,,0,,$70,
2014-08-06,Wed,PB 5/59+1/35 $2 (2012-01-18..2015-10-03),175223510,2,80,80,80,,,,,0,0,,texaslottery (Roll),25472092,2249633,27721725,12736046,0.07268,7.01,,,,0,,$80,
2014-08-09,Sat,PB 5/59+1/35 $2 (2012-01-18..2015-10-03),175223510,2,90,90,90,,,,,1,,,,28536954,2523068,31060022,14268477,0.08143,7.82,,,,0,,$90,
2014-08-13,Wed,PB 5/59+1/35 $2 (2012-01-18..2015-10-03),175223510,2,40,40,40,,,,,0,0,,texaslottery (Roll),21209742,1954367,23164109,10604871,0.06052,5.87,,,,0,,$40,
2014-08-16,Sat,PB 5/59+1/35 $2 (2012-01-18..2015-10-03),175223510,2,50,50,50,,,,,0,0,,texaslottery (Roll),24143578,2212894,26356472,12071789,0.06889,6.66,,,,0,,$50,
2014-08-20,Wed,PB 5/59+1/35 $2 (2012-01-18..2015-10-03),175223510,2,60,60,60,,,,,0,0,,texaslottery (Roll),21940568,2007032,23947600,10970284,0.06261,6.07,,,,0,,$60,
2014-08-23,Sat,PB 5/59+1/35 $2 (2012-01-18..2015-10-03),175223510,2,70,70,70,,,,,0,0,,texaslottery (Roll),25311554,2286318,27597872,12655777,0.07223,6.97,,,,0,,$70,
2014-08-27,Wed,PB 5/59+1/35 $2 (2012-01-18..2015-10-03),175223510,2,80,80,80,,,,,0,0,,texaslottery (Roll),24388372,2180753,26569125,12194186,0.06959,6.72,,,,0,,$80,
2014-08-30,Sat,PB 5/59+1/35 $2 (2012-01-18..2015-10-03),175223510,2,90,90,90,,,,,0,0,,texaslottery (Roll),28847454,2530882,31378336,14423727,0.08232,7.90,,,,0,,$90,
2014-09-03,Wed,PB 5/59+1/35 $2 (2012-01-18..2015-10-03),175223510,2,100,100,100,,,,,0,0,,texaslottery (Roll),30712716,2552933,33265649,15356358,0.08764,8.39,,,,0,,$100,
2014-09-06,Sat,PB 5/59+1/35 $2 (2012-01-18..2015-10-03),175223510,2,110,110,110,,,,,0,0,,texaslottery (Roll),34927144,2876984,37804128,17463572,0.09966,9.49,,,,0,,$110,
2014-09-10,Wed,PB 5/59+1/35 $2 (2012-01-18..2015-10-03),175223510,2,127,127,127,,,,,0,0,,texaslottery (Roll),34954718,2767681,37722399,17477359,0.09974,9.49,,,,0,,$127,
2014-09-13,Sat,PB 5/59+1/35 $2 (2012-01-18..2015-10-03),175223510,2,149,149,149,,,,,0,0,,texaslottery (Roll),39889050,3154867,43043917,19944525,0.11382,10.76,,,,0,,$149,
2014-09-17,Wed,PB 5/59+1/35 $2 (2012-01-18..2015-10-03),175223510,2,171,171,171,,,,,0,0,,texaslottery (Roll),42070548,3140510,45211058,21035274,0.12005,11.31,,,,0,,$171,
2014-09-20,Sat,PB 5/59+1/35 $2 (2012-01-18..2015-10-03),175223510,2,196,196,196,,,,,0,0,,texaslottery (Roll),50509168,3653219,54162387,25254584,0.14413,13.42,,,,0,,$196,
2014-09-24,Wed,PB 5/59+1/35 $2 (2012-01-18..2015-10-03),175223510,2,225,225,225,,,,,1,,,,60074636,4031725,64106361,30037318,0.17142,15.75,,,,0,,$225,
2014-09-27,Sat,PB 5/59+1/35 $2 (2012-01-18..2015-10-03),175223510,2,40,40,40,,,,,0,0,,texaslottery (Roll),25300628,2304387,27605015,12650314,0.07220,6.97,,,,0,,$40,
2014-10-01,Wed,PB 5/59+1/35 $2 (2012-01-18..2015-10-03),175223510,2,50,50,50,,,,,0,0,,texaslottery (Roll),23152118,2260232,25412350,11576059,0.06606,6.39,,,,0,,$50,
2014-10-04,Sat,PB 5/59+1/35 $2 (2012-01-18..2015-10-03),175223510,2,60,60,60,,,,,0,0,,texaslottery (Roll),25898918,2513826,28412744,12949459,0.07390,7.12,,,,0,,$60,
2014-10-08,Wed,PB 5/59+1/35 $2 (2012-01-18..2015-10-03),175223510,2,70,70,70,,,,,0,0,,texaslottery (Roll),23752172,2286287,26038459,11876086,0.06778,6.55,,,,0,,$70,
2014-10-11,Sat,PB 5/59+1/35 $2 (2012-01-18..2015-10-03),175223510,2,80,80,80,,,,,0,0,,texaslottery (Roll),26694518,2560793,29255311,13347259,0.07617,7.33,,,,0,,$80,
2014-10-15,Wed,PB 5/59+1/35 $2 (2012-01-18..2015-10-03),175223510,2,90,90,90,,,,,0,0,,texaslottery (Roll),24940694,2349706,27290400,12470347,0.07117,6.87,,,,0,,$90,
2014-10-18,Sat,PB 5/59+1/35 $2 (2012-01-18..2015-10-03),175223510,2,100,100,100,,,,,0,0,,texaslottery (Roll),31630790,2862639,34493429,15815395,0.09026,8.63,,,,0,,$100,
2014-10-22,Wed,PB 5/59+1/35 $2 (2012-01-18..2015-10-03),175223510,2,110,110,110,,,,,0,0,,texaslottery (Roll),30426498,2675412,33101910,15213249,0.08682,8.32,,,,0,,$110,
2014-10-25,Sat,PB 5/59+1/35 $2 (2012-01-18..2015-10-03),175223510,2,125,125,125,,,,,0,0,,texaslottery (Roll),34320960,2999860,37320820,17160480,0.09793,9.33,,,,0,,$125,
2014-10-29,Wed,PB 5/59+1/35 $2 (2012-01-18..2015-10-03),175223510,2,142,142,142,,,,,0,0,,texaslottery (Roll),33638806,2840571,36479377,16819403,0.09599,9.15,,,,0,,$142,
2014-11-01,Sat,PB 5/59+1/35 $2 (2012-01-18..2015-10-03),175223510,2,159,159,159,,,,,0,0,,texaslottery (Roll),38310224,3289309,41599533,19155112,0.10932,10.36,,,,0,,$159,
2014-11-05,Wed,PB 5/59+1/35 $2 (2012-01-18..2015-10-03),175223510,2,178,178,178,,,,,0,0,,texaslottery (Roll),40186958,3227821,43414779,20093479,0.11467,10.83,,,,0,,$178,
2014-11-08,Sat,PB 5/59+1/35 $2 (2012-01-18..2015-10-03),175223510,2,203,203,203,,,,,1,,,,47860870,3728969,51589839,23930435,0.13657,12.77,,,,0,,$203,
2014-11-12,Wed,PB 5/59+1/35 $2 (2012-01-18..2015-10-03),175223510,2,40,40,40,,,,,0,0,,texaslottery (Roll),22622144,2128350,24750494,11311072,0.06455,6.25,,,,0,,$40,
2014-11-15,Sat,PB 5/59+1/35 $2 (2012-01-18..2015-10-03),175223510,2,50,50,50,,,,,0,0,,texaslottery (Roll),25229772,2414172,27643944,12614886,0.07199,6.95,,,,0,,$50,
2014-11-19,Wed,PB 5/59+1/35 $2 (2012-01-18..2015-10-03),175223510,2,60,60,60,,,,,0,0,,texaslottery (Roll),22623050,2137621,24760671,11311525,0.06455,6.25,,,,0,,$60,
2014-11-22,Sat,PB 5/59+1/35 $2 (2012-01-18..2015-10-03),175223510,2,70,70,70,,,,,0,0,,texaslottery (Roll),26230686,2468558,28699244,13115343,0.07485,7.21,,,,0,,$70,
2014-11-26,Wed,PB 5/59+1/35 $2 (2012-01-18..2015-10-03),175223510,2,80,80,80,,,,,0,0,,texaslottery (Roll),25597082,2359117,27956199,12798541,0.07304,7.04,,,,0,,$80,
2014-11-29,Sat,PB 5/59+1/35 $2 (2012-01-18..2015-10-03),175223510,2,90,90,90,,,,,1,,,,25571126,2447023,28018149,12785563,0.07297,7.04,,,,0,,$90,
2014-12-03,Wed,PB 5/59+1/35 $2 (2012-01-18..2015-10-03),175223510,2,40,40,40,,,,,0,0,,texaslottery (Roll),21189316,2100954,23290270,10594658,0.06046,5.87,,,,0,,$40,
2014-12-06,Sat,PB 5/59+1/35 $2 (2012-01-18..2015-10-03),175223510,2,50,50,50,,,,,0,0,,texaslottery (Roll),23826250,2361364,26187614,11913125,0.06799,6.57,,,,0,,$50,
2014-12-10,Wed,PB 5/59+1/35 $2 (2012-01-18..2015-10-03),175223510,2,60,60,60,,,,,0,0,,texaslottery (Roll),21940372,2147819,24088191,10970186,0.06261,6.07,,,,0,,$60,
2014-12-13,Sat,PB 5/59+1/35 $2 (2012-01-18..2015-10-03),175223510,2,70,70,70,,,,,0,0,,texaslottery (Roll),25457952,2483276,27941228,12728976,0.07264,7.01,,,,0,,$70,
2014-12-17,Wed,PB 5/59+1/35 $2 (2012-01-18..2015-10-03),175223510,2,80,80,80,,,,,0,0,,texaslottery (Roll),23325824,2238237,25564061,11662912,0.06656,6.44,,,,0,,$80,
2014-12-20,Sat,PB 5/59+1/35 $2 (2012-01-18..2015-10-03),175223510,2,90,90,90,,,,,0,0,,texaslottery (Roll),26829430,2565619,29395049,13414715,0.07656,7.37,,,,0,,$90,
2014-12-24,Wed,PB 5/59+1/35 $2 (2012-01-18..2015-10-03),175223510,2,100,100,100,,,,,0,0,,texaslottery (Roll),33880826,2935614,36816440,16940413,0.09668,9.22,,,,0,,$100,
2014-12-27,Sat,PB 5/59+1/35 $2 (2012-01-18..2015-10-03),175223510,2,110,110,110,,,,,0,0,,texaslottery (Roll),28093884,2634320,30728204,14046942,0.08017,7.70,,,,0,,$110,
2014-12-31,Wed,PB 5/59+1/35 $2 (2012-01-18..2015-10-03),175223510,2,120,120,120,,,,,0,0,,texaslottery (Roll),35143390,3064057,38207447,17571695,0.10028,9.54,,,,0,,$120,
2015-01-03,Sat,PB 5/59+1/35 $2 (2012-01-18..2015-10-03),175223510,2,131,131,131,,,,,0,0,,texaslottery (Roll),32024614,2943548,34968162,16012307,0.09138,8.73,,,,0,,$131,
2015-01-07,Wed,PB 5/59+1/35 $2 (2012-01-18..2015-10-03),175223510,2,146,146,146,,,,,0,0,,texaslottery (Roll),32096042,2774416,34870458,16048021,0.09159,8.75,,,,0,,$146,
2015-01-10,Sat,PB 5/59+1/35 $2 (2012-01-18..2015-10-03),175223510,2,162,162,162,,,,,0,0,,texaslottery (Roll),36403186,3167408,39570594,18201593,0.10388,9.87,,,,0,,$162,
2015-01-14,Wed,PB 5/59+1/35 $2 (2012-01-18..2015-10-03),175223510,2,176,176,176,,,,,0,0,,texaslottery (Roll),36241790,3068252,39310042,18120895,0.10342,9.82,,,,0,,$176,
2015-01-17,Sat,PB 5/59+1/35 $2 (2012-01-18..2015-10-03),175223510,2,194,194,194,,,,,0,0,,texaslottery (Roll),42990736,3609281,46600017,21495368,0.12267,11.54,,,,0,,$194,
2015-01-21,Wed,PB 5/59+1/35 $2 (2012-01-18..2015-10-03),175223510,2,208,208,208,,,,,0,0,,texaslottery (Roll),47474024,3598382,51072406,23737012,0.13547,12.67,,,,0,,$208,
2015-01-24,Sat,PB 5/59+1/35 $2 (2012-01-18..2015-10-03),175223510,2,230,230,230,,,,,0,0,,texaslottery (Roll),55412660,4200267,59612927,27706330,0.15812,14.63,,,,0,,$230,
2015-01-28,Wed,PB 5/59+1/35 $2 (2012-01-18..2015-10-03),175223510,2,261,261,261,,,,,0,0,,texaslottery (Roll),57972284,4207341,62179625,28986142,0.16542,15.25,,,,0,,$261,
2015-01-31,Sat,PB 5/59+1/35 $2 (2012-01-18..2015-10-03),175223510,2,289,289,289,,,,,0,0,,texaslottery (Roll),73285296,5296084,78581380,36642648,0.20912,18.87,,,,0,,$289,
2015-02-04,Wed,PB 5/59+1/35 $2 (2012-01-18..2015-10-03),175223510,2,317,317,317,,,,,0,0,,texaslottery (Roll),96760010,6450926,103210936,48380005,0.27610,24.13,,,,0,,$317,
2015-02-07,Sat,PB 5/59+1/35 $2 (2012-01-18..2015-10-03),175223510,2,380,360,394.9,,,,,0,0,,texaslottery (Roll),146267368,9096390,155363758,73133684,0.41737,34.12,,,,0,,$360 $394.9,
2015-02-11,Wed,PB 5/59+1/35 $2 (2012-01-18..2015-10-03),175223510,2,500,450,564.1,,,564.1,381.1,1,3,"NC, PR, TX",wikipedia,379050492,20556575,399607067,189525246,1.08162,66.10,,,,0,,$450 $564.1,Texas Lottery lists 1 Texas jackpot winner (CVO)
2015-02-14,Sat,PB 5/59+1/35 $2 (2012-01-18..2015-10-03),175223510,2,40,40,40,,,,,0,0,,texaslottery (Roll),29011614,2803257,31814871,14505807,0.08278,7.95,,,,0,,$40,
2015-02-18,Wed,PB 5/59+1/35 $2 (2012-01-18..2015-10-03),175223510,2,50,50,50,,,,,0,0,,texaslottery (Roll),24750436,2438531,27188967,12375218,0.07063,6.82,,,,0,,$50,
2015-02-21,Sat,PB 5/59+1/35 $2 (2012-01-18..2015-10-03),175223510,2,60,60,60,,,,,0,0,,texaslottery (Roll),27764748,2759797,30524545,13882374,0.07923,7.62,,,,0,,$60,
2015-02-25,Wed,PB 5/59+1/35 $2 (2012-01-18..2015-10-03),175223510,2,70,70,70,,,,,0,0,,texaslottery (Roll),26701900,2610165,29312065,13350950,0.07619,7.34,,,,0,,$70,
2015-02-28,Sat,PB 5/59+1/35 $2 (2012-01-18..2015-10-03),175223510,2,80,80,80,,,,,0,0,,texaslottery (Roll),29968068,2942250,32910318,14984034,0.08551,8.20,,,,0,,$80,
2015-03-04,Wed,PB 5/59+1/35 $2 (2012-01-18..2015-10-03),175223510,2,90,90,90,,,,,0,0,,texaslottery (Roll),30138652,2864060,33002712,15069326,0.08600,8.24,,,,0,,$90,
2015-03-07,Sat,PB 5/59+1/35 $2 (2012-01-18..2015-10-03),175223510,2,100,100,100,,,,,0,0,,texaslottery (Roll),35464016,3300377,38764393,17732008,0.10120,9.62,,,,0,,$100,
2015-03-11,Wed,PB 5/59+1/35 $2 (2012-01-18..2015-10-03),175223510,2,119,119,119,,,,,0,0,,texaslottery (Roll),34576508,3102403,37678911,17288254,0.09866,9.40,,,,0,,$119,
2015-03-14,Sat,PB 5/59+1/35 $2 (2012-01-18..2015-10-03),175223510,2,137,137,137,,,,,1,,,,39203604,3527630,42731234,19601802,0.11187,10.58,,,,0,,$137,
2015-03-18,Wed,PB 5/59+1/35 $2 (2012-01-18..2015-10-03),175223510,2,40,40,40,,,,,0,0,,texaslottery (Roll),24374382,2436480,26810862,12187191,0.06955,6.72,,,,0,,$40,
2015-03-21,Sat,PB 5/59+1/35 $2 (2012-01-18..2015-10-03),175223510,2,50,50,50,,,,,1,,,,26736720,2694618,29431338,13368360,0.07629,7.35,,,,0,,$50,
2015-03-25,Wed,PB 5/59+1/35 $2 (2012-01-18..2015-10-03),175223510,2,40,40,40,,,,,1,,,,22958302,1202876,24161178,11479151,0.06551,6.34,,,,0,,$40,
2015-03-28,Sat,PB 5/59+1/35 $2 (2012-01-18..2015-10-03),175223510,2,40,40,40,,,,,0,0,,texaslottery (Roll),25740984,2584432,28325416,12870492,0.07345,7.08,,,,0,,$40,
2015-04-01,Wed,PB 5/59+1/35 $2 (2012-01-18..2015-10-03),175223510,2,50,50,50,,,,,0,0,,texaslottery (Roll),24503400,2433712,26937112,12251700,0.06992,6.75,,,,0,,$50,
2015-04-04,Sat,PB 5/59+1/35 $2 (2012-01-18..2015-10-03),175223510,2,60,60,60,,,,,0,0,,texaslottery (Roll),28025420,2718966,30744386,14012710,0.07997,7.69,,,,0,,$60,
2015-04-08,Wed,PB 5/59+1/35 $2 (2012-01-18..2015-10-03),175223510,2,70,70,70,,,,,0,0,,texaslottery (Roll),25547016,2500393,28047409,12773508,0.07290,7.03,,,,0,,$70,
2015-04-11,Sat,PB 5/59+1/35 $2 (2012-01-18..2015-10-03),175223510,2,80,80,80,,,,,1,,,,28787694,2798883,31586577,14393847,0.08215,7.89,,,,0,,$80,
2015-04-15,Wed,PB 5/59+1/35 $2 (2012-01-18..2015-10-03),175223510,2,40,40,40,,,,,0,0,,texaslottery (Roll),22473488,2282400,24755888,11236744,0.06413,6.21,,,,0,,$40,
2015-04-18,Sat,PB 5/59+1/35 $2 (2012-01-18..2015-10-03),175223510,2,50,50,50,,,,,1,,,,25253474,2565681,27819155,12626737,0.07206,6.95,,,,0,,$50,
2015-04-22,Wed,PB 5/59+1/35 $2 (2012-01-18..2015-10-03),175223510,2,40,40,40,,,,,0,0,,texaslottery (Roll),21680554,2221417,23901971,10840277,0.06187,6.00,,,,0,,$40,
2015-04-25,Sat,PB 5/59+1/35 $2 (2012-01-18..2015-10-03),175223510,2,50,50,50,,,,,0,0,,texaslottery (Roll),24644804,2541675,27186479,12322402,0.07032,6.79,,,,0,,$50,
2015-04-29,Wed,PB 5/59+1/35 $2 (2012-01-18..2015-10-03),175223510,2,60,60,60,,,,,0,0,,texaslottery (Roll),22565040,2299011,24864051,11282520,0.06439,6.24,,,,0,,$60,
2015-05-02,Sat,PB 5/59+1/35 $2 (2012-01-18..2015-10-03),175223510,2,70,70,70,,,,,0,0,,texaslottery (Roll),26577550,2719893,29297443,13288775,0.07584,7.30,,,,0,,$70,
2015-05-06,Wed,PB 5/59+1/35 $2 (2012-01-18..2015-10-03),175223510,2,80,80,80,,,,,0,0,,texaslottery (Roll),24320232,2430169,26750401,12160116,0.06940,6.70,,,,0,,$80,
2015-05-09,Sat,PB 5/59+1/35 $2 (2012-01-18..2015-10-03),175223510,2,90,90,90,,,,,0,0,,texaslottery (Roll),27583482,2778726,30362208,13791741,0.07871,7.57,,,,0,,$90,
2015-05-13,Wed,PB 5/59+1/35 $2 (2012-01-18..2015-10-03),175223510,2,100,100,100,,,,,0,0,,texaslottery (Roll),27903836,2678405,30582241,13951918,0.07962,7.65,,,,0,,$100,
2015-05-16,Sat,PB 5/59+1/35 $2 (2012-01-18..2015-10-03),175223510,2,110,110,110,,,,,0,0,,texaslottery (Roll),31492778,3052200,34544978,15746389,0.08986,8.59,,,,0,,$110,
2015-05-20,Wed,PB 5/59+1/35 $2 (2012-01-18..2015-10-03),175223510,2,121,121,121,,,,,0,0,,texaslottery (Roll),30597828,2863077,33460905,15298914,0.08731,8.36,,,,0,,$121,
2015-05-23,Sat,PB 5/59+1/35 $2 (2012-01-18..2015-10-03),175223510,2,138,138,138,,,,,0,0,,texaslottery (Roll),35166946,3280823,38447769,17583473,0.10035,9.55,,,,0,,$138,
2015-05-27,Wed,PB 5/59+1/35 $2 (2012-01-18..2015-10-03),175223510,2,154,154,154,,,,,0,0,,texaslottery (Roll),33084166,3000390,36084556,16542083,0.09441,9.01,,,,0,,$154,
2015-05-30,Sat,PB 5/59+1/35 $2 (2012-01-18..2015-10-03),175223510,2,171,171,171,,,,,0,0,,texaslottery (Roll),39170600,3582846,42753446,19585300,0.11177,10.58,,,,0,,$171,
2015-06-03,Wed,PB 5/59+1/35 $2 (2012-01-18..2015-10-03),175223510,2,188,188,188,,,,,1,,,,39856036,3500411,43356447,19928018,0.11373,10.75,,,,0,,$188,
2015-06-06,Sat,PB 5/59+1/35 $2 (2012-01-18..2015-10-03),175223510,2,40,40,40,,,,,0,0,,texaslottery (Roll),25094816,2559181,27653997,12547408,0.07161,6.91,,,,0,,$40,
2015-06-10,Wed,PB 5/59+1/35 $2 (2012-01-18..2015-10-03),175223510,2,50,50,50,,,,,0,0,,texaslottery (Roll),22393990,2290099,24684089,11196995,0.06390,6.19,,,,0,,$50,
2015-06-13,Sat,PB 5/59+1/35 $2 (2012-01-18..2015-10-03),175223510,2,60,60,60,,,,,0,0,,texaslottery (Roll),25204170,2597997,27802167,12602085,0.07192,6.94,,,,0,,$60,
2015-06-17,Wed,PB 5/59+1/35 $2 (2012-01-18..2015-10-03),175223510,2,70,70,70,,,,,0,0,,texaslottery (Roll),23542344,2356631,25898975,11771172,0.06718,6.50,,,,0,,$70,
2015-06-20,Sat,PB 5/59+1/35 $2 (2012-01-18..2015-10-03),175223510,2,80,80,80,,,,,1,,,,26742492,2675807,29418299,13371246,0.07631,7.35,,,,0,,$80,
2015-06-24,Wed,PB 5/59+1/35 $2 (2012-01-18..2015-10-03),175223510,2,40,40,40,,,,,0,0,,texaslottery (Roll),20860316,2140487,23000803,10430158,0.05952,5.78,,,,0,,$40,
2015-06-27,Sat,PB 5/59+1/35 $2 (2012-01-18..2015-10-03),175223510,2,50,50,50,,,,,0,0,,texaslottery (Roll),23500392,2446148,25946540,11750196,0.06706,6.49,,,,0,,$50,
2015-07-01,Wed,PB 5/59+1/35 $2 (2012-01-18..2015-10-03),175223510,2,60,60,60,,,,,0,0,,texaslottery (Roll),21975838,2267410,24243248,10987919,0.06271,6.08,,,,0,,$60,
2015-07-04,Sat,PB 5/59+1/35 $2 (2012-01-18..2015-10-03),175223510,2,70,70,70,,,,,1,,,,24472568,2519122,26991690,12236284,0.06983,6.74,,,,0,,$70,
2015-07-08,Wed,PB 5/59+1/35 $2 (2012-01-18..2015-10-03),175223510,2,40,40,40,,,,,0,0,,texaslottery (Roll),20566096,2133924,22700020,10283048,0.05869,5.70,,,,0,,$40,
2015-07-11,Sat,PB 5/59+1/35 $2 (2012-01-18..2015-10-03),175223510,2,50,50,50,,,,,0,0,,texaslottery (Roll),23136218,2407677,25543895,11568109,0.06602,6.39,,,,0,,$50,
2015-07-15,Wed,PB 5/59+1/35 $2 (2012-01-18..2015-10-03),175223510,2,60,60,60,,,,,0,0,,texaslottery (Roll),21243282,2186623,23429905,10621641,0.06062,5.88,,,,0,,$60,
2015-07-18,Sat,PB 5/59+1/35 $2 (2012-01-18..2015-10-03),175223510,2,70,70,70,,,,,0,0,,texaslottery (Roll),24064320,2482183,26546503,12032160,0.06867,6.64,,,,0,,$70,
2015-07-22,Wed,PB 5/59+1/35 $2 (2012-01-18..2015-10-03),175223510,2,80,80,80,,,,,0,0,,texaslottery (Roll),22467226,2267405,24734631,11233613,0.06411,6.21,,,,0,,$80,
2015-07-25,Sat,PB 5/59+1/35 $2 (2012-01-18..2015-10-03),175223510,2,90,90,90,,,,,0,0,,texaslottery (Roll),26358258,2622866,28981124,13179129,0.07521,7.25,,,,0,,$90,
2015-07-29,Wed,PB 5/59+1/35 $2 (2012-01-18..2015-10-03),175223510,2,100,100,100,,,,,0,0,,texaslottery (Roll),28070122,2611097,30681219,14035061,0.08010,7.70,,,,0,,$100,
2015-08-01,Sat,PB 5/59+1/35 $2 (2012-01-18..2015-10-03),175223510,2,110,110,110,,,,,1,,,,31901522,3086133,34987655,15950761,0.09103,8.70,,,,0,,$110,
2015-08-05,Wed,PB 5/59+1/35 $2 (2012-01-18..2015-10-03),175223510,2,40,40,40,,,,,0,0,,texaslottery (Roll),21058200,2165601,23223801,10529100,0.06009,5.83,,,,0,,$40,
2015-08-08,Sat,PB 5/59+1/35 $2 (2012-01-18..2015-10-03),175223510,2,50,50,50,,,,,0,0,,texaslottery (Roll),23689534,2450246,26139780,11844767,0.06760,6.54,,,,0,,$50,
2015-08-12,Wed,PB 5/59+1/35 $2 (2012-01-18..2015-10-03),175223510,2,60,60,60,,,,,0,0,,texaslottery (Roll),22232156,2229539,24461695,11116078,0.06344,6.15,,,,0,,$60,
2015-08-15,Sat,PB 5/59+1/35 $2 (2012-01-18..2015-10-03),175223510,2,70,70,70,,,,,0,0,,texaslottery (Roll),25442820,2575041,28017861,12721410,0.07260,7.00,,,,0,,$70,
2015-08-19,Wed,PB 5/59+1/35 $2 (2012-01-18..2015-10-03),175223510,2,80,80,80,,,,,0,0,,texaslottery (Roll),23742834,2346269,26089103,11871417,0.06775,6.55,,,,0,,$80,
2015-08-22,Sat,PB 5/59+1/35 $2 (2012-01-18..2015-10-03),175223510,2,90,90,90,,,,,0,0,,texaslottery (Roll),27132588,2702129,29834717,13566294,0.07742,7.45,,,,0,,$90,
2015-08-26,Wed,PB 5/59+1/35 $2 (2012-01-18..2015-10-03),175223510,2,100,100,100,,,,,0,0,,texaslottery (Roll),28627382,2667633,31295015,14313691,0.08169,7.84,,,,0,,$100,
2015-08-29,Sat,PB 5/59+1/35 $2 (2012-01-18..2015-10-03),175223510,2,110,110,110,,,,,0,0,,texaslottery (Roll),31535718,2999555,34535273,15767859,0.08999,8.61,,,,0,,$110,
2015-09-02,Wed,PB 5/59+1/35 $2 (2012-01-18..2015-10-03),175223510,2,120,120,120,,,,,0,0,,texaslottery (Roll),30738428,2871876,33610304,15369214,0.08771,8.40,,,,0,,$120,
2015-09-05,Sat,PB 5/59+1/35 $2 (2012-01-18..2015-10-03),175223510,2,133,133,133,,,,,0,0,,texaslottery (Roll),34564486,3277294,37841780,17282243,0.09863,9.39,,,,0,,$133,
2015-09-09,Wed,PB 5/59+1/35 $2 (2012-01-18..2015-10-03),175223510,2,149,149,149,,,,,0,0,,texaslottery (Roll),32494668,2971895,35466563,16247334,0.09272,8.86,,,,0,,$149,
2015-09-12,Sat,PB 5/59+1/35 $2 (2012-01-18..2015-10-03),175223510,2,167,167,167,,,,,0,0,,texaslottery (Roll),38171638,3490075,41661713,19085819,0.10892,10.32,,,,0,,$167,
2015-09-16,Wed,PB 5/59+1/35 $2 (2012-01-18..2015-10-03),175223510,2,185,185,185,,,,,0,0,,texaslottery (Roll),40527626,3528968,44056594,20263813,0.11565,10.92,,,,0,,$185,
2015-09-19,Sat,PB 5/59+1/35 $2 (2012-01-18..2015-10-03),175223510,2,208,208,208,,,,,0,0,,texaslottery (Roll),50682002,4162664,54844666,25341001,0.14462,13.46,,,,0,,$208,
2015-09-23,Wed,PB 5/59+1/35 $2 (2012-01-18..2015-10-03),175223510,2,235,235,235,,,,,0,0,,texaslottery (Roll),57254160,4371191,61625351,28627080,0.16337,15.07,,,,0,,$235,
2015-09-26,Sat,PB 5/59+1/35 $2 (2012-01-18..2015-10-03),175223510,2,267,267,267,,,,,0,0,,texaslottery (Roll),64156118,4929092,69085210,32078059,0.18307,16.73,,,,0,,$267,
2015-09-30,Wed,PB 5/59+1/35 $2 (2012-01-18..2015-10-03),175223510,2,301,301,310.5,,,,,1,,,,99784900,6731485,106516385,49892450,0.28474,24.78,,,,0,,$301 $310.5,
2015-10-03,Sat,PB 5/59+1/35 $2 (2012-01-18..2015-10-03),175223510,2,40,40,40,,,,,0,0,,texaslottery (Roll),24893024,2568995,27462019,12446512,0.07103,6.86,,,,0,,$40,
2015-10-07,Wed,PB 5/69+1/26 $2 (2015-10-07+),292201338,2,50,50,50,50,32,,,0,0,,powerball.com,21151912,2159819,23311731,10575956,0.03619,3.55,,,,0,,$50,
2015-10-10,Sat,PB 5/69+1/26 $2 (2015-10-07+),292201338,2,60,60,60,60,37.4,,,0,0,,powerball.com,24599042,2562917,27161959,12299521,0.04209,4.12,,,,0,,$60,
2015-10-14,Wed,PB 5/69+1/26 $2 (2015-10-07+),292201338,2,70,70,70,70,43.6,,,0,0,,powerball.com,23219104,2380290,25599394,11609552,0.03973,3.90,,,,0,,$70,
2015-10-17,Sat,PB 5/69+1/26 $2 (2015-10-07+),292201338,2,80,80,80,80,50.7,,,0,0,,powerball.com,26255326,2700970,28956296,13127663,0.04493,4.39,,,,0,,$80,
2015-10-21,Wed,PB 5/69+1/26 $2 (2015-10-07+),292201338,2,90,90,90,90,57,,,0,0,,powerball.com,24895028,2496709,27391737,12447514,0.04260,4.17,,,,0,,$90,
2015-10-24,Sat,PB 5/69+1/26 $2 (2015-10-07+),292201338,2,100,100,100,100,62.8,,,0,0,,powerball.com,30270326,2955762,33226088,15135163,0.05180,5.05,,,,0,,$100,
2015-10-28,Wed,PB 5/69+1/26 $2 (2015-10-07+),292201338,2,110,110,110,110,69.1,,,0,0,,powerball.com,27942176,2684132,30626308,13971088,0.04781,4.67,,,,0,,$110,
2015-10-31,Sat,PB 5/69+1/26 $2 (2015-10-07+),292201338,2,127,127,127,128,79.4,,,0,0,,powerball.com,32751414,3177738,35929152,16375707,0.05604,5.45,,,,0,,$127,
2015-11-04,Wed,PB 5/69+1/26 $2 (2015-10-07+),292201338,2,142,142,142,144,89.8,,,1,1,TN,powerball.com,32324762,3049370,35374132,16162381,0.05531,5.38,,,,0,,$142,
2015-11-07,Sat,PB 5/69+1/26 $2 (2015-10-07+),292201338,2,40,40,40,40,24.4,,,0,0,,powerball.com,23900282,2547374,26447656,11950141,0.04090,4.01,,,,0,,$40,
2015-11-11,Wed,PB 5/69+1/26 $2 (2015-10-07+),292201338,2,50,50,50,50,30.5,,,0,0,,powerball.com,20825416,2213546,23038962,10412708,0.03564,3.50,,,,0,,$50,
2015-11-14,Sat,PB 5/69+1/26 $2 (2015-10-07+),292201338,2,60,60,60,60,36.7,,,0,0,,powerball.com,24231802,2585112,26816914,12115901,0.04146,4.06,,,,0,,$60,
2015-11-18,Wed,PB 5/69+1/26 $2 (2015-10-07+),292201338,2,70,70,70,70,42.8,,,0,0,,powerball.com,22075844,2298678,24374522,11037922,0.03778,3.71,,,,0,,$70,
2015-11-21,Sat,PB 5/69+1/26 $2 (2015-10-07+),292201338,2,80,80,80,80,49,,,0,0,,powerball.com,25097524,2603070,27700594,12548762,0.04295,4.20,,,,0,,$80,
2015-11-25,Wed,PB 5/69+1/26 $2 (2015-10-07+),292201338,2,90,90,90,90,55.2,,,0,0,,powerball.com,26087034,2602355,28689389,13043517,0.04464,4.37,,,,0,,$90,
2015-11-28,Sat,PB 5/69+1/26 $2 (2015-10-07+),292201338,2,100,100,100,100,61.3,,,0,0,,powerball.com,26971156,2690519,29661675,13485578,0.04615,4.51,,,,0,,$100,
2015-12-02,Wed,PB 5/69+1/26 $2 (2015-10-07+),292201338,2,110,110,110,110,67.4,,,0,0,,powerball.com,28787014,2683235,31470249,14393507,0.04926,4.81,,,,0,,$110,
2015-12-05,Sat,PB 5/69+1/26 $2 (2015-10-07+),292201338,2,127,127,127,129,78.1,,,0,0,,powerball.com,32694022,3077783,35771805,16347011,0.05594,5.44,,,,0,,$127,
2015-12-09,Wed,PB 5/69+1/26 $2 (2015-10-07+),292201338,2,145,145,145,146,88.6,,,0,0,,powerball.com,32622162,2923265,35545427,16311081,0.05582,5.43,,,,0,,$145,
2015-12-12,Sat,PB 5/69+1/26 $2 (2015-10-07+),292201338,2,164,164,164,161,100.3,,,0,0,,powerball.com,36662540,3316183,39978723,18331270,0.06274,6.08,,,,0,,$164,
2015-12-16,Wed,PB 5/69+1/26 $2 (2015-10-07+),292201338,2,180,180,180,180,112.1,,,0,0,,powerball.com,36957036,3191783,40148819,18478518,0.06324,6.13,,,,0,,$180,
2015-12-19,Sat,PB 5/69+1/26 $2 (2015-10-07+),292201338,2,202,202,202,205,127.1,,,0,0,,powerball.com,46794394,3926457,50720851,23397197,0.08007,7.70,,,,0,,$202,
2015-12-23,Wed,PB 5/69+1/26 $2 (2015-10-07+),292201338,2,227,227,227,233,144.5,,,0,0,,powerball.com,54319258,4243966,58563224,27159629,0.09295,8.88,,,,0,,$227,
2015-12-26,Sat,PB 5/69+1/26 $2 (2015-10-07+),292201338,2,255,255,255,262,160.7,,,0,0,,powerball.com,52097324,4172123,56269447,26048662,0.08915,8.53,,,,0,,$255,
2015-12-30,Wed,PB 5/69+1/26 $2 (2015-10-07+),292201338,2,300,300,300,302,185.2,,,0,0,,powerball.com,81857312,5760737,87618049,40928656,0.14007,13.07,,,,0,,$300,
2016-01-02,Sat,PB 5/69+1/26 $2 (2015-10-07+),292201338,2,334,334,334,356,217.7,,,0,0,,powerball.com,108257204,7547996,115805200,54128602,0.18524,16.91,,,,0,,$334,
2016-01-06,Wed,PB 5/69+1/26 $2 (2015-10-07+),292201338,2,500,400,528.5,529,323.4,,,0,0,,powerball.com,352287260,20349888,372637148,176143630,0.60282,45.27,,,,0,,$400 $528.5,
2016-01-09,Sat,PB 5/69+1/26 $2 (2015-10-07+),292201338,2,900,675,947.9,948,587.7,,,0,0,,powerball.com,880642344,49356071,929998415,440321172,1.50691,77.84,77.8,,"AP (via CBS SF, 2022-11-03), MUSL figures: 77.8% coverage for the ~$900M drawing a few days before the 1/13/16 record",0,,$675$800 $947.9,
2016-01-13,Wed,PB 5/69+1/26 $2 (2015-10-07+),292201338,2,1500,1580,1580,1590,983.5,1586.4,983.5,1,3,"CA, FL, TN",powerball.com,1270206274,73128409,1343334683,635103137,2.17351,88.62,88.6,,"AP (via CBS SF, 2022-11-03), citing the Multi-State Lottery Association: 88.6% of combinations covered",0,,$1.58 Billion,
2016-01-16,Sat,PB 5/69+1/26 $2 (2015-10-07+),292201338,2,40,40,40,40,25.4,,,0,0,,powerball.com,48484312,4555607,53039919,24242156,0.08296,7.96,,,,0,,$40,
2016-01-20,Wed,PB 5/69+1/26 $2 (2015-10-07+),292201338,2,50,50,50,50,31.8,,,0,0,,powerball.com,35845424,3498218,39343642,17922712,0.06134,5.95,,,,0,,$50,
2016-01-23,Sat,PB 5/69+1/26 $2 (2015-10-07+),292201338,2,60,60,60,63,40.1,,,0,0,,powerball.com,33437096,3480880,36917976,16718548,0.05722,5.56,,,,0,,$60,
2016-01-27,Wed,PB 5/69+1/26 $2 (2015-10-07+),292201338,2,75,75,75,81,51,,,0,0,,powerball.com,32033346,3297846,35331192,16016673,0.05481,5.33,,,,0,,$75,
2016-01-30,Sat,PB 5/69+1/26 $2 (2015-10-07+),292201338,2,96,96,96,98,63.2,,,0,0,,powerball.com,35939628,3692738,39632366,17969814,0.06150,5.96,,,,0,,$96,
2016-02-03,Wed,PB 5/69+1/26 $2 (2015-10-07+),292201338,2,112,112,112,117,75.3,,,0,0,,powerball.com,35512044,3499156,39011200,17756022,0.06077,5.90,,,,0,,$112,
2016-02-06,Sat,PB 5/69+1/26 $2 (2015-10-07+),292201338,2,136,136,136,136,88.4,,,0,0,,powerball.com,38882640,3840645,42723285,19441320,0.06653,6.44,,,,0,,$136,
2016-02-10,Wed,PB 5/69+1/26 $2 (2015-10-07+),292201338,2,157,157,157,155,100.7,,,0,0,,powerball.com,36547620,3458539,40006159,18273810,0.06254,6.06,,,,0,,$157,
2016-02-13,Sat,PB 5/69+1/26 $2 (2015-10-07+),292201338,2,176,176,171,171,114.2,,,0,0,,powerball.com,40079550,3832816,43912366,20039775,0.06858,6.63,,,,0,,$176 $171,
2016-02-17,Wed,PB 5/69+1/26 $2 (2015-10-07+),292201338,2,189,189,189,190,126.9,,,0,0,,powerball.com,37750784,3517675,41268459,18875392,0.06460,6.26,,,,0,,$189,
2016-02-20,Sat,PB 5/69+1/26 $2 (2015-10-07+),292201338,2,212,212,212,215,142.3,,,0,0,,powerball.com,45731386,4171396,49902782,22865693,0.07825,7.53,,,,0,,$212,
2016-02-24,Wed,PB 5/69+1/26 $2 (2015-10-07+),292201338,2,236,236,236,238,157.5,,,0,0,,powerball.com,45245596,4003501,49249097,22622798,0.07742,7.45,,,,0,,$236,
2016-02-27,Sat,PB 5/69+1/26 $2 (2015-10-07+),292201338,2,266,266,266,265,174.3,,,0,0,,powerball.com,50206284,4502871,54709155,25103142,0.08591,8.23,,,,0,,$266,
2016-03-02,Wed,PB 5/69+1/26 $2 (2015-10-07+),292201338,2,292,292,291.4,291,191.5,,,1,1,FL,powerball.com,51538444,4409707,55948151,25769222,0.08819,8.44,,,,0,,$292 $291.4,
2016-03-05,Sat,PB 5/69+1/26 $2 (2015-10-07+),292201338,2,40,40,40,40,26,,,0,0,,powerball.com,29205358,3110256,32315614,14602679,0.04997,4.87,,,,0,,$40,
2016-03-09,Wed,PB 5/69+1/26 $2 (2015-10-07+),292201338,2,50,50,50,50,32.6,,,0,0,,powerball.com,24962442,2679607,27642049,12481221,0.04271,4.18,,,,0,,$50,
2016-03-12,Sat,PB 5/69+1/26 $2 (2015-10-07+),292201338,2,60,60,60,60,38.7,,,0,0,,powerball.com,27640256,2979576,30619832,13820128,0.04730,4.62,,,,0,,$60,
2016-03-16,Wed,PB 5/69+1/26 $2 (2015-10-07+),292201338,2,70,70,70,70,45.2,,,0,0,,powerball.com,25639626,2702203,28341829,12819813,0.04387,4.29,,,,0,,$70,
2016-03-19,Sat,PB 5/69+1/26 $2 (2015-10-07+),292201338,2,80,80,80,80,51.9,,,0,0,,powerball.com,28461130,3012116,31473246,14230565,0.04870,4.75,,,,0,,$80,
2016-03-23,Wed,PB 5/69+1/26 $2 (2015-10-07+),292201338,2,90,90,90,90,58.4,,,0,0,,powerball.com,26728382,2751024,29479406,13364191,0.04574,4.47,,,,0,,$90,
2016-03-26,Sat,PB 5/69+1/26 $2 (2015-10-07+),292201338,2,101,101,101,102,66.2,,,0,0,,powerball.com,32052008,3183362,35235370,16026004,0.05485,5.34,,,,0,,$101,
2016-03-30,Wed,PB 5/69+1/26 $2 (2015-10-07+),292201338,2,116,116,116,117,76.3,,,0,0,,powerball.com,29665490,2952127,32617617,14832745,0.05076,4.95,,,,0,,$116,
2016-04-02,Sat,PB 5/69+1/26 $2 (2015-10-07+),292201338,2,135,135,135,133,87.8,,,0,0,,powerball.com,34201448,3437170,37638618,17100724,0.05852,5.68,,,,0,,$135,
2016-04-06,Wed,PB 5/69+1/26 $2 (2015-10-07+),292201338,2,148,148,148,150,98.7,,,0,0,,powerball.com,32345444,3122114,35467558,16172722,0.05535,5.38,,,,0,,$148,
2016-04-09,Sat,PB 5/69+1/26 $2 (2015-10-07+),292201338,2,168,168,168,167,110.8,,,0,0,,powerball.com,36083820,3454976,39538796,18041910,0.06174,5.99,,,,0,,$168,
2016-04-13,Wed,PB 5/69+1/26 $2 (2015-10-07+),292201338,2,184,184,184,185,122.8,,,0,0,,powerball.com,35666504,3286958,38953462,17833252,0.06103,5.92,,,,0,,$184,
2016-04-16,Sat,PB 5/69+1/26 $2 (2015-10-07+),292201338,2,205,205,205,206,137.1,,,0,0,,powerball.com,42463458,3835937,46299395,21231729,0.07266,7.01,,,,0,,$205,
2016-04-20,Wed,PB 5/69+1/26 $2 (2015-10-07+),292201338,2,227,227,227,228,151.6,,,0,0,,powerball.com,43028710,3680740,46709450,21514355,0.07363,7.10,,,,0,,$227,
2016-04-23,Sat,PB 5/69+1/26 $2 (2015-10-07+),292201338,2,251,251,251,257,167.5,,,0,0,,powerball.com,47407264,4098868,51506132,23703632,0.08112,7.79,,,,0,,$251,
2016-04-27,Wed,PB 5/69+1/26 $2 (2015-10-07+),292201338,2,282,282,282,282,183.9,,,0,0,,powerball.com,49148452,4091488,53239940,24574226,0.08410,8.07,,,,0,,$282,
2016-04-30,Sat,PB 5/69+1/26 $2 (2015-10-07+),292201338,2,314,314,314,315,204.5,,,0,0,,powerball.com,61976652,5059272,67035924,30988326,0.10605,10.06,,,,0,,$314,
2016-05-04,Wed,PB 5/69+1/26 $2 (2015-10-07+),292201338,2,348,348,361,362,234.9,,,0,0,,powerball.com,91372322,,,45686161,0.15635,14.47,,,,0,,$348 $361,"LottoReport parse: unparseable '$6,543,6`7' | PowerPlay sales garbled on source (""$6,543,6`7""); left blank"
2016-05-07,Sat,PB 5/69+1/26 $2 (2015-10-07+),292201338,2,415,415,429,430,284.1,,,1,1,NJ,powerball.com,147961958,10000844,157962802,73980979,0.25318,22.37,,,,0,,$415 $429,
2016-05-11,Wed,PB 5/69+1/26 $2 (2015-10-07+),292201338,2,40,40,40,40,26.5,,,0,0,,powerball.com,24572226,2530420,27102646,12286113,0.04205,4.12,,,,0,,$40,
2016-05-14,Sat,PB 5/69+1/26 $2 (2015-10-07+),292201338,2,50,50,50,50,33.3,,,0,0,,powerball.com,26710594,2848809,29559403,13355297,0.04571,4.47,,,,0,,$50,
2016-05-18,Wed,PB 5/69+1/26 $2 (2015-10-07+),292201338,2,60,60,60,60,40,,,0,0,,powerball.com,24260628,2599084,26859712,12130314,0.04151,4.07,,,,0,,$60,
2016-05-21,Sat,PB 5/69+1/26 $2 (2015-10-07+),292201338,2,70,70,70,70,45.7,,,0,0,,powerball.com,27239338,2925160,30164498,13619669,0.04661,4.55,,,,0,,$70,
2016-05-25,Wed,PB 5/69+1/26 $2 (2015-10-07+),292201338,2,80,80,80,80,52.2,,,0,0,,powerball.com,24610048,2618702,27228750,12305024,0.04211,4.12,,,,0,,$80,
2016-05-28,Sat,PB 5/69+1/26 $2 (2015-10-07+),292201338,2,90,90,90,90,59,,,0,0,,powerball.com,27774836,2970047,30744883,13887418,0.04753,4.64,,,,0,,$90,
2016-06-01,Wed,PB 5/69+1/26 $2 (2015-10-07+),292201338,2,100,100,100,100,65.5,,,0,0,,powerball.com,26769328,2742774,29512102,13384664,0.04581,4.48,,,,0,,$100,
2016-06-04,Sat,PB 5/69+1/26 $2 (2015-10-07+),292201338,2,110,110,110,110,73.2,,,0,0,,powerball.com,31161584,3228115,34389699,15580792,0.05332,5.19,,,,0,,$110,
2016-06-08,Wed,PB 5/69+1/26 $2 (2015-10-07+),292201338,2,123,123,123,124,82.2,,,0,0,,powerball.com,28791514,2898268,31689782,14395757,0.04927,4.81,,,,0,,$123,
2016-06-11,Sat,PB 5/69+1/26 $2 (2015-10-07+),292201338,2,141,141,141,138,93,,,0,0,,powerball.com,31869688,3231680,35101368,15934844,0.05453,5.31,,,,0,,$141,
2016-06-15,Wed,PB 5/69+1/26 $2 (2015-10-07+),292201338,2,153,153,153,153,103.1,,,0,0,,powerball.com,30117464,2980922,33098386,15058732,0.05154,5.02,,,,0,,$153,
2016-06-18,Sat,PB 5/69+1/26 $2 (2015-10-07+),292201338,2,169,169,169,168,114.5,,,0,0,,powerball.com,33986378,3378526,37364904,16993189,0.05816,5.65,,,,0,,$169,
2016-06-22,Wed,PB 5/69+1/26 $2 (2015-10-07+),292201338,2,184,184,184,184,125.4,,,0,0,,powerball.com,32290936,3133890,35424826,16145468,0.05525,5.38,,,,0,,$184,
2016-06-25,Sat,PB 5/69+1/26 $2 (2015-10-07+),292201338,2,203,203,203,203,138.5,,,0,0,,powerball.com,38946942,3723221,42670163,19473471,0.06664,6.45,,,,0,,$203,
2016-06-29,Wed,PB 5/69+1/26 $2 (2015-10-07+),292201338,2,222,222,222,223,151.9,,,0,0,,powerball.com,39756020,3581864,43337884,19878010,0.06803,6.58,,,,0,,$222,
2016-07-02,Sat,PB 5/69+1/26 $2 (2015-10-07+),292201338,2,243,243,243,239,167.3,,,0,0,,powerball.com,51203844,4580648,55784492,25601922,0.08762,8.39,,,,0,,$243,
2016-07-06,Wed,PB 5/69+1/26 $2 (2015-10-07+),292201338,2,257,257,257,261,182.7,,,0,0,,powerball.com,51580224,4368361,55948585,25790112,0.08826,8.45,,,,0,,$257,
2016-07-09,Sat,PB 5/69+1/26 $2 (2015-10-07+),292201338,2,288,288,288,281,199.8,,,0,0,,powerball.com,56912314,4869927,61782241,28456157,0.09739,9.28,,,,0,,$288,
2016-07-13,Wed,PB 5/69+1/26 $2 (2015-10-07+),292201338,2,311,311,311,303,215.3,,,0,0,,powerball.com,51529112,4244942,55774054,25764556,0.08817,8.44,,,,0,,$311,
2016-07-16,Sat,PB 5/69+1/26 $2 (2015-10-07+),292201338,2,333,333,333,336,232.6,,,0,0,,powerball.com,57802204,4822969,62625173,28901102,0.09891,9.42,,,,0,,$333,
2016-07-20,Wed,PB 5/69+1/26 $2 (2015-10-07+),292201338,2,361,361,361,361,250.2,,,0,0,,powerball.com,58703720,4648849,63352569,29351860,0.10045,9.56,,,,0,,$361,
2016-07-23,Sat,PB 5/69+1/26 $2 (2015-10-07+),292201338,2,390,390,390,391,270.5,,,0,0,,powerball.com,67447786,5286268,72734054,33723893,0.11541,10.90,,,,0,,$390,
2016-07-27,Wed,PB 5/69+1/26 $2 (2015-10-07+),292201338,2,422,422,422,435,300.7,,,0,0,,powerball.com,100687710,7061377,107749087,50343855,0.17229,15.83,,,,0,,$422,LottoReport parse: date corrected '07/26/16' -> 2016-07-27 (sequence vs Texas draw list)
2016-07-30,Sat,PB 5/69+1/26 $2 (2015-10-07+),292201338,2,478,478,487,487,341.7,,,1,1,NH,powerball.com,136722250,9400694,146122944,68361125,0.23395,20.86,,,,0,,$478 $487,LottoReport parse: date corrected '07/29/16' -> 2016-07-30 (sequence vs Texas draw list)
2016-08-03,Wed,PB 5/69+1/26 $2 (2015-10-07+),292201338,2,40,40,40,40,28.1,,,0,0,,powerball.com,27186128,2704867,29890995,13593064,0.04652,4.55,,,,0,,$40,
2016-08-06,Sat,PB 5/69+1/26 $2 (2015-10-07+),292201338,2,52,52,52,55,37.9,,,0,0,,powerball.com,29037382,2976605,32013987,14518691,0.04969,4.85,,,,0,,$52,
2016-08-10,Wed,PB 5/69+1/26 $2 (2015-10-07+),292201338,2,67,67,67,68,46.9,,,0,0,,powerball.com,26374638,2665046,29039684,13187319,0.04513,4.41,,,,0,,$67,
2016-08-13,Sat,PB 5/69+1/26 $2 (2015-10-07+),292201338,2,82,82,82,81,57.1,,,0,0,,powerball.com,30029386,3070202,33099588,15014693,0.05138,5.01,,,,0,,$82,
2016-08-17,Wed,PB 5/69+1/26 $2 (2015-10-07+),292201338,2,94,94,94,95,66.6,,,0,0,,powerball.com,27911078,2770792,30681870,13955539,0.04776,4.66,,,,0,,$94,
2016-08-20,Sat,PB 5/69+1/26 $2 (2015-10-07+),292201338,2,110,110,110,113,77.8,,,0,0,,powerball.com,32849886,3233267,36083153,16424943,0.05621,5.47,,,,0,,$110,
2016-08-24,Wed,PB 5/69+1/26 $2 (2015-10-07+),292201338,2,127,127,127,126,87.2,,,0,0,,powerball.com,30629692,2907726,33537418,15314846,0.05241,5.11,,,,0,,$127,
2016-08-27,Sat,PB 5/69+1/26 $2 (2015-10-07+),292201338,2,142,142,142,140,97.5,,,0,0,,powerball.com,34481088,3314556,37795644,17240544,0.05900,5.73,,,,0,,$142,
2016-08-31,Wed,PB 5/69+1/26 $2 (2015-10-07+),292201338,2,154,154,154,154,107.1,,,0,0,,powerball.com,32026026,2993551,35019577,16013013,0.05480,5.33,,,,0,,$154,
2016-09-03,Sat,PB 5/69+1/26 $2 (2015-10-07+),292201338,2,170,170,170,172,118.3,,,0,0,,powerball.com,37152208,3559387,40711595,18576104,0.06357,6.16,,,,0,,$170,
2016-09-07,Wed,PB 5/69+1/26 $2 (2015-10-07+),292201338,2,186,186,186,186,128.4,,,0,0,,powerball.com,33546728,3121924,36668652,16773364,0.05740,5.58,,,,0,,$186,
2016-09-10,Sat,PB 5/69+1/26 $2 (2015-10-07+),292201338,2,205,205,205,207,140.5,,,0,0,,powerball.com,40342579,3724955,44067534,20171290,0.06903,6.67,,,,0,minor_typo,$205,base sales not a multiple of $2 -> transcription error on source (small)
2016-09-14,Wed,PB 5/69+1/26 $2 (2015-10-07+),292201338,2,222,222,222,225,152.3,,,0,0,,powerball.com,39590258,3493659,43083917,19795129,0.06774,6.55,,,,0,,$222,
2016-09-17,Sat,PB 5/69+1/26 $2 (2015-10-07+),292201338,2,244,244,244,247,165.6,,,1,1,GA,powerball.com,44231724,3971731,48203455,22115862,0.07569,7.29,,,,0,,$244,
2016-09-21,Wed,PB 5/69+1/26 $2 (2015-10-07+),292201338,2,40,40,40,40,26.8,,,0,0,,powerball.com,22462360,2311038,24773398,11231180,0.03844,3.77,,,,0,,$40,
2016-09-24,Sat,PB 5/69+1/26 $2 (2015-10-07+),292201338,2,50,50,50,50,33.9,,,0,0,,powerball.com,25267522,2652582,27920104,12633761,0.04324,4.23,,,,0,,$50,
2016-09-28,Wed,PB 5/69+1/26 $2 (2015-10-07+),292201338,2,60,60,60,60,40.7,,,0,0,,powerball.com,23116626,2416779,25533405,11558313,0.03956,3.88,,,,0,,$60,
2016-10-01,Sat,PB 5/69+1/26 $2 (2015-10-07+),292201338,2,70,70,70,70,48.2,,,0,0,,powerball.com,27058640,2883956,29942596,13529320,0.04630,4.52,,,,0,,$70,
2016-10-05,Wed,PB 5/69+1/26 $2 (2015-10-07+),292201338,2,80,80,80,80,55.1,,,0,0,,powerball.com,24639824,2553941,27193765,12319912,0.04216,4.13,,,,0,,$80,
2016-10-08,Sat,PB 5/69+1/26 $2 (2015-10-07+),292201338,2,91,91,91,93,62.2,,,0,0,,powerball.com,27361708,2805904,30167612,13680854,0.04682,4.57,,,,0,,$91,
2016-10-12,Wed,PB 5/69+1/26 $2 (2015-10-07+),292201338,2,107,107,107,106,71.4,,,0,0,,powerball.com,27079104,2658174,29737278,13539552,0.04634,4.53,,,,0,,$107,
2016-10-15,Sat,PB 5/69+1/26 $2 (2015-10-07+),292201338,2,122,122,122,123,81.8,,,0,0,,powerball.com,31370892,3066567,34437459,15685446,0.05368,5.23,,,,0,,$122,
2016-10-19,Wed,PB 5/69+1/26 $2 (2015-10-07+),292201338,2,136,136,136,136,90.6,,,0,0,,powerball.com,29294512,2770496,32065008,14647256,0.05013,4.89,,,,0,,$136,
2016-10-22,Sat,PB 5/69+1/26 $2 (2015-10-07+),292201338,2,151,151,151,150,100.5,,,0,0,,powerball.com,33173498,3173518,36347016,16586749,0.05676,5.52,,,,0,,$151,
2016-10-26,Wed,PB 5/69+1/26 $2 (2015-10-07+),292201338,2,164,164,164,164,109.9,,,0,0,,powerball.com,31304674,2900486,34205160,15652337,0.05357,5.22,,,,0,,$164,
2016-10-29,Sat,PB 5/69+1/26 $2 (2015-10-07+),292201338,2,180,180,180,183,120.5,,,0,0,,powerball.com,35303704,3310695,38614399,17651852,0.06041,5.86,,,,0,,$180,
2016-11-02,Wed,PB 5/69+1/26 $2 (2015-10-07+),292201338,2,198,198,198,200,131.3,,,0,0,,powerball.com,35891196,3228429,39119625,17945598,0.06142,5.96,,,,0,,$198,
2016-11-05,Sat,PB 5/69+1/26 $2 (2015-10-07+),292201338,2,217,217,217,218,144.2,,,0,0,,powerball.com,42956768,3802515,46759283,21478384,0.07351,7.09,,,,0,,$217,
2016-11-09,Wed,PB 5/69+1/26 $2 (2015-10-07+),292201338,2,236,236,236,237,156.7,,,0,0,,powerball.com,41636032,3502988,45139020,20818016,0.07125,6.88,,,,0,,$236,
2016-11-12,Sat,PB 5/69+1/26 $2 (2015-10-07+),292201338,2,258,258,258,270,170.7,,,0,0,,powerball.com,46889864,4013756,50903620,23444932,0.08024,7.71,,,,0,,$258,
2016-11-16,Wed,PB 5/69+1/26 $2 (2015-10-07+),292201338,2,293,293,293,294,185.8,,,0,0,,powerball.com,50086188,4017932,54104120,25043094,0.08570,8.21,,,,0,,$293,
2016-11-19,Sat,PB 5/69+1/26 $2 (2015-10-07+),292201338,2,320,320,320,334,204,,,0,0,,powerball.com,60763296,4818669,65581965,30381648,0.10398,9.88,,,,0,,$320,
2016-11-23,Wed,PB 5/69+1/26 $2 (2015-10-07+),292201338,2,359,359,359,374,226.3,,,0,0,,powerball.com,74294276,5500368,79794644,37147138,0.12713,11.94,,,,0,,$359,
2016-11-26,Sat,PB 5/69+1/26 $2 (2015-10-07+),292201338,2,403,403,420.9,421,254.7,,,1,1,TN,powerball.com,94533644,6840650,101374294,47266822,0.16176,14.94,,,,0,,$403 $420.9,
2016-11-30,Wed,PB 5/69+1/26 $2 (2015-10-07+),292201338,2,40,40,40,40,24.2,,,0,0,,powerball.com,23145668,2351607,25497275,11572834,0.03961,3.88,,,,0,,$40,
2016-12-03,Sat,PB 5/69+1/26 $2 (2015-10-07+),292201338,2,54,54,54,55,33.3,,,0,0,,powerball.com,26782142,2793293,29575435,13391071,0.04583,4.48,,,,0,,$54,
2016-12-07,Wed,PB 5/69+1/26 $2 (2015-10-07+),292201338,2,67,67,67,69,41.7,,,0,0,,powerball.com,24610904,2499693,27110597,12305452,0.04211,4.12,,,,0,,$67,
2016-12-10,Sat,PB 5/69+1/26 $2 (2015-10-07+),292201338,2,85,85,85,86,51.3,,,0,0,,powerball.com,28258756,2860048,31118804,14129378,0.04835,4.72,,,,0,,$85,
2016-12-14,Wed,PB 5/69+1/26 $2 (2015-10-07+),292201338,2,100,100,100,102,61.3,,,0,0,,powerball.com,29458404,2804505,32262909,14729202,0.05041,4.92,,,,0,,$100,
2016-12-17,Sat,PB 5/69+1/26 $2 (2015-10-07+),292201338,2,119,119,121.6,122,72.1,,,1,1,DE,powerball.com,32263346,3126813,35390159,16131673,0.05521,5.37,,,,0,,$119 $121.6,
2016-12-21,Wed,PB 5/69+1/26 $2 (2015-10-07+),292201338,2,40,40,40,40,23.7,,,0,0,,powerball.com,22726668,2373591,25100259,11363334,0.03889,3.81,,,,0,,$40,
2016-12-24,Sat,PB 5/69+1/26 $2 (2015-10-07+),292201338,2,50,50,50,50,29.9,,,0,0,,powerball.com,30022848,3015772,33038620,15011424,0.05137,5.01,,,,0,,$50,
2016-12-28,Wed,PB 5/69+1/26 $2 (2015-10-07+),292201338,2,60,60,60,60,35.9,,,0,0,,powerball.com,22553992,2370877,24924869,11276996,0.03859,3.79,,,,0,,$60,
2016-12-31,Sat,PB 5/69+1/26 $2 (2015-10-07+),292201338,2,70,70,70,70,42.1,,,0,0,,powerball.com,32118732,3258262,35376994,16059366,0.05496,5.35,,,,0,,$70,
2017-01-04,Wed,PB 5/69+1/26 $2 (2015-10-07+),292201338,2,80,80,80,80,48.2,,,0,0,,powerball.com,23867632,2473928,26341560,11933816,0.04084,4.00,,,,0,,$80,
2017-01-07,Sat,PB 5/69+1/26 $2 (2015-10-07+),292201338,2,94,94,94,91,55.6,,,0,0,,powerball.com,26368706,2702423,29071129,13184353,0.04512,4.41,,,,0,,$94,
2017-01-11,Wed,PB 5/69+1/26 $2 (2015-10-07+),292201338,2,106,106,106,106,64.5,,,0,0,,powerball.com,26361692,2645418,29007110,13180846,0.04511,4.41,,,,0,,$106,
2017-01-14,Sat,PB 5/69+1/26 $2 (2015-10-07+),292201338,2,121,121,121,123,75.1,,,0,0,,powerball.com,31820822,3175470,34996292,15910411,0.05445,5.30,,,,0,,$121,
2017-01-18,Wed,PB 5/69+1/26 $2 (2015-10-07+),292201338,2,135,135,135,137,83.6,,,0,0,,powerball.com,28308190,2800057,31108247,14154095,0.04844,4.73,,,,0,,$135,
2017-01-21,Sat,PB 5/69+1/26 $2 (2015-10-07+),292201338,2,153,153,153,155,93.6,,,0,0,,powerball.com,33115134,3238280,36353414,16557567,0.05666,5.51,,,,0,,$153,
2017-01-25,Wed,PB 5/69+1/26 $2 (2015-10-07+),292201338,2,170,170,170,170,102.9,,,0,0,,powerball.com,31178460,2962730,34141190,15589230,0.05335,5.20,,,,0,,$170,
2017-01-28,Sat,PB 5/69+1/26 $2 (2015-10-07+),292201338,2,187,187,187,189,114.2,,,0,0,,powerball.com,37642712,3484916,41127628,18821356,0.06441,6.24,,,,0,,$187,
2017-02-01,Wed,PB 5/69+1/26 $2 (2015-10-07+),292201338,2,206,206,206,210,126.6,,,0,0,,powerball.com,41339944,3529639,44869583,20669972,0.07074,6.83,,,,0,,$206,
2017-02-04,Sat,PB 5/69+1/26 $2 (2015-10-07+),292201338,2,229,229,229,234,141.4,,,0,0,,powerball.com,49276582,4201107,53477689,24638291,0.08432,8.09,,,,0,,$229,
2017-02-08,Wed,PB 5/69+1/26 $2 (2015-10-07+),292201338,2,255,255,255,258,156.4,,,0,0,,powerball.com,49916734,4066235,53982969,24958367,0.08541,8.19,,,,0,,$255,
2017-02-11,Sat,PB 5/69+1/26 $2 (2015-10-07+),292201338,2,285,285,285,284,173.3,,,0,0,,powerball.com,56292320,4652739,60945059,28146160,0.09632,9.18,,,,0,,$285,
2017-02-15,Wed,PB 5/69+1/26 $2 (2015-10-07+),292201338,2,310,310,310,317,193.5,,,0,0,,powerball.com,67509258,5153428,72662686,33754629,0.11552,10.91,,,,0,,$310,
2017-02-18,Sat,PB 5/69+1/26 $2 (2015-10-07+),292201338,2,349,349,349,361,218.5,,,0,0,,powerball.com,83331392,6274039,89605431,41665696,0.14259,13.29,,,,0,,$349,
2017-02-22,Wed,PB 5/69+1/26 $2 (2015-10-07+),292201338,2,403,403,435.3,435,263.5,,,1,1,IN,powerball.com,149905498,10185004,160090502,74952749,0.25651,22.63,,,,0,,$403 $435.3,
2017-02-25,Sat,PB 5/69+1/26 $2 (2015-10-07+),292201338,2,40,40,40,40,24.4,,,0,0,,powerball.com,27777408,2910938,30688346,13888704,0.04753,4.64,,,,0,,$40,
2017-03-01,Wed,PB 5/69+1/26 $2 (2015-10-07+),292201338,2,53,53,53,54,32.9,,,0,0,,powerball.com,25012404,2648030,27660434,12506202,0.04280,4.19,,,,0,,$53,
2017-03-04,Sat,PB 5/69+1/26 $2 (2015-10-07+),292201338,2,68,68,68,71,42.8,,,0,0,,powerball.com,28868654,3154145,32022799,14434327,0.04940,4.82,,,,0,,$68,
2017-03-08,Wed,PB 5/69+1/26 $2 (2015-10-07+),292201338,2,85,85,85,87,51.9,,,0,0,,powerball.com,26936478,2847616,29784094,13468239,0.04609,4.50,,,,0,,$85,
2017-03-11,Sat,PB 5/69+1/26 $2 (2015-10-07+),292201338,2,104,104,104,107,63,,,0,0,,powerball.com,32550214,3344208,35894422,16275107,0.05570,5.42,,,,0,,$104,
2017-03-15,Wed,PB 5/69+1/26 $2 (2015-10-07+),292201338,2,123,123,123,123,72.9,,,0,0,,powerball.com,29851224,2995984,32847208,14925612,0.05108,4.98,,,,0,,$123,
2017-03-18,Sat,PB 5/69+1/26 $2 (2015-10-07+),292201338,2,141,141,141,140,83.3,,,0,0,,powerball.com,34900242,3486217,38386459,17450121,0.05972,5.80,,,,0,,$141,
2017-03-22,Wed,PB 5/69+1/26 $2 (2015-10-07+),292201338,2,155,155,155,156,93.1,,,1,1,WI,powerball.com,32554602,3161182,35715784,16277301,0.05571,5.42,,,,0,,$155,
2017-03-25,Sat,PB 5/69+1/26 $2 (2015-10-07+),292201338,2,40,40,40,40,24.3,,,0,0,,powerball.com,25737424,2775694,28513118,12868712,0.04404,4.31,,,,0,,$40,
2017-03-29,Wed,PB 5/69+1/26 $2 (2015-10-07+),292201338,2,50,50,50,50,30.3,,,0,0,,powerball.com,22467958,2421512,24889470,11233979,0.03845,3.77,,,,0,,$50,
2017-04-01,Sat,PB 5/69+1/26 $2 (2015-10-07+),292201338,2,60,60,60,60,36.5,,,1,1,AZ,powerball.com,25902820,2840504,28743324,12951410,0.04432,4.34,,,,0,,$60,
2017-04-05,Wed,PB 5/69+1/26 $2 (2015-10-07+),292201338,2,40,40,40,40,24.3,,,0,0,,powerball.com,22090536,2379140,24469676,11045268,0.03780,3.71,,,,0,,$40,
2017-04-08,Sat,PB 5/69+1/26 $2 (2015-10-07+),292201338,2,50,50,50,50,30.7,,,0,0,,powerball.com,24961042,2703745,27664787,12480521,0.04271,4.18,,,,0,,$50,
2017-04-12,Wed,PB 5/69+1/26 $2 (2015-10-07+),292201338,2,60,60,60,60,36.9,,,0,0,,powerball.com,23049888,2440268,25490156,11524944,0.03944,3.87,,,,0,,$60,
2017-04-15,Sat,PB 5/69+1/26 $2 (2015-10-07+),292201338,2,70,70,70,70,43.5,,,0,0,,powerball.com,26616188,2771396,29387584,13308094,0.04554,4.45,,,,0,,$70,
2017-04-19,Wed,PB 5/69+1/26 $2 (2015-10-07+),292201338,2,80,80,80,80,49.8,,,0,0,,powerball.com,24172228,2514027,26686255,12086114,0.04136,4.05,,,,0,,$80,
2017-04-22,Sat,PB 5/69+1/26 $2 (2015-10-07+),292201338,2,90,90,90,90,56.3,,,0,0,,powerball.com,28016384,2909522,30925906,14008192,0.04794,4.68,,,,0,,$90,
2017-04-26,Wed,PB 5/69+1/26 $2 (2015-10-07+),292201338,2,100,100,100,100,62.5,,,0,0,,powerball.com,28452234,2782692,31234926,14226117,0.04869,4.75,,,,0,,$100,
2017-04-29,Sat,PB 5/69+1/26 $2 (2015-10-07+),292201338,2,113,113,113,115,71.1,,,0,0,,powerball.com,31809628,3192494,35002122,15904814,0.05443,5.30,,,,0,,$113,
2017-05-03,Wed,PB 5/69+1/26 $2 (2015-10-07+),292201338,2,130,130,130,131,80.8,,,0,0,,powerball.com,31192354,2991480,34183834,15596177,0.05337,5.20,,,,0,,$130,
2017-05-06,Sat,PB 5/69+1/26 $2 (2015-10-07+),292201338,2,147,147,147,149,91.4,,,0,0,,powerball.com,35216844,3368587,38585431,17608422,0.06026,5.85,,,,0,,$147,
2017-05-10,Wed,PB 5/69+1/26 $2 (2015-10-07+),292201338,2,165,165,165,166,101.7,,,0,0,,powerball.com,34333024,3149523,37482547,17166512,0.05875,5.71,,,,0,,$165,
2017-05-13,Sat,PB 5/69+1/26 $2 (2015-10-07+),292201338,2,184,184,184,185,113.4,,,0,0,,powerball.com,38860452,3574279,42434731,19430226,0.06650,6.43,,,,0,,$184,
2017-05-17,Wed,PB 5/69+1/26 $2 (2015-10-07+),292201338,2,204,204,204,206,125.9,,,0,0,,powerball.com,41945038,3594560,45539598,20972519,0.07177,6.93,,,,0,,$204,
2017-05-20,Sat,PB 5/69+1/26 $2 (2015-10-07+),292201338,2,228,228,228,226,140,,,0,0,,powerball.com,46889334,4058813,50948147,23444667,0.08023,7.71,,,,0,,$228,
2017-05-24,Wed,PB 5/69+1/26 $2 (2015-10-07+),292201338,2,250,250,250,249,154.2,,,0,0,,powerball.com,47345376,3873175,51218551,23672688,0.08101,7.78,,,,0,,$250,
2017-05-27,Sat,PB 5/69+1/26 $2 (2015-10-07+),292201338,2,275,275,275,275,170.4,,,0,0,,powerball.com,53974574,4468048,58442622,26987287,0.09236,8.82,,,,0,,$275,
2017-05-31,Wed,PB 5/69+1/26 $2 (2015-10-07+),292201338,2,302,302,302,305,188.9,,,0,0,,powerball.com,61706222,4780775,66486997,30853111,0.10559,10.02,,,,0,,$302,
2017-06-03,Sat,PB 5/69+1/26 $2 (2015-10-07+),292201338,2,337,337,337,338,212.2,,,0,0,,powerball.com,77393730,6005951,83399681,38696865,0.13243,12.40,,,,0,,$337,
2017-06-07,Wed,PB 5/69+1/26 $2 (2015-10-07+),292201338,2,375,375,375,381,238.9,,,0,0,,powerball.com,89237106,6474800,95711906,44618553,0.15270,14.16,,,,0,,$375,
2017-06-10,Sat,PB 5/69+1/26 $2 (2015-10-07+),292201338,2,435,435,448.7,448,279.2,,,1,1,CA,powerball.com,134117452,9453046,143570498,67058726,0.22949,20.51,,,,0,,$435 $448.7,
2017-06-14,Wed,PB 5/69+1/26 $2 (2015-10-07+),292201338,2,40,40,40,40,24.9,,,0,0,,powerball.com,23023054,2426778,25449832,11511527,0.03940,3.86,,,,0,,$40,
2017-06-17,Sat,PB 5/69+1/26 $2 (2015-10-07+),292201338,2,52,52,52,53,33.6,,,0,0,,powerball.com,25546894,2770104,28316998,12773447,0.04371,4.28,,,,0,,$52,
2017-06-21,Wed,PB 5/69+1/26 $2 (2015-10-07+),292201338,2,64,64,64,65,41.4,,,0,0,,powerball.com,22935404,2461796,25397200,11467702,0.03925,3.85,,,,0,,$64,
2017-06-24,Sat,PB 5/69+1/26 $2 (2015-10-07+),292201338,2,79,79,79,79,50.3,,,0,0,,powerball.com,26136296,2811853,28948149,13068148,0.04472,4.37,,,,0,,$79,
2017-06-28,Wed,PB 5/69+1/26 $2 (2015-10-07+),292201338,2,92,92,92,92,58.7,,,0,0,,powerball.com,24563314,2584623,27147937,12281657,0.04203,4.12,,,,0,,$92,
2017-07-01,Sat,PB 5/69+1/26 $2 (2015-10-07+),292201338,2,106,106,106,109,68.7,,,0,0,,powerball.com,29542492,3097862,32640354,14771246,0.05055,4.93,,,,0,,$106,
2017-07-05,Wed,PB 5/69+1/26 $2 (2015-10-07+),292201338,2,121,121,121,123,77.3,,,0,0,,powerball.com,26095178,2649109,28744287,13047589,0.04465,4.37,,,,0,,$121,
2017-07-08,Sat,PB 5/69+1/26 $2 (2015-10-07+),292201338,2,140,140,140,140,86.8,,,0,0,,powerball.com,31734290,3200108,34934398,15867145,0.05430,5.29,,,,0,,$140,
2017-07-12,Wed,PB 5/69+1/26 $2 (2015-10-07+),292201338,2,155,155,155,155,95.9,,,0,0,,powerball.com,30129106,2936813,33065919,15064553,0.05156,5.02,,,,0,,$155,
2017-07-15,Sat,PB 5/69+1/26 $2 (2015-10-07+),292201338,2,172,172,172,171,106.2,,,0,0,,powerball.com,34337890,3374244,37712134,17168945,0.05876,5.71,,,,0,,$172,
2017-07-19,Wed,PB 5/69+1/26 $2 (2015-10-07+),292201338,2,187,187,187,186,115.8,,,0,0,,powerball.com,32074744,3092938,35167682,16037372,0.05488,5.34,,,,0,,$187,
2017-07-22,Sat,PB 5/69+1/26 $2 (2015-10-07+),292201338,2,205,205,205,201,127.2,,,0,0,,powerball.com,37852066,3615234,41467300,18926033,0.06477,6.27,,,,0,,$205,
2017-07-26,Wed,PB 5/69+1/26 $2 (2015-10-07+),292201338,2,220,220,220,219,138.2,,,0,0,,powerball.com,36596148,3375550,39971698,18298074,0.06262,6.07,,,,0,,$220,
2017-07-29,Sat,PB 5/69+1/26 $2 (2015-10-07+),292201338,2,239,239,239,243,150.9,,,0,0,,powerball.com,42451532,3952777,46404309,21225766,0.07264,7.01,,,,0,,$239,
2017-08-02,Wed,PB 5/69+1/26 $2 (2015-10-07+),292201338,2,261,261,261,263,163.4,,,0,0,,powerball.com,41757190,3778100,45535290,20878595,0.07145,6.90,,,,0,,$261,
2017-08-05,Sat,PB 5/69+1/26 $2 (2015-10-07+),292201338,2,286,286,286,287,180.7,,,0,0,,powerball.com,57610230,5000291,62610521,28805115,0.09858,9.39,,,,0,,$286,
2017-08-09,Wed,PB 5/69+1/26 $2 (2015-10-07+),292201338,2,307,307,307,324,203.6,,,0,0,,powerball.com,76183440,5964993,82148433,38091720,0.13036,12.22,,,,0,,$307,
2017-08-12,Sat,PB 5/69+1/26 $2 (2015-10-07+),292201338,2,356,356,356,371,235.9,,,0,0,,powerball.com,107894982,8149617,116044599,53947491,0.18462,16.86,,,,0,,$356,
2017-08-16,Wed,PB 5/69+1/26 $2 (2015-10-07+),292201338,2,430,430,430,433,274.9,,,0,0,,powerball.com,129941192,9255981,139197173,64970596,0.22235,19.94,,,,0,,$430,
2017-08-19,Sat,PB 5/69+1/26 $2 (2015-10-07+),292201338,2,535,510,535,542,343.2,,,0,0,,powerball.com,227374398,15519003,242893401,113687199,0.38907,32.23,,,,0,,$510 $535,
2017-08-23,Wed,PB 5/69+1/26 $2 (2015-10-07+),292201338,2,700,650,758.7,759,480.5,758.7,480.5,1,1,MA,powerball.com,457683204,29827564,487510768,228841602,0.78316,54.30,,,,0,,$650 $758.7,
2017-08-26,Sat,PB 5/69+1/26 $2 (2015-10-07+),292201338,2,40,40,40,40,25.4,,,0,0,,powerball.com,30726184,3293831,34020015,15363092,0.05258,5.12,,,,0,,$40,
2017-08-30,Wed,PB 5/69+1/26 $2 (2015-10-07+),292201338,2,53,53,53,54,34.5,,,0,0,,powerball.com,26629554,2842126,29471680,13314777,0.04557,4.45,,,,0,,$53,
2017-09-02,Sat,PB 5/69+1/26 $2 (2015-10-07+),292201338,2,68,68,68,71,44.8,,,0,0,,powerball.com,30533970,3324657,33858627,15266985,0.05225,5.09,,,,0,,$68,
2017-09-06,Wed,PB 5/69+1/26 $2 (2015-10-07+),292201338,2,83,83,83,85,53.9,,,0,0,,powerball.com,26795516,2717247,29512763,13397758,0.04585,4.48,,,,0,,$83,
2017-09-09,Sat,PB 5/69+1/26 $2 (2015-10-07+),292201338,2,102,102,102,100,64.7,,,0,0,,powerball.com,31563578,3176666,34740244,15781789,0.05401,5.26,,,,0,,$102,
2017-09-13,Wed,PB 5/69+1/26 $2 (2015-10-07+),292201338,2,115,115,115,116,74.5,,,0,0,,powerball.com,28866102,2894781,31760883,14433051,0.04939,4.82,,,,0,,$115,
2017-09-16,Sat,PB 5/69+1/26 $2 (2015-10-07+),292201338,2,132,132,132,133,84.6,,,1,1,CO,powerball.com,33006810,3344676,36351486,16503405,0.05648,5.49,,,,0,,$132,
2017-09-20,Wed,PB 5/69+1/26 $2 (2015-10-07+),292201338,2,40,40,40,40,25.4,,,0,0,,powerball.com,22491096,2604402,25095498,11245548,0.03849,3.78,,,,0,,$40,
2017-09-23,Sat,PB 5/69+1/26 $2 (2015-10-07+),292201338,2,53,53,53,54,33.9,,,0,0,,powerball.com,24972612,2572387,27544999,12486306,0.04273,4.18,,,,0,,$53,
2017-09-27,Wed,PB 5/69+1/26 $2 (2015-10-07+),292201338,2,66,66,66,66,41.8,,,0,0,,powerball.com,23303788,2348361,25652149,11651894,0.03988,3.91,,,,0,,$66,
2017-09-30,Sat,PB 5/69+1/26 $2 (2015-10-07+),292201338,2,80,80,80,82,51,,,0,0,,powerball.com,27008488,2723829,29732317,13504244,0.04622,4.52,,,,0,,$80,
2017-10-04,Wed,PB 5/69+1/26 $2 (2015-10-07+),292201338,2,94,94,94,96,59.8,,,0,0,,powerball.com,25693148,2553726,28246874,12846574,0.04396,4.30,,,,0,,$94,
2017-10-07,Sat,PB 5/69+1/26 $2 (2015-10-07+),292201338,2,112,112,112,112,70,,,0,0,,powerball.com,30185504,2919885,33105389,15092752,0.05165,5.03,,,,0,,$112,
2017-10-11,Wed,PB 5/69+1/26 $2 (2015-10-07+),292201338,2,128,128,128,127,79.1,,,0,0,,powerball.com,28477244,2686743,31163987,14238622,0.04873,4.76,,,,0,,$128,
2017-10-14,Sat,PB 5/69+1/26 $2 (2015-10-07+),292201338,2,143,143,143,141,88.9,,,0,0,,powerball.com,32707574,3061935,35769509,16353787,0.05597,5.44,,,,0,,$143,
2017-10-18,Wed,PB 5/69+1/26 $2 (2015-10-07+),292201338,2,156,156,156,156,98.3,,,0,0,,powerball.com,31371272,2859066,34230338,15685636,0.05368,5.23,,,,0,,$156,
2017-10-21,Sat,PB 5/69+1/26 $2 (2015-10-07+),292201338,2,173,173,173,174,109,,,0,0,,powerball.com,35624078,3233638,38857716,17812039,0.06096,5.91,,,,0,,$173,
2017-10-25,Wed,PB 5/69+1/26 $2 (2015-10-07+),292201338,2,191,191,191,191,119.5,,,1,1,LA,powerball.com,34858690,3045883,37904573,17429345,0.05965,5.79,,,,0,,$191,
2017-10-28,Sat,PB 5/69+1/26 $2 (2015-10-07+),292201338,2,40,40,40,40,24.7,,,0,0,,powerball.com,24373782,2465682,26839464,12186891,0.04171,4.08,,,,0,,$40,
2017-11-01,Wed,PB 5/69+1/26 $2 (2015-10-07+),292201338,2,52,52,52,50,30.9,,,0,0,,powerball.com,22186600,2255609,24442209,11093300,0.03796,3.73,,,,0,,$52,
2017-11-04,Sat,PB 5/69+1/26 $2 (2015-10-07+),292201338,2,64,64,64,63,39.7,,,0,0,,powerball.com,25735618,2584601,28320219,12867809,0.04404,4.31,,,,0,,$64,
2017-11-08,Wed,PB 5/69+1/26 $2 (2015-10-07+),292201338,2,75,75,75,76,47.6,,,0,0,,powerball.com,23435234,2337920,25773154,11717617,0.04010,3.93,,,,0,,$75,
2017-11-11,Sat,PB 5/69+1/26 $2 (2015-10-07+),292201338,2,90,90,90,90,56.7,,,0,0,,powerball.com,26639324,2627599,29266923,13319662,0.04558,4.46,,,,0,,$90,
2017-11-15,Wed,PB 5/69+1/26 $2 (2015-10-07+),292201338,2,103,103,103,104,65.7,,,0,0,,powerball.com,26385356,2502567,28887923,13192678,0.04515,4.41,,,,0,,$103,
2017-11-18,Sat,PB 5/69+1/26 $2 (2015-10-07+),292201338,2,119,119,119,121,75.7,,,0,0,,powerball.com,29509730,2807194,32316924,14754865,0.05050,4.92,,,,0,,$119,
2017-11-22,Wed,PB 5/69+1/26 $2 (2015-10-07+),292201338,2,134,134,134,135,84.6,,,0,0,,powerball.com,29925352,2767370,32692722,14962676,0.05121,4.99,,,,0,,$134,
2017-11-25,Sat,PB 5/69+1/26 $2 (2015-10-07+),292201338,2,149,149,149,147,93.2,,,0,0,,powerball.com,28442720,2721992,31164712,14221360,0.04867,4.75,,,,0,,$149,
2017-11-29,Wed,PB 5/69+1/26 $2 (2015-10-07+),292201338,2,163,163,163,161,102,,,0,0,,powerball.com,29306014,2662866,31968880,14653007,0.05015,4.89,,,,0,,$163,
2017-12-02,Sat,PB 5/69+1/26 $2 (2015-10-07+),292201338,2,177,177,177,179,112.1,,,0,0,,powerball.com,33842134,3144938,36987072,16921067,0.05791,5.63,,,,0,,$177,
2017-12-06,Wed,PB 5/69+1/26 $2 (2015-10-07+),292201338,2,193,193,193,194,122,,,0,0,,powerball.com,32978968,3105536,36084504,16489484,0.05643,5.49,,,,0,,$193,
2017-12-09,Sat,PB 5/69+1/26 $2 (2015-10-07+),292201338,2,212,212,212,212,133.5,,,0,0,,powerball.com,38259490,3510504,41769994,19129745,0.06547,6.34,,,,0,,$212,
2017-12-13,Wed,PB 5/69+1/26 $2 (2015-10-07+),292201338,2,229,229,229,230,145.1,,,0,0,,powerball.com,38638204,3441040,42079244,19319102,0.06612,6.40,,,,0,,$229,
2017-12-16,Sat,PB 5/69+1/26 $2 (2015-10-07+),292201338,2,250,250,250,249,158.7,,,0,0,,powerball.com,45240888,4039509,49280397,22620444,0.07741,7.45,,,,0,,$250,
2017-12-20,Wed,PB 5/69+1/26 $2 (2015-10-07+),292201338,2,269,269,269,272,173.2,,,0,0,,powerball.com,48535172,4109136,52644308,24267586,0.08305,7.97,,,,0,,$269,
2017-12-23,Sat,PB 5/69+1/26 $2 (2015-10-07+),292201338,2,300,300,300,310,193.3,,,0,0,,powerball.com,66703416,5417829,72121245,33351708,0.11414,10.79,,,,0,,$300,
2017-12-27,Wed,PB 5/69+1/26 $2 (2015-10-07+),292201338,2,337,337,337,340,212.5,,,0,0,,powerball.com,63996728,5052494,69049222,31998364,0.10951,10.37,,,,0,,$337,
2017-12-30,Sat,PB 5/69+1/26 $2 (2015-10-07+),292201338,2,384,384,384,390,246.7,,,0,0,,powerball.com,114268872,8661334,122930206,57134436,0.19553,17.76,,,,0,,$384,
2018-01-03,Wed,PB 5/69+1/26 $2 (2015-10-07+),292201338,2,460,440,460,461,291.5,,,0,0,,powerball.com,149143678,10399717,159543395,74571839,0.25521,22.52,,,,0,,$440 $460,
2018-01-06,Sat,PB 5/69+1/26 $2 (2015-10-07+),292201338,2,570,550,559.7,560,352,559.7,352,1,1,NH,powerball.com,201692088,14415080,216107168,100846044,0.34513,29.19,,,,0,,$550 $570 $559.7,
2018-01-10,Wed,PB 5/69+1/26 $2 (2015-10-07+),292201338,2,40,40,40,40,25.2,,,0,0,,powerball.com,26996476,2788211,29784687,13498238,0.04619,4.51,,,,0,,$40,
2018-01-13,Sat,PB 5/69+1/26 $2 (2015-10-07+),292201338,2,50,50,50,50,31.1,,,0,0,,powerball.com,28587842,3029208,31617050,14293921,0.04892,4.77,,,,0,,$50,
2018-01-17,Wed,PB 5/69+1/26 $2 (2015-10-07+),292201338,2,62,62,62,62,38.8,,,0,0,,powerball.com,24774300,2560890,27335190,12387150,0.04239,4.15,,,,0,,$62,
2018-01-20,Sat,PB 5/69+1/26 $2 (2015-10-07+),292201338,2,78,78,78,79,49,,,0,0,,powerball.com,30049118,3123436,33172554,15024559,0.05142,5.01,,,,0,,$78,
2018-01-24,Wed,PB 5/69+1/26 $2 (2015-10-07+),292201338,2,92,92,92,94,58.2,,,0,0,,powerball.com,27141800,2780001,29921801,13570900,0.04644,4.54,,,,0,,$92,
2018-01-27,Sat,PB 5/69+1/26 $2 (2015-10-07+),292201338,2,112,112,112,113,69.5,,,0,0,,powerball.com,33101656,3351034,36452690,16550828,0.05664,5.51,,,,0,,$112,
2018-01-31,Wed,PB 5/69+1/26 $2 (2015-10-07+),292201338,2,127,127,127,128,79.1,,,0,0,,powerball.com,30194364,2988579,33182943,15097182,0.05167,5.04,,,,0,,$127,
2018-02-03,Sat,PB 5/69+1/26 $2 (2015-10-07+),292201338,2,145,145,145,149,89.8,,,0,0,,powerball.com,35875122,3673128,39548250,17937561,0.06139,5.95,,,,0,,$145,
2018-02-07,Wed,PB 5/69+1/26 $2 (2015-10-07+),292201338,2,165,165,165,164,99.2,,,0,0,,powerball.com,31305276,3082689,34387965,15652638,0.05357,5.22,,,,0,,$165,
2018-02-10,Sat,PB 5/69+1/26 $2 (2015-10-07+),292201338,2,184,184,184,185,110.2,,,0,0,,powerball.com,36681166,3588581,40269747,18340583,0.06277,6.08,,,,0,,$184,
2018-02-14,Wed,PB 5/69+1/26 $2 (2015-10-07+),292201338,2,203,203,203,204,121.3,,,0,0,,powerball.com,37030108,3460453,40490561,18515054,0.06336,6.14,,,,0,,$203,
2018-02-17,Sat,PB 5/69+1/26 $2 (2015-10-07+),292201338,2,223,223,223,225,134.1,,,0,0,,powerball.com,42525078,3943518,46468596,21262539,0.07277,7.02,,,,0,,$223,
2018-02-21,Wed,PB 5/69+1/26 $2 (2015-10-07+),292201338,2,246,246,246,245,145.9,,,0,0,,powerball.com,39219666,3553199,42772865,19609833,0.06711,6.49,,,,0,,$246,
2018-02-24,Sat,PB 5/69+1/26 $2 (2015-10-07+),292201338,2,269,269,269,271,159.6,,,0,0,,powerball.com,45733736,4236231,49969967,22866868,0.07826,7.53,,,,0,,$269,
2018-02-28,Wed,PB 5/69+1/26 $2 (2015-10-07+),292201338,2,293,293,293,294,173.3,,,0,0,,powerball.com,45712126,4036180,49748306,22856063,0.07822,7.52,,,,0,,$293,
2018-03-03,Sat,PB 5/69+1/26 $2 (2015-10-07+),292201338,2,321,321,321,319,189.9,,,0,0,,powerball.com,55422738,4990306,60413044,27711369,0.09484,9.05,,,,0,,$321,
2018-03-07,Wed,PB 5/69+1/26 $2 (2015-10-07+),292201338,2,348,348,348,346,206.4,,,0,0,,powerball.com,54714824,4684704,59399528,27357412,0.09363,8.94,,,,0,,$348,
2018-03-10,Sat,PB 5/69+1/26 $2 (2015-10-07+),292201338,2,385,385,385,381,225.3,,,0,0,,powerball.com,63191186,5400940,68592126,31595593,0.10813,10.25,,,,0,,$385,
2018-03-14,Wed,PB 5/69+1/26 $2 (2015-10-07+),292201338,2,420,420,420,417,247.1,,,0,0,,powerball.com,72492378,5791371,78283749,36246189,0.12405,11.67,,,,0,,$420,
2018-03-17,Sat,PB 5/69+1/26 $2 (2015-10-07+),292201338,2,455,455,456.7,457,274,,,1,1,PA,powerball.com,89582428,7167254,96749682,44791214,0.15329,14.21,,,,0,,$455 $456.7,
2018-03-21,Wed,PB 5/69+1/26 $2 (2015-10-07+),292201338,2,40,40,40,40,24,,,0,0,,powerball.com,24681712,2643891,27325603,12340856,0.04223,4.14,,,,0,,$40,
2018-03-24,Sat,PB 5/69+1/26 $2 (2015-10-07+),292201338,2,54,54,55.9,56,33.6,,,1,1,LA,powerball.com,28206532,3042449,31248981,14103266,0.04827,4.71,,,,0,,$54 $55.9,
2018-03-28,Wed,PB 5/69+1/26 $2 (2015-10-07+),292201338,2,40,40,40,40,24,,,0,0,,powerball.com,24894038,2658286,27552324,12447019,0.04260,4.17,,,,0,,$40,
2018-03-31,Sat,PB 5/69+1/26 $2 (2015-10-07+),292201338,2,50,50,50,50,30.3,,,0,0,,powerball.com,31875956,3267697,35143653,15937978,0.05454,5.31,,,,0,,$50,
2018-04-04,Wed,PB 5/69+1/26 $2 (2015-10-07+),292201338,2,60,60,60,60,36.4,,,0,0,,powerball.com,23836474,2582584,26419058,11918237,0.04079,4.00,,,,0,,$60,
2018-04-07,Sat,PB 5/69+1/26 $2 (2015-10-07+),292201338,2,74,74,74,75,45.1,,,0,0,,powerball.com,28615434,3073768,31689202,14307717,0.04897,4.78,,,,0,,$74,
2018-04-11,Wed,PB 5/69+1/26 $2 (2015-10-07+),292201338,2,89,89,89,90,53.9,,,0,0,,powerball.com,26108290,2740192,28848482,13054145,0.04468,4.37,,,,0,,$89,
2018-04-14,Sat,PB 5/69+1/26 $2 (2015-10-07+),292201338,2,106,106,106,108,65,,,0,0,,powerball.com,32426648,3329395,35756043,16213324,0.05549,5.40,,,,0,,$106,
2018-04-18,Wed,PB 5/69+1/26 $2 (2015-10-07+),292201338,2,122,122,122,124,74.8,,,0,0,,powerball.com,29848500,2914882,32763382,14924250,0.05108,4.98,,,,0,,$122,
2018-04-21,Sat,PB 5/69+1/26 $2 (2015-10-07+),292201338,2,142,142,142,143,85.2,,,0,0,,powerball.com,34586912,3438946,38025858,17293456,0.05918,5.75,,,,0,,$142,
2018-04-25,Wed,PB 5/69+1/26 $2 (2015-10-07+),292201338,2,158,158,158,159,94.7,,,0,0,,powerball.com,31911952,3078550,34990502,15955976,0.05461,5.31,,,,0,,$158,
2018-04-28,Sat,PB 5/69+1/26 $2 (2015-10-07+),292201338,2,177,177,177,178,105.6,,,0,0,,powerball.com,36210458,3514071,39724529,18105229,0.06196,6.01,,,,0,,$177,
2018-05-02,Wed,PB 5/69+1/26 $2 (2015-10-07+),292201338,2,195,195,195,195,115.9,,,0,0,,powerball.com,34439020,3277430,37716450,17219510,0.05893,5.72,,,,0,,$195,
2018-05-05,Sat,PB 5/69+1/26 $2 (2015-10-07+),292201338,2,215,215,215,215,128.1,,,0,0,,powerball.com,40602162,3846314,44448476,20301081,0.06948,6.71,,,,0,,$215,
2018-05-09,Wed,PB 5/69+1/26 $2 (2015-10-07+),292201338,2,233,233,233,235,140.3,,,0,0,,powerball.com,40479512,3667166,44146678,20239756,0.06927,6.69,,,,0,,$233,
2018-05-12,Sat,PB 5/69+1/26 $2 (2015-10-07+),292201338,2,257,257,257,258,154.1,,,0,0,,powerball.com,45947538,4164623,50112161,22973769,0.07862,7.56,,,,0,,$257,
2018-05-16,Wed,PB 5/69+1/26 $2 (2015-10-07+),292201338,2,280,280,280,280,167.2,,,0,0,,powerball.com,43653326,3859160,47512486,21826663,0.07470,7.20,,,,0,,$280,
2018-05-19,Sat,PB 5/69+1/26 $2 (2015-10-07+),292201338,2,306,306,315,315,183.2,,,1,1,NJ,powerball.com,53547824,4714367,58262191,26773912,0.09163,8.76,,,,0,,$306 $315,
2018-05-23,Wed,PB 5/69+1/26 $2 (2015-10-07+),292201338,2,40,40,40,40,23.2,,,0,0,,powerball.com,22910442,2512406,25422848,11455221,0.03920,3.84,,,,0,,$40,
2018-05-26,Sat,PB 5/69+1/26 $2 (2015-10-07+),292201338,2,50,50,50,50,29.7,,,0,0,,powerball.com,25745054,2872889,28617943,12872527,0.04405,4.31,,,,0,,$50,
2018-05-30,Wed,PB 5/69+1/26 $2 (2015-10-07+),292201338,2,60,60,60,60,35.7,,,0,0,,powerball.com,22131814,2449870,24581684,11065907,0.03787,3.72,,,,0,,$60,
2018-06-02,Sat,PB 5/69+1/26 $2 (2015-10-07+),292201338,2,74,74,74,74,44.5,,,0,0,,powerball.com,27371306,3038277,30409583,13685653,0.04684,4.58,,,,0,,$74,
2018-06-06,Wed,PB 5/69+1/26 $2 (2015-10-07+),292201338,2,87,87,87,88,52.8,,,0,0,,powerball.com,24522080,2653442,27175522,12261040,0.04196,4.11,,,,0,,$87,
2018-06-09,Sat,PB 5/69+1/26 $2 (2015-10-07+),292201338,2,105,105,105,105,62.8,,,0,0,,powerball.com,29527152,3110713,32637865,14763576,0.05053,4.93,,,,0,,$105,
2018-06-13,Wed,PB 5/69+1/26 $2 (2015-10-07+),292201338,2,121,121,121,121,72.2,,,0,0,,powerball.com,27631664,2827372,30459036,13815832,0.04728,4.62,,,,0,,$121,
2018-06-16,Sat,PB 5/69+1/26 $2 (2015-10-07+),292201338,2,137,137,137,136,81.7,,,0,0,,powerball.com,31639224,3254532,34893756,15819612,0.05414,5.27,,,,0,,$137,
2018-06-20,Wed,PB 5/69+1/26 $2 (2015-10-07+),292201338,2,151,151,150.4,150,90.3,,,1,1,OR,powerball.com,28824036,2895375,31719411,14412018,0.04932,4.81,,,,0,,$151 $150.4,
2018-06-23,Sat,PB 5/69+1/26 $2 (2015-10-07+),292201338,2,40,40,40,40,24,,,0,0,,powerball.com,24224306,2675090,26899396,12112153,0.04145,4.06,,,,0,,$40,
2018-06-27,Wed,PB 5/69+1/26 $2 (2015-10-07+),292201338,2,50,50,50,50,30,,,0,0,,powerball.com,21089532,2318905,23408437,10544766,0.03609,3.54,,,,0,,$50,
2018-06-30,Sat,PB 5/69+1/26 $2 (2015-10-07+),292201338,2,60,60,60,60,36.4,,,0,0,,powerball.com,24592874,2751152,27344026,12296437,0.04208,4.12,,,,0,,$60,
2018-07-04,Wed,PB 5/69+1/26 $2 (2015-10-07+),292201338,2,70,70,70,70,42.5,,,0,0,,powerball.com,21648058,2337861,23985919,10824029,0.03704,3.64,,,,0,,$70,
2018-07-07,Sat,PB 5/69+1/26 $2 (2015-10-07+),292201338,2,80,80,80,80,48.8,,,0,0,,powerball.com,25167654,2764361,27932015,12583827,0.04307,4.22,,,,0,,$80,
2018-07-11,Wed,PB 5/69+1/26 $2 (2015-10-07+),292201338,2,90,90,90,90,54.9,,,0,0,,powerball.com,23623992,2511499,26135491,11811996,0.04042,3.96,,,,0,,$90,
2018-07-14,Sat,PB 5/69+1/26 $2 (2015-10-07+),292201338,2,100,100,100,100,61,,,0,0,,powerball.com,30023546,3130854,33154400,15011773,0.05137,5.01,,,,0,,$100,
2018-07-18,Wed,PB 5/69+1/26 $2 (2015-10-07+),292201338,2,110,110,110,113,69.1,,,0,0,,powerball.com,27916646,2837254,30753900,13958323,0.04777,4.66,,,,0,,$110,
2018-07-21,Sat,PB 5/69+1/26 $2 (2015-10-07+),292201338,2,130,130,130,132,79.9,,,0,0,,powerball.com,34669862,3449971,38119833,17334931,0.05933,5.76,,,,0,,$130,
2018-07-25,Wed,PB 5/69+1/26 $2 (2015-10-07+),292201338,2,147,147,147,150,90.7,,,0,0,,powerball.com,35691998,3352231,39044229,17845999,0.06107,5.92,,,,0,,$147,
2018-07-28,Sat,PB 5/69+1/26 $2 (2015-10-07+),292201338,2,168,168,168,169,100.7,,,0,0,,powerball.com,33377746,3328817,36706563,16688873,0.05711,5.55,,,,0,,$168,
2018-08-01,Wed,PB 5/69+1/26 $2 (2015-10-07+),292201338,2,187,187,187,185,110.5,,,0,0,,powerball.com,32829698,3129202,35958900,16414849,0.05618,5.46,,,,0,,$187,
2018-08-04,Sat,PB 5/69+1/26 $2 (2015-10-07+),292201338,2,203,203,203,206,122.6,,,0,0,,powerball.com,40160196,3768385,43928581,20080098,0.06872,6.64,,,,0,,$203,
2018-08-08,Wed,PB 5/69+1/26 $2 (2015-10-07+),292201338,2,223,223,223,226,134.6,,,0,0,,powerball.com,40026648,3620810,43647458,20013324,0.06849,6.62,,,,0,,$223,
2018-08-11,Sat,PB 5/69+1/26 $2 (2015-10-07+),292201338,2,247,247,245.6,246,147.8,,,1,1,NY,powerball.com,44202534,4054189,48256723,22101267,0.07564,7.28,,,,0,,$247 $245.6,
2018-08-15,Wed,PB 5/69+1/26 $2 (2015-10-07+),292201338,2,40,40,40,40,24.1,,,0,0,,powerball.com,21516982,2356079,23873061,10758491,0.03682,3.61,,,,0,,$40,
2018-08-18,Sat,PB 5/69+1/26 $2 (2015-10-07+),292201338,2,50,50,50,50,30.1,,,0,0,,powerball.com,24232630,2683160,26915790,12116315,0.04147,4.06,,,,0,,$50,
2018-08-22,Wed,PB 5/69+1/26 $2 (2015-10-07+),292201338,2,60,60,60,60,36.1,,,0,0,,powerball.com,21466574,2366192,23832766,10733287,0.03673,3.61,,,,0,,$60,
2018-08-25,Sat,PB 5/69+1/26 $2 (2015-10-07+),292201338,2,70,70,70,70,42.4,,,0,0,,powerball.com,24605038,2729994,27335032,12302519,0.04210,4.12,,,,0,,$70,
2018-08-29,Wed,PB 5/69+1/26 $2 (2015-10-07+),292201338,2,80,80,80,80,48.5,,,0,0,,powerball.com,21737270,2368323,24105593,10868635,0.03720,3.65,,,,0,,$80,
2018-09-01,Sat,PB 5/69+1/26 $2 (2015-10-07+),292201338,2,90,90,90,90,54.5,,,0,0,,powerball.com,26042204,2878473,28920677,13021102,0.04456,4.36,,,,0,,$90,
2018-09-05,Wed,PB 5/69+1/26 $2 (2015-10-07+),292201338,2,100,100,100,100,60.6,,,0,0,,powerball.com,24136414,2567574,26703988,12068207,0.04130,4.05,,,,0,,$100,
2018-09-08,Sat,PB 5/69+1/26 $2 (2015-10-07+),292201338,2,114,114,114,118,70.3,,,0,0,,powerball.com,28315432,3014676,31330108,14157716,0.04845,4.73,,,,0,,$114,
2018-09-12,Wed,PB 5/69+1/26 $2 (2015-10-07+),292201338,2,132,132,132,132,78.3,,,0,0,,powerball.com,26297552,2707503,29005055,13148776,0.04500,4.40,,,,0,,$132,
2018-09-15,Sat,PB 5/69+1/26 $2 (2015-10-07+),292201338,2,147,147,147,148,87.2,,,0,0,,powerball.com,29733888,3059648,32793536,14866944,0.05088,4.96,,,,0,,$147,
2018-09-19,Wed,PB 5/69+1/26 $2 (2015-10-07+),292201338,2,163,163,163,161,95.4,,,0,0,,powerball.com,27395698,2781752,30177450,13697849,0.04688,4.58,,,,0,,$163,
2018-09-22,Sat,PB 5/69+1/26 $2 (2015-10-07+),292201338,2,178,178,178,179,104.9,,,0,0,,powerball.com,31598040,3233931,34831971,15799020,0.05407,5.26,,,,0,,$178,
2018-09-26,Wed,PB 5/69+1/26 $2 (2015-10-07+),292201338,2,193,193,193,195,114,,,0,0,,powerball.com,30337722,3007942,33345664,15168861,0.05191,5.06,,,,0,,$193,
2018-09-29,Sat,PB 5/69+1/26 $2 (2015-10-07+),292201338,2,213,213,213,213,125.1,,,0,0,,powerball.com,37015830,3668523,40684353,18507915,0.06334,6.14,,,,0,,$213,
2018-10-03,Wed,PB 5/69+1/26 $2 (2015-10-07+),292201338,2,229,229,229,232,136.3,,,0,0,,powerball.com,37318426,3523069,40841495,18659213,0.06386,6.19,,,,0,,$229,
2018-10-06,Sat,PB 5/69+1/26 $2 (2015-10-07+),292201338,2,253,253,253,262,149.9,,,0,0,,powerball.com,45213008,4216248,49429256,22606504,0.07737,7.44,,,,0,,$253,
2018-10-10,Wed,PB 5/69+1/26 $2 (2015-10-07+),292201338,2,282,282,282,288,164.3,,,0,0,,powerball.com,48050510,4174657,52225167,24025255,0.08222,7.89,,,,0,,$282,
2018-10-13,Sat,PB 5/69+1/26 $2 (2015-10-07+),292201338,2,314,314,314,320,184.6,,,0,0,,powerball.com,67461068,5684268,73145336,33730534,0.11544,10.90,,,,0,,$314,
2018-10-17,Wed,PB 5/69+1/26 $2 (2015-10-07+),292201338,2,345,345,345,378,218,,,0,0,,powerball.com,111342204,8361372,119703576,55671102,0.19052,17.35,,,,0,,$345,
2018-10-20,Sat,PB 5/69+1/26 $2 (2015-10-07+),292201338,2,470,430,430,477,272.4,,,0,0,,powerball.com,181349524,13130011,194479535,90674762,0.31032,26.68,,,,0,,$430,
2018-10-24,Wed,PB 5/69+1/26 $2 (2015-10-07+),292201338,2,620,620,620,603,344.3,,,0,0,,powerball.com,239698028,16498213,256196241,119849014,0.41016,33.65,,,,0,,$620,
2018-10-27,Sat,PB 5/69+1/26 $2 (2015-10-07+),292201338,2,750,750,687.8,688,396.2,687.8,396.2,1,2,"IA, NY",powerball.com,172827840,12960191,185788031,86413920,0.29573,25.60,,,,0,,$750 $687.8,
2018-10-31,Wed,PB 5/69+1/26 $2 (2015-10-07+),292201338,2,40,40,40,40,23,,,0,0,,powerball.com,27779792,2973968,30753760,13889896,0.04754,4.64,,,,0,lr_internal_discrepancy,$40,"LR internal discrepancy: ticketcomparison18 says 13,594,526 tickets (=> $27,189,052) vs sales page $27,779,792 (kept)"
2018-11-03,Sat,PB 5/69+1/26 $2 (2015-10-07+),292201338,2,53,53,53,58,33.1,,,0,0,,powerball.com,29445326,3274431,32719757,14722663,0.05039,4.91,,,,0,,$53,
2018-11-07,Wed,PB 5/69+1/26 $2 (2015-10-07+),292201338,2,71,71,71,73,41.8,,,0,0,,powerball.com,25704060,2779857,28483917,12852030,0.04398,4.30,,,,0,,$71,
2018-11-10,Sat,PB 5/69+1/26 $2 (2015-10-07+),292201338,2,92,92,92,90,51.6,,,0,0,,powerball.com,28910624,3142387,32053011,14455312,0.04947,4.83,,,,0,,$92,
2018-11-14,Wed,PB 5/69+1/26 $2 (2015-10-07+),292201338,2,107,107,107,106,60.8,,,0,0,,powerball.com,26871040,2822472,29693512,13435520,0.04598,4.49,,,,0,,$107,
2018-11-17,Sat,PB 5/69+1/26 $2 (2015-10-07+),292201338,2,124,124,124,124,70.8,,,0,0,,powerball.com,30385258,3265669,33650927,15192629,0.05199,5.07,,,,0,,$124,
2018-11-21,Wed,PB 5/69+1/26 $2 (2015-10-07+),292201338,2,139,139,139,140,79.8,,,0,0,,powerball.com,30136074,3111758,33247832,15068037,0.05157,5.03,,,,0,,$139,
2018-11-24,Sat,PB 5/69+1/26 $2 (2015-10-07+),292201338,2,155,155,155,153,88.3,,,0,0,,powerball.com,28250576,3053742,31304318,14125288,0.04834,4.72,,,,0,,$155,
2018-11-28,Wed,PB 5/69+1/26 $2 (2015-10-07+),292201338,2,171,171,171,167,96.7,,,0,0,,powerball.com,27877814,2899590,30777404,13938907,0.04770,4.66,,,,0,,$171,
2018-12-01,Sat,PB 5/69+1/26 $2 (2015-10-07+),292201338,2,183,183,183,184,106.2,,,0,0,,powerball.com,31609290,3360984,34970274,15804645,0.05409,5.27,,,,0,,$183,
2018-12-05,Wed,PB 5/69+1/26 $2 (2015-10-07+),292201338,2,200,200,200,199,115.3,,,0,0,,powerball.com,30543054,3096346,33639400,15271527,0.05226,5.09,,,,0,,$200,
2018-12-08,Sat,PB 5/69+1/26 $2 (2015-10-07+),292201338,2,217,217,217,212,125.4,,,0,0,,powerball.com,33448932,3480604,36929536,16724466,0.05724,5.56,,,,0,,$217,
2018-12-12,Wed,PB 5/69+1/26 $2 (2015-10-07+),292201338,2,230,230,230,228,134.8,,,0,0,,powerball.com,31379884,3148165,34528049,15689942,0.05370,5.23,,,,0,,$230,
2018-12-15,Sat,PB 5/69+1/26 $2 (2015-10-07+),292201338,2,246,246,246,245,145.4,,,0,0,,powerball.com,35483600,3590342,39073942,17741800,0.06072,5.89,,,,0,,$246,
2018-12-19,Wed,PB 5/69+1/26 $2 (2015-10-07+),292201338,2,262,262,262,262,155.5,,,0,0,,powerball.com,33480578,3286082,36766660,16740289,0.05729,5.57,,,,0,,$262,
2018-12-22,Sat,PB 5/69+1/26 $2 (2015-10-07+),292201338,2,281,281,281,277,167.2,,,0,0,,powerball.com,38994362,3801620,42795982,19497181,0.06673,6.45,,,,0,,$281,
2018-12-26,Wed,PB 5/69+1/26 $2 (2015-10-07+),292201338,2,294,294,298.3,298,180.2,,,1,1,NY,powerball.com,43501602,3908164,47409766,21750801,0.07444,7.17,,,,0,,$294 $298.3,
2018-12-29,Sat,PB 5/69+1/26 $2 (2015-10-07+),292201338,2,40,40,40,40,24.1,,,0,0,,powerball.com,28671968,3069411,31741379,14335984,0.04906,4.79,,,,0,,$40,
2019-01-02,Wed,PB 5/69+1/26 $2 (2015-10-07+),292201338,2,53,53,53,55,33,,,0,0,,powerball.com,25950558,2687385,28637943,12975279,0.04441,4.34,,,,0,,$53,
2019-01-05,Sat,PB 5/69+1/26 $2 (2015-10-07+),292201338,2,69,69,69,68,41.8,,,0,0,,powerball.com,25968734,2872279,28841013,12984367,0.04444,4.35,,,,0,,$69,
2019-01-09,Wed,PB 5/69+1/26 $2 (2015-10-07+),292201338,2,82,82,82,82,50,,,0,0,,powerball.com,24147638,2580772,26728410,12073819,0.04132,4.05,,,,0,,$82,
2019-01-12,Sat,PB 5/69+1/26 $2 (2015-10-07+),292201338,2,96,96,96,98,59.5,,,0,0,,powerball.com,27908520,3012201,30920721,13954260,0.04776,4.66,,,,0,,$96,
2019-01-16,Wed,PB 5/69+1/26 $2 (2015-10-07+),292201338,2,112,112,112,113,68.7,,,0,0,,powerball.com,27117258,2808251,29925509,13558629,0.04640,4.53,,,,0,,$112,
2019-01-19,Sat,PB 5/69+1/26 $2 (2015-10-07+),292201338,2,129,129,129,131,78.5,,,0,0,,powerball.com,31171388,3221219,34392607,15585694,0.05334,5.19,,,,0,,$129,
2019-01-23,Wed,PB 5/69+1/26 $2 (2015-10-07+),292201338,2,144,144,144,144,86.7,,,0,0,,powerball.com,27564294,3210300,30774594,13782147,0.04717,4.61,,,,1,,$144,
2019-01-26,Sat,PB 5/69+1/26 $2 (2015-10-07+),292201338,2,161,161,161,159,96.3,,,0,0,,powerball.com,31955010,3288600,35243610,15977505,0.05468,5.32,,,,0,,$161,
2019-01-30,Wed,PB 5/69+1/26 $2 (2015-10-07+),292201338,2,174,174,174,174,105.1,,,0,0,,powerball.com,29129006,2900720,32029726,14564503,0.04984,4.86,,,,0,,$174,
2019-02-02,Sat,PB 5/69+1/26 $2 (2015-10-07+),292201338,2,191,191,191,190,115.5,,,0,0,,powerball.com,34817016,3554156,38371172,17408508,0.05958,5.78,,,,0,,$191,
2019-02-06,Wed,PB 5/69+1/26 $2 (2015-10-07+),292201338,2,204,204,204,206,125.6,,,0,0,,powerball.com,33693472,3222982,36916454,16846736,0.05765,5.60,,,,0,,$204,
2019-02-09,Sat,PB 5/69+1/26 $2 (2015-10-07+),292201338,2,224,224,224,224,136.9,,,0,0,,powerball.com,37420258,3685449,41105707,18710129,0.06403,6.20,,,,0,,$224,
2019-02-13,Wed,PB 5/69+1/26 $2 (2015-10-07+),292201338,2,242,242,242,241,147.4,,,0,0,,powerball.com,35041034,3341850,38382884,17520517,0.05996,5.82,,,,0,,$242,
2019-02-16,Sat,PB 5/69+1/26 $2 (2015-10-07+),292201338,2,260,260,260,262,159.3,,,0,0,,powerball.com,39845202,3860406,43705608,19922601,0.06818,6.59,,,,0,,$260,
2019-02-20,Wed,PB 5/69+1/26 $2 (2015-10-07+),292201338,2,282,282,282,280,170.3,,,0,0,,powerball.com,36639354,3464733,40104087,18319677,0.06270,6.08,,,,0,,$282,
2019-02-23,Sat,PB 5/69+1/26 $2 (2015-10-07+),292201338,2,304,304,304,302,184,,,0,0,,powerball.com,45766604,4304748,50071352,22883302,0.07831,7.53,,,,0,,$304,
2019-02-27,Wed,PB 5/69+1/26 $2 (2015-10-07+),292201338,2,322,322,322,324,197.4,,,0,0,,powerball.com,44592024,4069603,48661627,22296012,0.07630,7.35,,,,0,,$322,
2019-03-02,Sat,PB 5/69+1/26 $2 (2015-10-07+),292201338,2,348,348,348,356,213.2,,,0,0,,powerball.com,52518062,4935034,57453096,26259031,0.08987,8.59,,,,0,,$348,
2019-03-06,Wed,PB 5/69+1/26 $2 (2015-10-07+),292201338,2,381,381,381,382,228.8,,,0,0,,powerball.com,52008350,4703458,56711808,26004175,0.08899,8.51,,,,0,,$381,
2019-03-09,Sat,PB 5/69+1/26 $2 (2015-10-07+),292201338,2,414,414,414,411,249.4,,,0,0,,powerball.com,68792532,6031686,74824218,34396266,0.11771,11.10,,,,0,,$414,
2019-03-13,Wed,PB 5/69+1/26 $2 (2015-10-07+),292201338,2,448,448,448,448,271.8,,,0,0,,powerball.com,74586756,6187631,80774387,37293378,0.12763,11.98,,,,0,,$448,
2019-03-16,Sat,PB 5/69+1/26 $2 (2015-10-07+),292201338,2,495,495,495,492,299.7,,,0,0,,powerball.com,92996352,7622979,100619331,46498176,0.15913,14.71,,,,0,,$495,
2019-03-20,Wed,PB 5/69+1/26 $2 (2015-10-07+),292201338,2,550,550,550,562,342.4,,,0,0,,powerball.com,142059682,10659299,152718981,71029841,0.24309,21.58,,,,0,,$550,
2019-03-23,Sat,PB 5/69+1/26 $2 (2015-10-07+),292201338,2,625,625,625,639,396.5,,,0,0,,powerball.com,180596274,13655216,194251490,90298137,0.30903,26.58,,,,0,,$625,
2019-03-27,Wed,PB 5/69+1/26 $2 (2015-10-07+),292201338,2,750,750,768.4,768,477,768.4,477,1,1,WI,powerball.com,268121884,19510057,287631941,134060942,0.45880,36.80,,,,0,,$750 $768.4,
2019-03-30,Sat,PB 5/69+1/26 $2 (2015-10-07+),292201338,2,40,40,40,40,25.1,,,0,0,,powerball.com,29940006,3383737,33323743,14970003,0.05123,4.99,,,,0,,$40,
2019-04-03,Wed,PB 5/69+1/26 $2 (2015-10-07+),292201338,2,54,54,54,54,34.1,,,0,0,,powerball.com,26437826,3006024,29443850,13218913,0.04524,4.42,,,,0,,$54,
2019-04-06,Sat,PB 5/69+1/26 $2 (2015-10-07+),292201338,2,68,68,68,71,44,,,0,0,,powerball.com,29051180,3321871,32373051,14525590,0.04971,4.85,,,,0,,$68,
2019-04-10,Wed,PB 5/69+1/26 $2 (2015-10-07+),292201338,2,84,84,84,85,53,,,0,0,,powerball.com,26521906,2976932,29498838,13260953,0.04538,4.44,,,,0,,$84,
2019-04-13,Sat,PB 5/69+1/26 $2 (2015-10-07+),292201338,2,101,101,101,104,63.7,,,0,0,,powerball.com,31326012,3464933,34790945,15663006,0.05360,5.22,,,,0,,$101,
2019-04-17,Wed,PB 5/69+1/26 $2 (2015-10-07+),292201338,2,118,118,118,120,73.5,,,0,0,,powerball.com,28944416,3136346,32080762,14472208,0.04953,4.83,,,,0,,$118,
2019-04-20,Sat,PB 5/69+1/26 $2 (2015-10-07+),292201338,2,136,136,136,135,83.5,,,0,0,,powerball.com,32845004,3504766,36349770,16422502,0.05620,5.47,,,,0,,$136,
2019-04-24,Wed,PB 5/69+1/26 $2 (2015-10-07+),292201338,2,150,150,150,149,92.5,,,0,0,,powerball.com,30245200,3201082,33446282,15122600,0.05175,5.04,,,,0,,$150,
2019-04-27,Sat,PB 5/69+1/26 $2 (2015-10-07+),292201338,2,166,166,166,166,102.9,,,0,0,,powerball.com,34408304,3670207,38078511,17204152,0.05888,5.72,,,,0,,$166,
2019-05-01,Wed,PB 5/69+1/26 $2 (2015-10-07+),292201338,2,181,181,181,182,112.5,,,0,0,,powerball.com,32038000,3367527,35405527,16019000,0.05482,5.33,,,,0,,$181,
2019-05-04,Sat,PB 5/69+1/26 $2 (2015-10-07+),292201338,2,199,199,199,200,123.5,,,0,0,,powerball.com,36666644,3869994,40536638,18333322,0.06274,6.08,,,,0,,$199,
2019-05-08,Wed,PB 5/69+1/26 $2 (2015-10-07+),292201338,2,215,215,215,216,133.8,,,0,0,,powerball.com,34369104,3506821,37875925,17184552,0.05881,5.71,,,,0,,$215,
2019-05-11,Sat,PB 5/69+1/26 $2 (2015-10-07+),292201338,2,235,235,235,233,145.6,,,0,0,,powerball.com,39207904,4002658,43210562,19603952,0.06709,6.49,,,,0,,$235,
2019-05-15,Wed,PB 5/69+1/26 $2 (2015-10-07+),292201338,2,250,250,250,250,156.5,,,0,0,,powerball.com,36645264,3635695,40280959,18322632,0.06271,6.08,,,,0,,$250,
2019-05-18,Sat,PB 5/69+1/26 $2 (2015-10-07+),292201338,2,270,270,270,269,168.6,,,0,0,,powerball.com,40260874,4068341,44329215,20130437,0.06889,6.66,,,,0,,$270,
2019-05-22,Wed,PB 5/69+1/26 $2 (2015-10-07+),292201338,2,288,288,288,288,180.2,,,0,0,,powerball.com,38466844,3804077,42270921,19233422,0.06582,6.37,,,,0,,$288,
2019-05-25,Sat,PB 5/69+1/26 $2 (2015-10-07+),292201338,2,308,308,308,307,193.7,,,0,0,,powerball.com,45012196,4406287,49418483,22506098,0.07702,7.41,,,,0,,$308,
2019-05-29,Wed,PB 5/69+1/26 $2 (2015-10-07+),292201338,2,325,325,325,327,206.6,,,0,0,,powerball.com,43138472,4067647,47206119,21569236,0.07382,7.12,,,,0,,$325,
2019-06-01,Sat,PB 5/69+1/26 $2 (2015-10-07+),292201338,2,350,350,344.6,345,223.3,,,1,1,NC,powerball.com,55741142,5215420,60956562,27870571,0.09538,9.10,,,,0,,$350 $344.6,
2019-06-05,Wed,PB 5/69+1/26 $2 (2015-10-07+),292201338,2,40,40,40,40,25.9,,,0,0,,powerball.com,25506384,2784438,28290822,12753192,0.04365,4.27,,,,0,,$40,
2019-06-08,Sat,PB 5/69+1/26 $2 (2015-10-07+),292201338,2,53,53,53,54,35.1,,,0,0,,powerball.com,27122574,3042365,30164939,13561287,0.04641,4.54,,,,0,,$53,
2019-06-12,Wed,PB 5/69+1/26 $2 (2015-10-07+),292201338,2,66,66,66,66,43.1,,,0,0,,powerball.com,23294356,2625177,25919533,11647178,0.03986,3.91,,,,0,,$66,
2019-06-15,Sat,PB 5/69+1/26 $2 (2015-10-07+),292201338,2,79,79,79,80,52.3,,,0,0,,powerball.com,27032132,3065530,30097662,13516066,0.04626,4.52,,,,0,,$79,
2019-06-19,Wed,PB 5/69+1/26 $2 (2015-10-07+),292201338,2,92,92,92,94,60.9,,,0,0,,powerball.com,25537240,2813748,28350988,12768620,0.04370,4.28,,,,0,,$92,
2019-06-22,Sat,PB 5/69+1/26 $2 (2015-10-07+),292201338,2,108,108,108,109,71.3,,,0,0,,powerball.com,30316974,3304004,33620978,15158487,0.05188,5.06,,,,0,,$108,
2019-06-26,Wed,PB 5/69+1/26 $2 (2015-10-07+),292201338,2,122,122,122,123,80.7,,,0,0,,powerball.com,28456434,3026419,31482853,14228217,0.04869,4.75,,,,0,,$122,
2019-06-29,Sat,PB 5/69+1/26 $2 (2015-10-07+),292201338,2,137,137,137,136,90.2,,,0,0,,powerball.com,31833050,3467787,35300837,15916525,0.05447,5.30,,,,0,,$137,
2019-07-03,Wed,PB 5/69+1/26 $2 (2015-10-07+),292201338,2,150,150,150,150,99.4,,,0,0,,powerball.com,30568732,3154417,33723149,15284366,0.05231,5.10,,,,0,,$150,
2019-07-06,Sat,PB 5/69+1/26 $2 (2015-10-07+),292201338,2,165,165,165,165,108.7,,,0,0,,powerball.com,30943566,3312066,34255632,15471783,0.05295,5.16,,,,0,,$165,
2019-07-10,Wed,PB 5/69+1/26 $2 (2015-10-07+),292201338,2,180,180,180,178,117.8,,,0,0,,powerball.com,30509312,3078453,33587765,15254656,0.05221,5.09,,,,0,,$180,
2019-07-13,Sat,PB 5/69+1/26 $2 (2015-10-07+),292201338,2,194,194,198,198,128.1,,,1,1,TN,powerball.com,34316816,3509212,37826028,17158408,0.05872,5.70,,,,0,,$194 $198,
2019-07-17,Wed,PB 5/69+1/26 $2 (2015-10-07+),292201338,2,40,40,40,40,25.9,,,0,0,,powerball.com,20947706,2374917,23322623,10473853,0.03584,3.52,,,,0,,$40,
2019-07-20,Sat,PB 5/69+1/26 $2 (2015-10-07+),292201338,2,53,53,53,52,33.8,,,0,0,,powerball.com,23390330,2698261,26088591,11695165,0.04002,3.92,,,,0,,$53,
2019-07-24,Wed,PB 5/69+1/26 $2 (2015-10-07+),292201338,2,63,63,63,63,41.2,,,0,0,,powerball.com,21130652,2390399,23521051,10565326,0.03616,3.55,,,,0,,$63,
2019-07-27,Sat,PB 5/69+1/26 $2 (2015-10-07+),292201338,2,75,75,75,76,49.5,,,0,0,,powerball.com,24837348,2797164,27634512,12418674,0.04250,4.16,,,,0,,$75,
2019-07-31,Wed,PB 5/69+1/26 $2 (2015-10-07+),292201338,2,88,88,88,88,57.4,,,0,0,,powerball.com,23322524,2539963,25862487,11661262,0.03991,3.91,,,,0,,$88,
2019-08-03,Sat,PB 5/69+1/26 $2 (2015-10-07+),292201338,2,102,102,102,100,67.3,,,0,0,,powerball.com,29019746,3129483,32149229,14509873,0.04966,4.84,,,,1,,$102,
2019-08-07,Wed,PB 5/69+1/26 $2 (2015-10-07+),292201338,2,112,112,112,113,76.3,,,0,0,,powerball.com,26430256,2752755,29183011,13215128,0.04523,4.42,,,,0,,$112,
2019-08-10,Sat,PB 5/69+1/26 $2 (2015-10-07+),292201338,2,128,128,128,124,86.1,,,0,0,,powerball.com,30035168,3169513,33204681,15017584,0.05139,5.01,,,,0,,$128,
2019-08-14,Wed,PB 5/69+1/26 $2 (2015-10-07+),292201338,2,138,138,138,138,96,,,0,0,,powerball.com,27774488,2866914,30641402,13887244,0.04753,4.64,,,,0,,$138,
2019-08-17,Sat,PB 5/69+1/26 $2 (2015-10-07+),292201338,2,149,149,148,148,105.6,,,1,1,NY,powerball.com,31077718,3261848,34339566,15538859,0.05318,5.18,,,,0,,$149 $148,
2019-08-21,Wed,PB 5/69+1/26 $2 (2015-10-07+),292201338,2,40,40,40,40,28.6,,,0,0,,powerball.com,20120560,2312613,22433173,10060280,0.03443,3.38,,,,0,,$40,
2019-08-24,Sat,PB 5/69+1/26 $2 (2015-10-07+),292201338,2,50,50,50,50,35.3,,,0,0,,powerball.com,23038718,2670976,25709694,11519359,0.03942,3.87,,,,0,,$50,
2019-08-28,Wed,PB 5/69+1/26 $2 (2015-10-07+),292201338,2,60,60,60,60,42.3,,,0,0,,powerball.com,20525070,2272500,22797570,10262535,0.03512,3.45,,,,0,,$60,
2019-08-31,Sat,PB 5/69+1/26 $2 (2015-10-07+),292201338,2,70,70,70,70,50.1,,,0,0,,powerball.com,24626346,2878043,27504389,12313173,0.04214,4.13,,,,1,,$70,
2019-09-04,Wed,PB 5/69+1/26 $2 (2015-10-07+),292201338,2,80,80,80,80,57.3,,,1,1,NY,powerball.com,21440056,2472759,23912815,10720028,0.03669,3.60,,,,0,,$80,
2019-09-07,Sat,PB 5/69+1/26 $2 (2015-10-07+),292201338,2,40,40,40,40,28.5,,,0,0,,powerball.com,22474504,2678235,25152739,11237252,0.03846,3.77,,,,0,,$40,
2019-09-11,Wed,PB 5/69+1/26 $2 (2015-10-07+),292201338,2,50,50,50,50,35.6,,,0,0,,powerball.com,20138040,2352009,22490049,10069020,0.03446,3.39,,,,0,,$50,
2019-09-14,Sat,PB 5/69+1/26 $2 (2015-10-07+),292201338,2,60,60,60,60,40.8,,,0,0,,powerball.com,23515014,2757584,26272598,11757507,0.04024,3.94,,,,0,,$60,
2019-09-18,Wed,PB 5/69+1/26 $2 (2015-10-07+),292201338,2,70,70,70,70,47.6,,,0,0,,powerball.com,20897362,2399361,23296723,10448681,0.03576,3.51,,,,0,,$70,
2019-09-21,Sat,PB 5/69+1/26 $2 (2015-10-07+),292201338,2,80,80,80,80,55.3,,,1,1,MI,powerball.com,24132312,2769928,26902240,12066156,0.04129,4.05,,,,0,,$80,
2019-09-25,Wed,PB 5/69+1/26 $2 (2015-10-07+),292201338,2,40,40,40,40,27.6,,,0,0,,powerball.com,19354386,2221767,21576153,9677193,0.03312,3.26,,,,0,,$40,
2019-09-28,Sat,PB 5/69+1/26 $2 (2015-10-07+),292201338,2,50,50,50,50,35,,,0,0,,powerball.com,22403034,2599179,25002213,11201517,0.03833,3.76,,,,0,,$50,
2019-10-02,Wed,PB 5/69+1/26 $2 (2015-10-07+),292201338,2,60,60,60,60,42,,,0,0,,powerball.com,20939222,2363235,23302457,10469611,0.03583,3.52,,,,0,,$60,
2019-10-05,Sat,PB 5/69+1/26 $2 (2015-10-07+),292201338,2,70,70,70,70,50.1,,,0,0,,powerball.com,24400266,2768723,27168989,12200133,0.04175,4.09,,,,0,,$70,
2019-10-09,Wed,PB 5/69+1/26 $2 (2015-10-07+),292201338,2,80,80,80,80,57.2,,,0,0,,powerball.com,22291872,2457902,24749774,11145936,0.03814,3.74,,,,0,,$80,
2019-10-12,Sat,PB 5/69+1/26 $2 (2015-10-07+),292201338,2,90,90,90,90,62.5,,,0,0,,powerball.com,25604480,2832655,28437135,12802240,0.04381,4.29,,,,0,,$90,
2019-10-16,Wed,PB 5/69+1/26 $2 (2015-10-07+),292201338,2,100,100,100,100,69.4,,,0,0,,powerball.com,25644498,2681941,28326439,12822249,0.04388,4.29,,,,0,,$100,
2019-10-19,Sat,PB 5/69+1/26 $2 (2015-10-07+),292201338,2,110,110,110,110,75.7,,,0,0,,powerball.com,28559858,3036881,31596739,14279929,0.04887,4.77,,,,0,,$110,
2019-10-23,Wed,PB 5/69+1/26 $2 (2015-10-07+),292201338,2,120,120,120,120,82.6,,,0,0,,powerball.com,26489444,2739366,29228810,13244722,0.04533,4.43,,,,0,,$120,
2019-10-26,Sat,PB 5/69+1/26 $2 (2015-10-07+),292201338,2,130,130,130,130,89.5,,,0,0,,powerball.com,29430834,3087294,32518128,14715417,0.05036,4.91,,,,0,,$130,
2019-10-30,Wed,PB 5/69+1/26 $2 (2015-10-07+),292201338,2,140,140,140,140,96.4,,,0,0,,powerball.com,27111780,2782875,29894655,13555890,0.04639,4.53,,,,0,,$140,
2019-11-02,Sat,PB 5/69+1/26 $2 (2015-10-07+),292201338,2,150,150,150,150,104.8,,,1,1,CA,powerball.com,31468570,3306780,34775350,15734285,0.05385,5.24,,,,0,,$150,
2019-11-06,Wed,PB 5/69+1/26 $2 (2015-10-07+),292201338,2,40,40,40,40,28,,,0,0,,powerball.com,19617064,2264365,21881429,9808532,0.03357,3.30,,,,0,,$40,
2019-11-09,Sat,PB 5/69+1/26 $2 (2015-10-07+),292201338,2,50,50,50,50,33.6,,,0,0,,powerball.com,21905868,2559431,24465299,10952934,0.03748,3.68,,,,0,,$50,
2019-11-13,Wed,PB 5/69+1/26 $2 (2015-10-07+),292201338,2,60,60,60,60,40.3,,,0,0,,powerball.com,19307576,2211032,21518608,9653788,0.03304,3.25,,,,0,,$60,
2019-11-16,Sat,PB 5/69+1/26 $2 (2015-10-07+),292201338,2,70,70,70,70,48,,,0,0,,powerball.com,22937318,2637514,25574832,11468659,0.03925,3.85,,,,0,,$70,
2019-11-20,Wed,PB 5/69+1/26 $2 (2015-10-07+),292201338,2,80,80,80,80,54.8,,,0,0,,powerball.com,20724806,2350671,23075477,10362403,0.03546,3.48,,,,0,,$80,
2019-11-23,Sat,PB 5/69+1/26 $2 (2015-10-07+),292201338,2,90,90,90,90,62,,,0,0,,powerball.com,24267798,2736263,27004061,12133899,0.04153,4.07,,,,0,,$90,
2019-11-27,Wed,PB 5/69+1/26 $2 (2015-10-07+),292201338,2,100,100,100,100,68.9,,,0,0,,powerball.com,25983076,2782131,28765207,12991538,0.04446,4.35,,,,0,,$100,
2019-11-30,Sat,PB 5/69+1/26 $2 (2015-10-07+),292201338,2,110,110,110,110,75.8,,,0,0,,powerball.com,25270730,2836372,28107102,12635365,0.04324,4.23,,,,1,,$110,
2019-12-04,Wed,PB 5/69+1/26 $2 (2015-10-07+),292201338,2,120,120,120,120,82.7,,,0,0,,powerball.com,24991734,2706478,27698212,12495867,0.04276,4.19,,,,0,,$120,
2019-12-07,Sat,PB 5/69+1/26 $2 (2015-10-07+),292201338,2,130,130,130,130,88.6,,,0,0,,powerball.com,28385826,3088239,31474065,14192913,0.04857,4.74,,,,0,,$130,
2019-12-11,Wed,PB 5/69+1/26 $2 (2015-10-07+),292201338,2,140,140,140,140,95.4,,,0,0,,powerball.com,26474224,2793720,29267944,13237112,0.04530,4.43,,,,0,,$140,
2019-12-14,Sat,PB 5/69+1/26 $2 (2015-10-07+),292201338,2,150,150,150,150,101.9,,,0,0,,powerball.com,30869152,3277822,34146974,15434576,0.05282,5.15,,,,0,,$150,
2019-12-18,Wed,PB 5/69+1/26 $2 (2015-10-07+),292201338,2,160,160,160,160,108.7,,,0,0,,powerball.com,28351566,2932910,31284476,14175783,0.04851,4.74,,,,0,,$160,
2019-12-21,Sat,PB 5/69+1/26 $2 (2015-10-07+),292201338,2,171,171,171,173,116.3,,,0,0,,powerball.com,32983042,3385967,36369009,16491521,0.05644,5.49,,,,0,,$171,
2019-12-25,Wed,PB 5/69+1/26 $2 (2015-10-07+),292201338,2,183,183,183,189,126.7,,,0,0,,powerball.com,34600190,3186666,37786856,17300095,0.05921,5.75,,,,1,,$183,
2019-12-28,Sat,PB 5/69+1/26 $2 (2015-10-07+),292201338,2,200,200,200,204,138.2,,,0,0,,powerball.com,38340572,3757053,42097625,19170286,0.06561,6.35,,,,0,,$200,
2020-01-01,Wed,PB 5/69+1/26 $2 (2015-10-07+),292201338,2,220,220,220,222,150.4,,,0,0,,powerball.com,40639188,3717629,44356817,20319594,0.06954,6.72,,,,0,,$220M,
2020-01-04,Sat,PB 5/69+1/26 $2 (2015-10-07+),292201338,2,237,237,237,240,163.2,,,0,0,,powerball.com,42762008,4114959,46876967,21381004,0.07317,7.06,,,,0,,$237,
2020-01-08,Wed,PB 5/69+1/26 $2 (2015-10-07+),292201338,2,258,258,258,258,175.7,,,0,0,,powerball.com,41431080,3741201,45172281,20715540,0.07089,6.84,,,,0,,$258,
2020-01-11,Sat,PB 5/69+1/26 $2 (2015-10-07+),292201338,2,277,277,277,278,189.3,,,0,0,,powerball.com,45374522,4260126,49634648,22687261,0.07764,7.47,,,,0,,$277,
2020-01-15,Wed,PB 5/69+1/26 $2 (2015-10-07+),292201338,2,296,296,296,298,203.2,,,0,0,,powerball.com,46583580,4182862,50766442,23291790,0.07971,7.66,,,,0,,$296,
2020-01-18,Sat,PB 5/69+1/26 $2 (2015-10-07+),292201338,2,321,321,321,323,219.4,,,0,0,,powerball.com,53922262,4894455,58816717,26961131,0.09227,8.81,,,,0,,$321,
2020-01-22,Wed,PB 5/69+1/26 $2 (2015-10-07+),292201338,2,343,343,343,347,236.1,,,0,0,,powerball.com,55403528,4818147,60221675,27701764,0.09480,9.04,,,,0,,$343,
2020-01-25,Sat,PB 5/69+1/26 $2 (2015-10-07+),292201338,2,373,373,373,367,255.5,,,0,0,,powerball.com,64724734,5709535,70434269,32362367,0.11075,10.48,,,,0,,$373,
2020-01-29,Wed,PB 5/69+1/26 $2 (2015-10-07+),292201338,2,394,394,396.9,397,276.6,,,1,1,FL,powerball.com,70266218,5927113,76193331,35133109,0.12024,11.33,,,,0,,$394 $396.9,
2020-02-01,Sat,PB 5/69+1/26 $2 (2015-10-07+),292201338,2,40,40,40,40,28.6,,,0,0,,powerball.com,26779120,3054540,29833660,13389560,0.04582,4.48,,,,0,,$40,
2020-02-05,Wed,PB 5/69+1/26 $2 (2015-10-07+),292201338,2,50,50,50,50,35.8,,,0,0,,powerball.com,21863684,2516466,24380150,10931842,0.03741,3.67,,,,0,,$50,
2020-02-08,Sat,PB 5/69+1/26 $2 (2015-10-07+),292201338,2,60,60,60,60,42.7,,,0,0,,powerball.com,24540412,2859020,27399432,12270206,0.04199,4.11,,,,0,,$60,
2020-02-12,Wed,PB 5/69+1/26 $2 (2015-10-07+),292201338,2,70,70,70,70,49.8,,,1,1,MI,powerball.com,22449966,2543277,24993243,11224983,0.03842,3.77,,,,0,,$70,
2020-02-15,Sat,PB 5/69+1/26 $2 (2015-10-07+),292201338,2,40,40,40,40,28.3,,,0,0,,powerball.com,23183108,2703665,25886773,11591554,0.03967,3.89,,,,0,,$40,
2020-02-19,Wed,PB 5/69+1/26 $2 (2015-10-07+),292201338,2,50,50,50,50,35.4,,,0,0,,powerball.com,21532056,2440474,23972530,10766028,0.03684,3.62,,,,0,,$50,
2020-02-22,Sat,PB 5/69+1/26 $2 (2015-10-07+),292201338,2,60,60,60,60,43.4,,,0,0,,powerball.com,24964420,2861620,27826040,12482210,0.04272,4.18,,,,0,,$60,
2020-02-26,Wed,PB 5/69+1/26 $2 (2015-10-07+),292201338,2,70,70,70,70,50.7,,,0,0,,powerball.com,23023408,2587932,25611340,11511704,0.03940,3.86,,,,0,,$70,
2020-02-29,Sat,PB 5/69+1/26 $2 (2015-10-07+),292201338,2,80,80,80,80,60.4,,,0,0,,powerball.com,26838898,3090263,29929161,13419449,0.04593,4.49,,,,0,,$80,
2020-03-04,Wed,PB 5/69+1/26 $2 (2015-10-07+),292201338,2,90,90,90,90,67.9,,,0,0,,powerball.com,25046520,2798960,27845480,12523260,0.04286,4.20,,,,0,,$90,
2020-03-07,Sat,PB 5/69+1/26 $2 (2015-10-07+),292201338,2,100,100,100,100,80.1,,,0,0,,powerball.com,29661166,3268245,32929411,14830583,0.05075,4.95,,,,0,,$100,
2020-03-11,Wed,PB 5/69+1/26 $2 (2015-10-07+),292201338,2,110,110,110,110,88.1,,,0,0,,powerball.com,26668372,2882973,29551345,13334186,0.04563,4.46,,,,1,,$110,
2020-03-14,Sat,PB 5/69+1/26 $2 (2015-10-07+),292201338,2,120,120,120,120,93.2,,,0,0,,powerball.com,29098764,3221134,32319898,14549382,0.04979,4.86,,,,0,,$120,
2020-03-18,Wed,PB 5/69+1/26 $2 (2015-10-07+),292201338,2,130,130,130,130,100.9,,,0,0,,powerball.com,24274682,2525740,26800422,12137341,0.04154,4.07,,,,0,,$130,
2020-03-21,Sat,PB 5/69+1/26 $2 (2015-10-07+),292201338,2,140,140,140,140,107.1,,,0,0,,powerball.com,24886102,2665230,27551332,12443051,0.04258,4.17,,,,0,,$140,
2020-03-25,Wed,PB 5/69+1/26 $2 (2015-10-07+),292201338,2,150,150,150,150,114.8,,,0,0,,powerball.com,21695328,2324527,24019855,10847664,0.03712,3.64,,,,0,,$150,
2020-03-28,Sat,PB 5/69+1/26 $2 (2015-10-07+),292201338,2,160,160,160,160,128.7,,,0,0,,powerball.com,23640446,2571251,26211697,11820223,0.04045,3.96,,,,0,,$160,
2020-04-01,Wed,PB 5/69+1/26 $2 (2015-10-07+),292201338,2,170,170,170,170,136.8,,,0,0,,powerball.com,21751484,2355143,24106627,10875742,0.03722,3.65,,,,0,,$170,
2020-04-04,Sat,PB 5/69+1/26 $2 (2015-10-07+),292201338,2,180,180,180,180,147.8,,,0,0,,powerball.com,23581666,2582559,26164225,11790833,0.04035,3.95,,,,0,,$180,
2020-04-08,Wed,PB 5/69+1/26 $2 (2015-10-07+),292201338,2,190,190,190,190,156,,,1,1,NJ,powerball.com,21813044,2371551,24184595,10906522,0.03733,3.66,,,,0,,$190,
2020-04-11,Sat,PB 5/69+1/26 $2 (2015-10-07+),292201338,2,20,20,20,20,16.1,,,0,0,,powerball.com,17109068,2054676,19163744,8554534,0.02928,2.89,,,,0,,$20,
2020-04-15,Wed,PB 5/69+1/26 $2 (2015-10-07+),292201338,2,22,22,22,22,17.7,,,0,0,,powerball.com,15139292,1863800,17003092,7569646,0.02591,2.56,,,,0,,$22,
2020-04-18,Sat,PB 5/69+1/26 $2 (2015-10-07+),292201338,2,24,24,24,24,19.7,,,0,0,,powerball.com,17479330,2153219,19632549,8739665,0.02991,2.95,,,,0,,$24,
2020-04-22,Wed,PB 5/69+1/26 $2 (2015-10-07+),292201338,2,29,29,29,30,24.6,,,0,0,,powerball.com,15771892,1930814,17702706,7885946,0.02699,2.66,,,,0,,$29,
2020-04-25,Sat,PB 5/69+1/26 $2 (2015-10-07+),292201338,2,37,37,37,37,30.7,,,0,0,,powerball.com,17953036,2199573,20152609,8976518,0.03072,3.03,,,,0,,$37,
2020-04-29,Wed,PB 5/69+1/26 $2 (2015-10-07+),292201338,2,43,43,43,44,36.4,,,0,0,,powerball.com,16707322,2040544,18747866,8353661,0.02859,2.82,,,,0,,$43,
2020-05-02,Sat,PB 5/69+1/26 $2 (2015-10-07+),292201338,2,51,51,51,53,43.2,,,0,0,,powerball.com,19893974,2418817,22312791,9946987,0.03404,3.35,,,,0,,$51,
2020-05-06,Wed,PB 5/69+1/26 $2 (2015-10-07+),292201338,2,59,59,59,60,49.3,,,0,0,,powerball.com,17973304,2180324,20153628,8986652,0.03075,3.03,,,,0,,$59,
2020-05-09,Sat,PB 5/69+1/26 $2 (2015-10-07+),292201338,2,68,68,68,70,56.3,,,0,0,,powerball.com,20749764,2499199,23248963,10374882,0.03551,3.49,,,,0,,$68,
2020-05-13,Wed,PB 5/69+1/26 $2 (2015-10-07+),292201338,2,77,77,77,78,62.8,,,0,0,,powerball.com,19005404,2306234,21311638,9502702,0.03252,3.20,,,,0,,$77,
2020-05-16,Sat,PB 5/69+1/26 $2 (2015-10-07+),292201338,2,86,86,86,87,70.2,,,0,0,,powerball.com,21682760,2617108,24299868,10841380,0.03710,3.64,,,,0,,$86,
2020-05-20,Wed,PB 5/69+1/26 $2 (2015-10-07+),292201338,2,95,95,95,95,77,,,0,0,,powerball.com,20128138,2385903,22514041,10064069,0.03444,3.39,,,,0,,$95,
2020-05-23,Sat,PB 5/69+1/26 $2 (2015-10-07+),292201338,2,104,104,104,106,85.2,,,0,0,,powerball.com,24191340,2803976,26995316,12095670,0.04139,4.05,,,,0,,$104,
2020-05-27,Wed,PB 5/69+1/26 $2 (2015-10-07+),292201338,2,114,114,114,116,92.8,,,0,0,,powerball.com,22234160,2637479,24871639,11117080,0.03805,3.73,,,,0,,$114,
2020-05-30,Sat,PB 5/69+1/26 $2 (2015-10-07+),292201338,2,125,125,125,127,100.9,,,0,0,,powerball.com,25933546,3118428,29051974,12966773,0.04438,4.34,,,,0,,$125,
2020-06-03,Wed,PB 5/69+1/26 $2 (2015-10-07+),292201338,2,135,135,136.4,136,108.1,,,1,1,WV,powerball.com,24006142,2869470,26875612,12003071,0.04108,4.02,,,,0,,$135 $136.4,
2020-06-06,Sat,PB 5/69+1/26 $2 (2015-10-07+),292201338,2,20,20,20,20,15.2,,,0,0,,powerball.com,21351224,2683881,24035105,10675612,0.03654,3.59,,,,0,,$20,
2020-06-10,Wed,PB 5/69+1/26 $2 (2015-10-07+),292201338,2,22,22,22,22,16.7,,,1,1,WI,powerball.com,19176584,2394843,21571427,9588292,0.03281,3.23,,,,0,,$22,
2020-06-13,Sat,PB 5/69+1/26 $2 (2015-10-07+),292201338,2,20,20,20,20,15.9,,,0,0,,powerball.com,20013212,2567607,22580819,10006606,0.03425,3.37,,,,0,,$20,
2020-06-17,Wed,PB 5/69+1/26 $2 (2015-10-07+),292201338,2,22,22,22,22,17.5,,,0,0,,powerball.com,18487574,2357707,20845281,9243787,0.03163,3.11,,,,0,,$22,
2020-06-20,Sat,PB 5/69+1/26 $2 (2015-10-07+),292201338,2,25,25,25,26,20.1,,,0,0,,powerball.com,20749918,2678995,23428913,10374959,0.03551,3.49,,,,0,,$25,
2020-06-24,Wed,PB 5/69+1/26 $2 (2015-10-07+),292201338,2,33,33,33,34,26.6,,,0,0,,powerball.com,18992320,2415001,21407321,9496160,0.03250,3.20,,,,0,,$33,
2020-06-27,Sat,PB 5/69+1/26 $2 (2015-10-07+),292201338,2,42,42,42,43,34,,,0,0,,powerball.com,21604578,2754651,24359229,10802289,0.03697,3.63,,,,0,,$42,
2020-07-01,Wed,PB 5/69+1/26 $2 (2015-10-07+),292201338,2,51,51,51,51,40.7,,,0,0,,powerball.com,19949412,2491376,22440788,9974706,0.03414,3.36,,,,0,,$51,
2020-07-04,Sat,PB 5/69+1/26 $2 (2015-10-07+),292201338,2,60,60,60,61,48.3,,,0,0,,powerball.com,22252722,2771641,25024363,11126361,0.03808,3.74,,,,0,,$60,
2020-07-08,Wed,PB 5/69+1/26 $2 (2015-10-07+),292201338,2,69,69,69,69,55.3,,,0,0,,powerball.com,20502906,2526988,23029894,10251453,0.03508,3.45,,,,0,,$69,
2020-07-11,Sat,PB 5/69+1/26 $2 (2015-10-07+),292201338,2,79,79,79,78,63.2,,,0,0,,powerball.com,23194662,2930762,26125424,11597331,0.03969,3.89,,,,0,,$79,
2020-07-15,Wed,PB 5/69+1/26 $2 (2015-10-07+),292201338,2,87,87,87,87,70.4,,,0,0,,powerball.com,21359176,2645132,24004308,10679588,0.03655,3.59,,,,0,,$87,
2020-07-18,Sat,PB 5/69+1/26 $2 (2015-10-07+),292201338,2,97,97,97,97,78.7,,,0,0,,powerball.com,24453758,3066298,27520056,12226879,0.04184,4.10,,,,0,,$97,
2020-07-22,Wed,PB 5/69+1/26 $2 (2015-10-07+),292201338,2,106,106,106,107,86.5,,,0,0,,powerball.com,22875778,2778709,25654487,11437889,0.03914,3.84,,,,0,,$106,
2020-07-25,Sat,PB 5/69+1/26 $2 (2015-10-07+),292201338,2,117,117,117,116,95.6,,,0,0,,powerball.com,26604814,3216662,29821476,13302407,0.04552,4.45,,,,0,,$117,
2020-07-29,Wed,PB 5/69+1/26 $2 (2015-10-07+),292201338,2,126,126,126,126,103.8,,,0,0,,powerball.com,26263738,2971118,29234856,13131869,0.04494,4.39,,,,0,,$126,
2020-08-01,Sat,PB 5/69+1/26 $2 (2015-10-07+),292201338,2,137,137,137,137,112.9,,,0,0,,powerball.com,30216158,3506944,33723102,15108079,0.05170,5.04,,,,0,,$137,
2020-08-05,Wed,PB 5/69+1/26 $2 (2015-10-07+),292201338,2,147,147,147,147,121.4,,,0,0,,powerball.com,28536716,3227741,31764457,14268358,0.04883,4.77,,,,0,,$147,
2020-08-08,Sat,PB 5/69+1/26 $2 (2015-10-07+),292201338,2,158,158,158,158,131.1,,,0,0,,powerball.com,32162676,3691446,35854122,16081338,0.05504,5.35,,,,0,,$158,
2020-08-12,Wed,PB 5/69+1/26 $2 (2015-10-07+),292201338,2,169,169,169,169,140.1,,,1,1,FL,powerball.com,30143916,3373476,33517392,15071958,0.05158,5.03,,,,0,,$169,
2020-08-15,Sat,PB 5/69+1/26 $2 (2015-10-07+),292201338,2,20,20,20,20,16.2,,,0,0,,powerball.com,21718260,2767108,24485368,10859130,0.03716,3.65,,,,0,,$20,
2020-08-19,Wed,PB 5/69+1/26 $2 (2015-10-07+),292201338,2,22,22,22,22,17.8,,,0,0,,powerball.com,18752270,2394885,21147155,9376135,0.03209,3.16,,,,0,,$22,
2020-08-22,Sat,PB 5/69+1/26 $2 (2015-10-07+),292201338,2,29,29,29,30,23.7,,,0,0,,powerball.com,21393774,2735055,24128829,10696887,0.03661,3.59,,,,0,,$29,
2020-08-26,Wed,PB 5/69+1/26 $2 (2015-10-07+),292201338,2,37,37,37,38,30.3,,,0,0,,powerball.com,19385944,2487643,21873587,9692972,0.03317,3.26,,,,0,,$37,
2020-08-29,Sat,PB 5/69+1/26 $2 (2015-10-07+),292201338,2,47,47,47,48,37.8,,,0,0,,powerball.com,22132880,2823054,24955934,11066440,0.03787,3.72,,,,0,,$47,
2020-09-02,Wed,PB 5/69+1/26 $2 (2015-10-07+),292201338,2,56,56,56,57,44.8,,,0,0,,powerball.com,20511612,2596108,23107720,10255806,0.03510,3.45,,,,0,,$56,
2020-09-05,Sat,PB 5/69+1/26 $2 (2015-10-07+),292201338,2,66,66,66,66,52.7,,,0,0,,powerball.com,23489822,2976380,26466202,11744911,0.04019,3.94,,,,0,,$66,
2020-09-09,Wed,PB 5/69+1/26 $2 (2015-10-07+),292201338,2,75,75,75,75,59.8,,,0,0,,powerball.com,20793390,2589831,23383221,10396695,0.03558,3.50,,,,0,,$75,
2020-09-12,Sat,PB 5/69+1/26 $2 (2015-10-07+),292201338,2,85,85,85,85,68,,,0,0,,powerball.com,24136624,3006157,27142781,12068312,0.04130,4.05,,,,1,,$85,
2020-09-16,Wed,PB 5/69+1/26 $2 (2015-10-07+),292201338,2,94,94.8,94.8,95,75.7,,,1,1,NY,powerball.com,22633558,2758217,25391775,11316779,0.03873,3.80,,,,0,,$94.8,
2020-09-19,Sat,PB 5/69+1/26 $2 (2015-10-07+),292201338,2,20,20,20,20,16,,,0,0,,powerball.com,20759948,2651581,23411529,10379974,0.03552,3.49,,,,0,,$20,
2020-09-23,Wed,PB 5/69+1/26 $2 (2015-10-07+),292201338,2,22,22,22,22,17.6,,,0,0,,powerball.com,18665548,2373525,21039073,9332774,0.03194,3.14,,,,0,,$22,
2020-09-26,Sat,PB 5/69+1/26 $2 (2015-10-07+),292201338,2,25,25,25,26,20.5,,,0,0,,powerball.com,20959364,2676630,23635994,10479682,0.03586,3.52,,,,0,,$25,
2020-09-30,Wed,PB 5/69+1/26 $2 (2015-10-07+),292201338,2,34,34,34,34,27,,,0,0,,powerball.com,19156752,2414848,21571600,9578376,0.03278,3.22,,,,0,,$34,
2020-10-03,Sat,PB 5/69+1/26 $2 (2015-10-07+),292201338,2,43,43,43,43,34.7,,,0,0,,powerball.com,22491604,2847763,25339367,11245802,0.03849,3.78,,,,0,,$43,
2020-10-07,Wed,PB 5/69+1/26 $2 (2015-10-07+),292201338,2,52,52,52,52,41.6,,,0,0,,powerball.com,20303728,2504692,22808420,10151864,0.03474,3.41,,,,0,,$52,
2020-10-10,Sat,PB 5/69+1/26 $2 (2015-10-07+),292201338,2,62,62,62,63,49.4,,,0,0,,powerball.com,22981446,2830574,25812020,11490723,0.03932,3.86,,,,0,,$62,
2020-10-14,Wed,PB 5/69+1/26 $2 (2015-10-07+),292201338,2,72,72,72,72,56.6,,,0,0,,powerball.com,21028702,2549594,23578296,10514351,0.03598,3.53,,,,0,,$72,
2020-10-17,Sat,PB 5/69+1/26 $2 (2015-10-07+),292201338,2,82,82,82,82,64.8,,,0,0,,powerball.com,24292664,2948795,27241459,12146332,0.04157,4.07,,,,0,,$82,
2020-10-21,Wed,PB 5/69+1/26 $2 (2015-10-07+),292201338,2,91,91,91,92,72.5,,,0,0,,powerball.com,22460198,2660561,25120759,11230099,0.03843,3.77,,,,0,,$91,
2020-10-24,Sat,PB 5/69+1/26 $2 (2015-10-07+),292201338,2,102,102,102,106,81.5,,,0,0,,powerball.com,26672768,3118294,29791062,13336384,0.04564,4.46,,,,0,,$102,
2020-10-28,Wed,PB 5/69+1/26 $2 (2015-10-07+),292201338,2,116,116,116,116,89.8,,,0,0,,powerball.com,24295340,2762490,27057830,12147670,0.04157,4.07,,,,0,,$116,
2020-10-31,Sat,PB 5/69+1/26 $2 (2015-10-07+),292201338,2,127,127,127,127,98.6,,,0,0,,powerball.com,28070898,3258016,31328914,14035449,0.04803,4.69,,,,0,,$127,
2020-11-04,Wed,PB 5/69+1/26 $2 (2015-10-07+),292201338,2,137,137,137,137,106.2,,,0,0,,powerball.com,25241986,2860768,28102754,12620993,0.04319,4.23,,,,0,,$137,
2020-11-07,Sat,PB 5/69+1/26 $2 (2015-10-07+),292201338,2,149,149,149,147,114.7,,,0,0,,powerball.com,28168102,3259766,31427868,14084051,0.04820,4.71,,,,0,,$149,
2020-11-11,Wed,PB 5/69+1/26 $2 (2015-10-07+),292201338,2,158,158,158,157,122.4,,,0,0,,powerball.com,25908860,2927914,28836774,12954430,0.04433,4.34,,,,0,,$158,
2020-11-14,Sat,PB 5/69+1/26 $2 (2015-10-07+),292201338,2,168,168,168,169,131.4,,,0,0,,powerball.com,29775220,3390794,33166014,14887610,0.05095,4.97,,,,0,,$168,
2020-11-18,Wed,PB 5/69+1/26 $2 (2015-10-07+),292201338,2,179,179,179,180,139.5,,,0,0,,powerball.com,27134382,3011069,30145451,13567191,0.04643,4.54,,,,0,,$179,
2020-11-21,Sat,PB 5/69+1/26 $2 (2015-10-07+),292201338,2,192,192,192,191,149,,,0,0,,powerball.com,31533938,3503345,35037283,15766969,0.05396,5.25,,,,0,,$192,
2020-11-25,Wed,PB 5/69+1/26 $2 (2015-10-07+),292201338,2,202,202,202,204,159,,,0,0,,powerball.com,33485282,3547977,37033259,16742641,0.05730,5.57,,,,0,,$202,
2020-11-28,Sat,PB 5/69+1/26 $2 (2015-10-07+),292201338,2,216,216,216,216,168.5,,,0,0,,powerball.com,31422426,3512281,34934707,15711213,0.05377,5.23,,,,0,,$216,
2020-12-02,Wed,PB 5/69+1/26 $2 (2015-10-07+),292201338,2,231,231,231,229,178.2,,,0,0,,powerball.com,32564116,3470794,36034910,16282058,0.05572,5.42,,,,0,,$231,
2020-12-05,Sat,PB 5/69+1/26 $2 (2015-10-07+),292201338,2,243,243,243,249,189.3,,,0,0,,powerball.com,36717220,3973147,40690367,18358610,0.06283,6.09,,,,0,,$243,
2020-12-09,Wed,PB 5/69+1/26 $2 (2015-10-07+),292201338,2,262,262,262,262,199.7,,,0,0,,powerball.com,34736422,3683669,38420091,17368211,0.05944,5.77,,,,0,,$262,
2020-12-12,Sat,PB 5/69+1/26 $2 (2015-10-07+),292201338,2,277,277,277,272,211.3,,,0,0,,powerball.com,38752946,4197247,42950193,19376473,0.06631,6.42,,,,0,,$277,
2020-12-16,Wed,PB 5/69+1/26 $2 (2015-10-07+),292201338,2,287,287,287,286,222.3,,,0,0,,powerball.com,36793454,3871029,40664483,18396727,0.06296,6.10,,,,0,,$287,
2020-12-19,Sat,PB 5/69+1/26 $2 (2015-10-07+),292201338,2,304,304,304,306,235.4,,,0,0,,powerball.com,43407516,4637393,48044909,21703758,0.07428,7.16,,,,0,,$304,
2020-12-23,Wed,PB 5/69+1/26 $2 (2015-10-07+),292201338,2,321,321,321,325,249.8,,,0,0,,powerball.com,48014748,4895026,52909774,24007374,0.08216,7.89,,,,0,,$321,
2020-12-26,Sat,PB 5/69+1/26 $2 (2015-10-07+),292201338,2,341,341,341,343,263.7,,,0,0,,powerball.com,46437676,4854852,51292528,23218838,0.07946,7.64,,,,0,,$341,
2020-12-30,Wed,PB 5/69+1/26 $2 (2015-10-07+),292201338,2,363,363,363,365,281,,,0,0,,powerball.com,57637090,5744903,63381993,28818545,0.09863,9.39,,,,0,,$363,
2021-01-02,Sat,PB 5/69+1/26 $2 (2015-10-07+),292201338,2,384,384,384,390,301.1,,,0,0,,powerball.com,66902728,6818339,73721067,33451364,0.11448,10.82,,,,0,,$384,
2021-01-06,Wed,PB 5/69+1/26 $2 (2015-10-07+),292201338,2,410,410,410,427,329.6,,,0,0,,powerball.com,94880774,8697370,103578144,47440387,0.16236,14.99,,,,0,,$410,
2021-01-09,Sat,PB 5/69+1/26 $2 (2015-10-07+),292201338,2,470,470,470,490,366.2,,,0,0,,powerball.com,122088036,11191773,133279809,61044018,0.20891,18.85,,,,0,,$470,
2021-01-13,Wed,PB 5/69+1/26 $2 (2015-10-07+),292201338,2,550,550,550,557,416.4,,,0,0,,powerball.com,167292390,14252616,181545006,83646195,0.28626,24.89,,,,0,,$550,
2021-01-16,Sat,PB 5/69+1/26 $2 (2015-10-07+),292201338,2,640,640,640,639,478.2,,,0,0,,powerball.com,206147690,17882629,224030319,103073845,0.35275,29.72,,,,0,,$640,
2021-01-20,Wed,PB 5/69+1/26 $2 (2015-10-07+),292201338,2,730,730,730,731,546.8,731.1,546.8,1,1,MD,powerball.com,228560798,19753476,248314274,114280399,0.39110,32.37,,,,0,,$730,
2021-01-23,Sat,PB 5/69+1/26 $2 (2015-10-07+),292201338,2,20,20,23.2,23,17.4,,,1,1,NJ,powerball.com,51041966,5535934,56577900,25520983,0.08734,8.36,,,,0,,$20 $23.2,
2021-01-27,Wed,PB 5/69+1/26 $2 (2015-10-07+),292201338,2,20,20,20,20,15,,,0,0,,powerball.com,25948124,3221904,29170028,12974062,0.04440,4.34,,,,0,,$20,
2021-01-30,Sat,PB 5/69+1/26 $2 (2015-10-07+),292201338,2,30,30,33.2,33,24.8,,,1,1,NJ,powerball.com,28997246,3674383,32671629,14498623,0.04962,4.84,,,,0,,$30 $33.2,
2021-02-03,Wed,PB 5/69+1/26 $2 (2015-10-07+),292201338,2,20,20,20,20,15,,,0,0,,powerball.com,23450236,3031942,26482178,11725118,0.04013,3.93,,,,0,,$20,
2021-02-06,Sat,PB 5/69+1/26 $2 (2015-10-07+),292201338,2,30,30,30,33,24.2,,,0,0,,powerball.com,27098750,3483513,30582263,13549375,0.04637,4.53,,,,0,,$30,
2021-02-10,Wed,PB 5/69+1/26 $2 (2015-10-07+),292201338,2,42,42,42,44,32.2,,,0,0,,powerball.com,23483028,2988232,26471260,11741514,0.04018,3.94,,,,0,,$42,
2021-02-13,Sat,PB 5/69+1/26 $2 (2015-10-07+),292201338,2,56,56,56,56,41.3,,,0,0,,powerball.com,26784704,3369736,30154440,13392352,0.04583,4.48,,,,0,,$56,
2021-02-17,Wed,PB 5/69+1/26 $2 (2015-10-07+),292201338,2,66,66,66,67,48.8,,,0,0,,powerball.com,22240084,2671330,24911414,11120042,0.03806,3.73,,,,0,,$66,
2021-02-20,Sat,PB 5/69+1/26 $2 (2015-10-07+),292201338,2,78,78,78,81,58,,,0,0,,powerball.com,26969680,3330587,30300267,13484840,0.04615,4.51,,,,0,,$78,
2021-02-24,Wed,PB 5/69+1/26 $2 (2015-10-07+),292201338,2,90,90,90,94,67.1,,,0,0,,powerball.com,26720712,3290318,30011030,13360356,0.04572,4.47,,,,0,,$90,
2021-02-27,Sat,PB 5/69+1/26 $2 (2015-10-07+),292201338,2,106,106,106,111,77.8,,,0,0,,powerball.com,31550048,3847120,35397168,15775024,0.05399,5.26,,,,0,,$106,
2021-03-03,Wed,PB 5/69+1/26 $2 (2015-10-07+),292201338,2,123,123,123,125,87.5,,,0,0,,powerball.com,29889256,3545610,33434866,14944628,0.05114,4.99,,,,0,,$123,
2021-03-06,Sat,PB 5/69+1/26 $2 (2015-10-07+),292201338,2,138,138,138,142,97.3,,,0,0,,powerball.com,32552540,3892750,36445290,16276270,0.05570,5.42,,,,0,,$138,
2021-03-10,Wed,PB 5/69+1/26 $2 (2015-10-07+),292201338,2,155,155,155,155,106.4,,,0,0,,powerball.com,30408090,3551015,33959105,15204045,0.05203,5.07,,,,0,,$155,
2021-03-13,Sat,PB 5/69+1/26 $2 (2015-10-07+),292201338,2,169,169,169,171,116.7,,,0,0,,powerball.com,34159586,4039020,38198606,17079793,0.05845,5.68,,,,0,,$169,
2021-03-17,Wed,PB 5/69+1/26 $2 (2015-10-07+),292201338,2,184,184,184,185,126.5,,,0,0,,powerball.com,32887128,3785100,36672228,16443564,0.05627,5.47,,,,0,,$184,
2021-03-20,Sat,PB 5/69+1/26 $2 (2015-10-07+),292201338,2,200,200,200,205,137.9,,,0,0,,powerball.com,37754552,4331090,42085642,18877276,0.06460,6.26,,,,0,,$200,
2021-03-24,Wed,PB 5/69+1/26 $2 (2015-10-07+),292201338,2,220,220,220,221,148.5,,,0,0,,powerball.com,35302650,3946248,39248898,17651325,0.06041,5.86,,,,0,,$220,
2021-03-27,Sat,PB 5/69+1/26 $2 (2015-10-07+),292201338,2,238,238,235.4,235,160,,,1,1,FL,powerball.com,38614990,4361316,42976306,19307495,0.06608,6.39,,,,0,,$238 $235.4,
2021-03-31,Wed,PB 5/69+1/26 $2 (2015-10-07+),292201338,2,20,20,20,20,13.6,,,0,0,,powerball.com,21647194,2800485,24447679,10823597,0.03704,3.64,,,,0,,$20,
2021-04-03,Sat,PB 5/69+1/26 $2 (2015-10-07+),292201338,2,32,32,32,32,22,,,0,0,,powerball.com,24642144,3183954,27826098,12321072,0.04217,4.13,,,,0,,$32,
2021-04-07,Wed,PB 5/69+1/26 $2 (2015-10-07+),292201338,2,43,43,43,43,29.4,,,0,0,,powerball.com,21928592,2843248,24771840,10964296,0.03752,3.68,,,,0,,$43,
2021-04-10,Sat,PB 5/69+1/26 $2 (2015-10-07+),292201338,2,55,55,55,55,38,,,0,0,,powerball.com,25091756,3255221,28346977,12545878,0.04294,4.20,,,,0,,$55,
2021-04-14,Wed,PB 5/69+1/26 $2 (2015-10-07+),292201338,2,67,67,67,67,45.8,,,0,0,,powerball.com,22891984,2948899,25840883,11445992,0.03917,3.84,,,,0,,$67,
2021-04-17,Sat,PB 5/69+1/26 $2 (2015-10-07+),292201338,2,79,79,79,79,54.5,,,0,0,,powerball.com,25759548,3333034,29092582,12879774,0.04408,4.31,,,,0,,$79,
2021-04-21,Wed,PB 5/69+1/26 $2 (2015-10-07+),292201338,2,90,90,90,90,62.6,,,0,0,,powerball.com,23768138,3006679,26774817,11884069,0.04067,3.99,,,,0,,$90,
2021-04-24,Sat,PB 5/69+1/26 $2 (2015-10-07+),292201338,2,104,104,104,104,72.2,,,0,0,,powerball.com,28372042,3529434,31901476,14186021,0.04855,4.74,,,,0,,$104,
2021-04-28,Wed,PB 5/69+1/26 $2 (2015-10-07+),292201338,2,116,116,116,117,81.2,,,0,0,,powerball.com,26387972,3215875,29603847,13193986,0.04515,4.41,,,,0,,$116,
2021-05-01,Sat,PB 5/69+1/26 $2 (2015-10-07+),292201338,2,129,129,129,131,90.5,,,0,0,,powerball.com,30319874,3714368,34034242,15159937,0.05188,5.06,,,,0,,$129,
2021-05-05,Wed,PB 5/69+1/26 $2 (2015-10-07+),292201338,2,142,142,142,144,99,,,0,0,,powerball.com,28323522,3400911,31724433,14161761,0.04847,4.73,,,,0,,$142,
2021-05-08,Sat,PB 5/69+1/26 $2 (2015-10-07+),292201338,2,157,157,157,156,108.5,,,0,0,,powerball.com,31857260,3828739,35685999,15928630,0.05451,5.31,,,,0,,$157,
2021-05-12,Wed,PB 5/69+1/26 $2 (2015-10-07+),292201338,2,168,168,168,169,117.6,,,0,0,,powerball.com,30035704,3523714,33559418,15017852,0.05140,5.01,,,,0,,$168,
2021-05-15,Sat,PB 5/69+1/26 $2 (2015-10-07+),292201338,2,183,183,183,187,127.8,,,0,0,,powerball.com,34244304,4027732,38272036,17122152,0.05860,5.69,,,,0,,$183,
2021-05-19,Wed,PB 5/69+1/26 $2 (2015-10-07+),292201338,2,201,201,201,202,138.3,,,0,0,,powerball.com,34820106,3900440,38720546,17410053,0.05958,5.78,,,,0,,$201,
2021-05-22,Sat,PB 5/69+1/26 $2 (2015-10-07+),292201338,2,218,218,218,220,150.1,,,0,0,,powerball.com,39451952,4437996,43889948,19725976,0.06751,6.53,,,,0,,$218,
2021-05-26,Wed,PB 5/69+1/26 $2 (2015-10-07+),292201338,2,236,236,236,236,160.9,,,0,0,,powerball.com,35862274,3962758,39825032,17931137,0.06137,5.95,,,,0,,$236,
2021-05-29,Sat,PB 5/69+1/26 $2 (2015-10-07+),292201338,2,253,253,253,252,173.3,,,0,0,,powerball.com,39926970,4456118,44383088,19963485,0.06832,6.60,,,,0,,$253,
2021-06-02,Wed,PB 5/69+1/26 $2 (2015-10-07+),292201338,2,268,268,268,268,184.4,,,0,0,,powerball.com,37049466,4043690,41093156,18524733,0.06340,6.14,,,,0,,$268,
2021-06-05,Sat,PB 5/69+1/26 $2 (2015-10-07+),292201338,2,286,286,285.6,286,196.7,,,1,1,FL,powerball.com,40881164,4544811,45425975,20440582,0.06995,6.76,,,,0,,$286 $285.6,
2021-06-09,Wed,PB 5/69+1/26 $2 (2015-10-07+),292201338,2,20,20,20,20,13.8,,,0,0,,powerball.com,20887428,2681430,23568858,10443714,0.03574,3.51,,,,0,,$20,
2021-06-12,Sat,PB 5/69+1/26 $2 (2015-10-07+),292201338,2,31,31,31,31,21.6,,,0,0,,powerball.com,22953084,2989363,25942447,11476542,0.03928,3.85,,,,0,,$31,
2021-06-16,Wed,PB 5/69+1/26 $2 (2015-10-07+),292201338,2,40,40,40,41,29,,,0,0,,powerball.com,21725452,2761652,24487104,10862726,0.03718,3.65,,,,0,,$40,
2021-06-19,Sat,PB 5/69+1/26 $2 (2015-10-07+),292201338,2,52,52,52,53,37.4,,,0,0,,powerball.com,24704830,3152915,27857745,12352415,0.04227,4.14,,,,0,,$52,
2021-06-23,Wed,PB 5/69+1/26 $2 (2015-10-07+),292201338,2,63,63,63,63,45.2,,,0,0,,powerball.com,22925266,2849533,25774799,11462633,0.03923,3.85,,,,0,,$63,
2021-06-26,Sat,PB 5/69+1/26 $2 (2015-10-07+),292201338,2,75,75,75,76,53.8,,,0,0,,powerball.com,25479456,3214397,28693853,12739728,0.04360,4.27,,,,0,,$75,
2021-06-30,Wed,PB 5/69+1/26 $2 (2015-10-07+),292201338,2,88,88,88,88,61.9,,,0,0,,powerball.com,23855048,2937251,26792299,11927524,0.04082,4.00,,,,0,,$88,
2021-07-03,Sat,PB 5/69+1/26 $2 (2015-10-07+),292201338,2,101,101,101,102,71.9,,,0,0,,powerball.com,29272136,3568813,32840949,14636068,0.05009,4.89,,,,0,,$101,
2021-07-07,Wed,PB 5/69+1/26 $2 (2015-10-07+),292201338,2,113,113,113,114,80.8,,,0,0,,powerball.com,26108076,3104210,29212286,13054038,0.04467,4.37,,,,0,,$113,
2021-07-10,Sat,PB 5/69+1/26 $2 (2015-10-07+),292201338,2,127,127,127,126,90.1,,,0,0,,powerball.com,29160514,3488317,32648831,14580257,0.04990,4.87,,,,0,,$127,
2021-07-14,Wed,PB 5/69+1/26 $2 (2015-10-07+),292201338,2,137,137,137,137,98.4,,,0,0,,powerball.com,27556082,3199430,30755512,13778041,0.04715,4.61,,,,0,,$137,
2021-07-17,Sat,PB 5/69+1/26 $2 (2015-10-07+),292201338,2,150,150,150,149,107.5,,,0,0,,powerball.com,30357186,3578928,33936114,15178593,0.05195,5.06,,,,0,,$150,
2021-07-21,Wed,PB 5/69+1/26 $2 (2015-10-07+),292201338,2,161,161,161,161,116.1,,,0,0,,powerball.com,28503806,3247528,31751334,14251903,0.04877,4.76,,,,0,,$161,
2021-07-24,Sat,PB 5/69+1/26 $2 (2015-10-07+),292201338,2,174,174,174,174,125.5,,,0,0,,powerball.com,31441454,3615327,35056781,15720727,0.05380,5.24,,,,0,,$174,
2021-07-28,Wed,PB 5/69+1/26 $2 (2015-10-07+),292201338,2,186,186,186,186,134.4,,,0,0,,powerball.com,29583886,3307952,32891838,14791943,0.05062,4.94,,,,0,,$186,
2021-07-31,Sat,PB 5/69+1/26 $2 (2015-10-07+),292201338,2,199,199,199,198,144.6,,,0,0,,powerball.com,33899762,3858211,37757973,16949881,0.05801,5.64,,,,0,,$199,
2021-08-04,Wed,PB 5/69+1/26 $2 (2015-10-07+),292201338,2,211,211,211,212,154.4,,,0,0,,powerball.com,32925456,3609863,36535319,16462728,0.05634,5.48,,,,0,,$211,
2021-08-07,Sat,PB 5/69+1/26 $2 (2015-10-07+),292201338,2,226,226,226,228,165.3,,,0,0,,powerball.com,36227646,3997723,40225369,18113823,0.06199,6.01,,,,0,,$226,
2021-08-11,Wed,PB 5/69+1/26 $2 (2015-10-07+),292201338,2,241,241,241,242,175.6,,,0,0,,powerball.com,34408300,3672386,38080686,17204150,0.05888,5.72,,,,0,,$241,
2021-08-14,Sat,PB 5/69+1/26 $2 (2015-10-07+),292201338,2,258,258,258,259,187.1,,,0,0,,powerball.com,38093434,4162073,42255507,19046717,0.06518,6.31,,,,0,,$258,
2021-08-18,Wed,PB 5/69+1/26 $2 (2015-10-07+),292201338,2,274,274,274,274,197.8,,,0,0,,powerball.com,35770770,3802910,39573680,17885385,0.06121,5.94,,,,0,,$274,
2021-08-21,Sat,PB 5/69+1/26 $2 (2015-10-07+),292201338,2,290,290,290,287,209.7,,,0,0,,powerball.com,39631416,4273864,43905280,19815708,0.06782,6.56,,,,0,,$290,
2021-08-23,Mon,PB 5/69+1/26 $2 (2015-10-07+),292201338,2,293,293,293,293,214.4,,,0,0,,powerball.com,15770788,1657832,17428620,7885394,0.02699,2.66,,,,0,,$293,
2021-08-25,Wed,PB 5/69+1/26 $2 (2015-10-07+),292201338,2,304,304,304,305,222.7,,,0,0,,powerball.com,27518670,3101911,30620581,13759335,0.04709,4.60,,,,0,,$304,
2021-08-28,Sat,PB 5/69+1/26 $2 (2015-10-07+),292201338,2,322,322,322,326,235.5,,,0,0,,powerball.com,42540594,4538393,47078987,21270297,0.07279,7.02,,,,0,,$322,
2021-08-30,Mon,PB 5/69+1/26 $2 (2015-10-07+),292201338,2,332,332,332,334,241.4,,,0,0,,powerball.com,19989408,2127718,22117126,9994704,0.03420,3.36,,,,0,,$332,
2021-09-01,Wed,PB 5/69+1/26 $2 (2015-10-07+),292201338,2,345,345,345,347,251,,,0,0,,powerball.com,31703086,3523634,35226720,15851543,0.05425,5.28,,,,1,,$345,
2021-09-04,Sat,PB 5/69+1/26 $2 (2015-10-07+),292201338,2,367,367,367,366,264.6,,,0,0,,powerball.com,45475288,4855477,50330765,22737644,0.07781,7.49,,,,0,,$367,
2021-09-06,Mon,PB 5/69+1/26 $2 (2015-10-07+),292201338,2,375,375,375,374,270.7,,,0,0,,powerball.com,20181750,2231011,22412761,10090875,0.03453,3.39,,,,0,,$375,
2021-09-08,Wed,PB 5/69+1/26 $2 (2015-10-07+),292201338,2,388,388,388,388,280.7,,,0,0,,powerball.com,33501306,3723643,37224949,16750653,0.05733,5.57,,,,0,,$388,
2021-09-11,Sat,PB 5/69+1/26 $2 (2015-10-07+),292201338,2,409,409,409,408,296.2,,,0,0,,powerball.com,51497768,5396427,56894195,25748884,0.08812,8.43,,,,0,,$409,
2021-09-13,Mon,PB 5/69+1/26 $2 (2015-10-07+),292201338,2,416,416,416,419,304.1,,,0,0,,powerball.com,26517974,2805362,29323336,13258987,0.04538,4.44,,,,0,,$416,
2021-09-15,Wed,PB 5/69+1/26 $2 (2015-10-07+),292201338,2,432,432,432,436,316.2,,,0,0,,powerball.com,40105280,4334799,44440079,20052640,0.06863,6.63,,,,0,,$432,
2021-09-18,Sat,PB 5/69+1/26 $2 (2015-10-07+),292201338,2,457,457,457,461,333.8,,,0,0,,powerball.com,58721522,6039014,64760536,29360761,0.10048,9.56,,,,0,,$457,
2021-09-20,Mon,PB 5/69+1/26 $2 (2015-10-07+),292201338,2,472,472,472,473,342.9,,,0,0,,powerball.com,30395710,3168994,33564704,15197855,0.05201,5.07,,,,0,,$472,
2021-09-22,Wed,PB 5/69+1/26 $2 (2015-10-07+),292201338,2,490,490,490,493,357.4,,,0,0,,powerball.com,48260868,4993104,53253972,24130434,0.08258,7.93,,,,0,,$490,
2021-09-25,Sat,PB 5/69+1/26 $2 (2015-10-07+),292201338,2,523,523,523,529,380.5,,,0,0,,powerball.com,76934602,7630846,84565448,38467301,0.13165,12.33,,,,1,,$523,
2021-09-27,Mon,PB 5/69+1/26 $2 (2015-10-07+),292201338,2,545,545,545,549,395.1,,,0,0,,powerball.com,48854736,4755488,53610224,24427368,0.08360,8.02,,,,0,,$545,
2021-09-29,Wed,PB 5/69+1/26 $2 (2015-10-07+),292201338,2,570,570,570,581,417.8,,,0,0,,powerball.com,75627064,7261576,82888640,37813532,0.12941,12.14,,,,0,,$570,
2021-10-02,Sat,PB 5/69+1/26 $2 (2015-10-07+),292201338,2,635,620,635,651,461.6,,,0,0,,powerball.com,145923260,13414905,159338165,72961630,0.24970,22.10,,,,0,,$620 $635,
2021-10-04,Mon,PB 5/69+1/26 $2 (2015-10-07+),292201338,2,685,670,699.8,700,496,699.8,496,1,1,CA,powerball.com,114554180,10282851,124837031,57277090,0.19602,17.80,,,,0,,$670 $685 $699.8 M,
2021-10-06,Wed,PB 5/69+1/26 $2 (2015-10-07+),292201338,2,20,20,20,20,14.2,,,0,0,,powerball.com,22311330,2813002,25124332,11155665,0.03818,3.75,,,,0,,$20,
2021-10-09,Sat,PB 5/69+1/26 $2 (2015-10-07+),292201338,2,31,31,31,33,22.7,,,0,0,,powerball.com,25014678,3279508,28294186,12507339,0.04280,4.19,,,,0,,$31,
2021-10-11,Mon,PB 5/69+1/26 $2 (2015-10-07+),292201338,2,38,38,38,39,27.1,,,0,0,,powerball.com,12853798,1740072,14593870,6426899,0.02199,2.18,,,,0,,$38,
2021-10-13,Wed,PB 5/69+1/26 $2 (2015-10-07+),292201338,2,50,50,50,47,33,,,0,0,,powerball.com,17463970,2374086,19838056,8731985,0.02988,2.94,,,,0,,$50,
2021-10-16,Sat,PB 5/69+1/26 $2 (2015-10-07+),292201338,2,60,60,60,59,41.5,,,0,0,,powerball.com,25018054,3224104,28242158,12509027,0.04281,4.19,,,,0,,$60,
2021-10-18,Mon,PB 5/69+1/26 $2 (2015-10-07+),292201338,2,65,65,65,65,46,,,0,0,,powerball.com,13223386,1774193,14997579,6611693,0.02263,2.24,,,,0,,$65,
2021-10-20,Wed,PB 5/69+1/26 $2 (2015-10-07+),292201338,2,73,73,73,74,52.1,,,0,0,,powerball.com,17993180,2413294,20406474,8996590,0.03079,3.03,,,,0,,$73,
2021-10-23,Sat,PB 5/69+1/26 $2 (2015-10-07+),292201338,2,86,86,86,87,60.9,,,0,0,,powerball.com,25920970,3287319,29208289,12960485,0.04435,4.34,,,,0,,$86,
2021-10-25,Mon,PB 5/69+1/26 $2 (2015-10-07+),292201338,2,93,93,93,94,65.8,,,0,0,,powerball.com,14271568,1846467,16118035,7135784,0.02442,2.41,,,,0,,$93,
2021-10-27,Wed,PB 5/69+1/26 $2 (2015-10-07+),292201338,2,102,102,102,104,72.7,,,0,0,,powerball.com,20441000,2582377,23023377,10220500,0.03498,3.44,,,,1,,$102,
2021-10-30,Sat,PB 5/69+1/26 $2 (2015-10-07+),292201338,2,116,116,116,116,82.9,,,0,0,,powerball.com,29842334,3615699,33458033,14921167,0.05106,4.98,,,,0,,$116,
2021-11-01,Mon,PB 5/69+1/26 $2 (2015-10-07+),292201338,2,123,123,123,123,88,,,0,0,,powerball.com,16069378,2012460,18081838,8034689,0.02750,2.71,,,,0,,$123,
2021-11-03,Wed,PB 5/69+1/26 $2 (2015-10-07+),292201338,2,132,132,132,133,94.6,,,0,0,,powerball.com,21734132,2717014,24451146,10867066,0.03719,3.65,,,,0,,$132,
2021-11-06,Sat,PB 5/69+1/26 $2 (2015-10-07+),292201338,2,146,146,146,144,103.8,,,0,0,,powerball.com,30888254,3663616,34551870,15444127,0.05285,5.15,,,,0,,$146,
2021-11-08,Mon,PB 5/69+1/26 $2 (2015-10-07+),292201338,2,151,151,151,151,108.9,,,0,0,,powerball.com,16818412,2048929,18867341,8409206,0.02878,2.84,,,,0,,$151,
2021-11-10,Wed,PB 5/69+1/26 $2 (2015-10-07+),292201338,2,160,160,160,160,115.6,,,0,0,,powerball.com,22583956,2762239,25346195,11291978,0.03864,3.79,,,,0,,$160,
2021-11-13,Sat,PB 5/69+1/26 $2 (2015-10-07+),292201338,2,173,173,173,173,125.3,,,0,0,,powerball.com,32196454,3754529,35950983,16098227,0.05509,5.36,,,,0,,$173,
2021-11-15,Mon,PB 5/69+1/26 $2 (2015-10-07+),292201338,2,180,180,180,181,130.5,,,0,0,,powerball.com,17452546,2110253,19562799,8726273,0.02986,2.94,,,,0,,$180,
2021-11-17,Wed,PB 5/69+1/26 $2 (2015-10-07+),292201338,2,190,190,190,190,137.6,,,0,0,,powerball.com,23540840,2821843,26362683,11770420,0.04028,3.95,,,,0,,$190,
2021-11-20,Sat,PB 5/69+1/26 $2 (2015-10-07+),292201338,2,205,205,205,206,148,,,0,0,,powerball.com,34749910,3926331,38676241,17374955,0.05946,5.77,,,,0,,$205,
2021-11-22,Mon,PB 5/69+1/26 $2 (2015-10-07+),292201338,2,213,213,213,214,153.8,,,0,0,,powerball.com,19186948,2247254,21434202,9593474,0.03283,3.23,,,,0,,$213,
2021-11-24,Wed,PB 5/69+1/26 $2 (2015-10-07+),292201338,2,224,224,224,229,162.2,,,0,0,,powerball.com,28030492,3226348,31256840,14015246,0.04796,4.68,,,,0,,$224,
2021-11-27,Sat,PB 5/69+1/26 $2 (2015-10-07+),292201338,2,243,243,243,243,172.1,,,0,0,,powerball.com,33010232,3760995,36771227,16505116,0.05649,5.49,,,,0,,$243,
2021-11-29,Mon,PB 5/69+1/26 $2 (2015-10-07+),292201338,2,253,253,253,252,178.2,,,0,0,,powerball.com,20327170,2340352,22667522,10163585,0.03478,3.42,,,,0,,$253,
2021-12-01,Wed,PB 5/69+1/26 $2 (2015-10-07+),292201338,2,264,264,264,264,186.4,,,0,0,,powerball.com,27334776,3144228,30479004,13667388,0.04677,4.57,,,,0,,$264,
2021-12-04,Sat,PB 5/69+1/26 $2 (2015-10-07+),292201338,2,278,278,278,270,197.9,,,0,0,,powerball.com,38231854,4235964,42467818,19115927,0.06542,6.33,,,,0,,$278,
2021-12-06,Mon,PB 5/69+1/26 $2 (2015-10-07+),292201338,2,280,280,280,279,204.2,,,0,0,,powerball.com,21183058,2403178,23586236,10591529,0.03625,3.56,,,,0,,$280,
2021-12-08,Wed,PB 5/69+1/26 $2 (2015-10-07+),292201338,2,291,291,291,291,212.7,,,0,0,,powerball.com,28124210,3200945,31325155,14062105,0.04812,4.70,,,,0,,$291,
2021-12-11,Sat,PB 5/69+1/26 $2 (2015-10-07+),292201338,2,307,307,307,311,225.5,,,0,0,,powerball.com,42746648,4588166,47334814,21373324,0.07315,7.05,,,,0,,$307,
2021-12-13,Mon,PB 5/69+1/26 $2 (2015-10-07+),292201338,2,320,320,320,321,232.8,,,0,0,,powerball.com,24453952,2701570,27155522,12226976,0.04184,4.10,,,,0,,$320,
2021-12-15,Wed,PB 5/69+1/26 $2 (2015-10-07+),292201338,2,333,333,333,335,243,,,0,0,,powerball.com,33712302,3720142,37432444,16856151,0.05769,5.61,,,,0,,$333,
2021-12-18,Sat,PB 5/69+1/26 $2 (2015-10-07+),292201338,2,353,353,353,352,257.1,,,0,0,,powerball.com,47019810,4963370,51983180,23509905,0.08046,7.73,,,,0,,$353,
2021-12-20,Mon,PB 5/69+1/26 $2 (2015-10-07+),292201338,2,363,363,363,363,265.2,,,0,0,,powerball.com,26999222,2914620,29913842,13499611,0.04620,4.51,,,,0,,$363,
2021-12-22,Wed,PB 5/69+1/26 $2 (2015-10-07+),292201338,2,378,378,378,379,276.4,,,0,0,,powerball.com,37322970,4005537,41328507,18661485,0.06387,6.19,,,,0,,$378,
2021-12-25,Sat,PB 5/69+1/26 $2 (2015-10-07+),292201338,2,400,400,400,410,295.2,,,0,0,,powerball.com,62764096,6052200,68816296,31382048,0.10740,10.18,,,,0,,$400,
2021-12-27,Mon,PB 5/69+1/26 $2 (2015-10-07+),292201338,2,416,416,416,429,308.9,,,0,0,,powerball.com,45567044,4628616,50195660,22783522,0.07797,7.50,,,,0,,$416,
2021-12-29,Wed,PB 5/69+1/26 $2 (2015-10-07+),292201338,2,441,441,441,460,330.9,,,0,0,,powerball.com,73366878,7270220,80637098,36683439,0.12554,11.80,,,,0,,$441,
2022-01-01,Sat,PB 5/69+1/26 $2 (2015-10-07+),292201338,2,500,483,500,519,369.2,,,0,0,,powerball.com,127637060,11855003,139492063,63818530,0.21841,19.62,,,,0,,$483 $500,
2022-01-03,Mon,PB 5/69+1/26 $2 (2015-10-07+),292201338,2,540,522,540,561,399.5,,,0,0,,powerball.com,95189636,8805774,103995410,47594818,0.16288,15.03,,,,0,,$522 $540,
2022-01-05,Wed,PB 5/69+1/26 $2 (2015-10-07+),292201338,2,630,575,632.6,633,450.2,632.6,450.2,1,2,"CA, WI",powerball.com,151615008,13584530,165199538,75807504,0.25944,22.85,,,,0,,$575 $620 $632.6,
2022-01-08,Sat,PB 5/69+1/26 $2 (2015-10-07+),292201338,2,20,20,20,20,13.9,,,0,0,,powerball.com,28043620,3460344,31503964,14021810,0.04799,4.69,,,,0,,$20,
2022-01-10,Mon,PB 5/69+1/26 $2 (2015-10-07+),292201338,2,27,27,27,27,18.6,,,0,0,,powerball.com,13776000,1874820,15650820,6888000,0.02357,2.33,,,,0,,$27,
2022-01-12,Wed,PB 5/69+1/26 $2 (2015-10-07+),292201338,2,38,38,38,36,24.6,,,0,0,,powerball.com,17831644,2386286,20217930,8915822,0.03051,3.01,,,,0,,$38,
2022-01-15,Sat,PB 5/69+1/26 $2 (2015-10-07+),292201338,2,48,48,48,48,33.3,,,0,0,,powerball.com,25588194,3285507,28873701,12794097,0.04379,4.28,,,,0,,$48,
2022-01-17,Mon,PB 5/69+1/26 $2 (2015-10-07+),292201338,2,53,53,53,54,37.8,,,0,0,,powerball.com,13001464,1746875,14748339,6500732,0.02225,2.20,,,,0,,$53,
2022-01-19,Wed,PB 5/69+1/26 $2 (2015-10-07+),292201338,2,62,62,62,63,43.9,,,0,0,,powerball.com,18225484,2423982,20649466,9112742,0.03119,3.07,,,,0,,$62,
2022-01-22,Sat,PB 5/69+1/26 $2 (2015-10-07+),292201338,2,76,76,76,75,52.5,,,0,0,,powerball.com,25291710,3223936,28515646,12645855,0.04328,4.24,,,,0,,$76,
2022-01-24,Mon,PB 5/69+1/26 $2 (2015-10-07+),292201338,2,82,82,82,82,57.3,,,0,0,,powerball.com,13998672,1859808,15858480,6999336,0.02395,2.37,,,,0,,$82,
2022-01-26,Wed,PB 5/69+1/26 $2 (2015-10-07+),292201338,2,91,91,91,91,63.7,,,0,0,,powerball.com,18927136,2482443,21409579,9463568,0.03239,3.19,,,,0,,$91,
2022-01-29,Sat,PB 5/69+1/26 $2 (2015-10-07+),292201338,2,104,104,104,107,73.3,,,0,0,,powerball.com,28184708,3474518,31659226,14092354,0.04823,4.71,,,,0,,$104,
2022-01-31,Mon,PB 5/69+1/26 $2 (2015-10-07+),292201338,2,113,113,113,115,79,,,0,0,,powerball.com,16666730,2109808,18776538,8333365,0.02852,2.81,,,,0,,$113,
2022-02-02,Wed,PB 5/69+1/26 $2 (2015-10-07+),292201338,2,123,123,123,125,86.3,,,0,0,,powerball.com,22991996,2835718,25827714,11495998,0.03934,3.86,,,,0,,$123,
2022-02-05,Sat,PB 5/69+1/26 $2 (2015-10-07+),292201338,2,137,137,137,140,95.4,,,0,0,,powerball.com,30181282,3617978,33799260,15090641,0.05164,5.03,,,,0,,$137,
2022-02-07,Mon,PB 5/69+1/26 $2 (2015-10-07+),292201338,2,147,147,147,148,100.8,,,0,0,,powerball.com,17885522,2214351,20099873,8942761,0.03060,3.01,,,,0,,$147,
2022-02-09,Wed,PB 5/69+1/26 $2 (2015-10-07+),292201338,2,158,158,158,158,107.7,,,0,0,,powerball.com,23326354,2862534,26188888,11663177,0.03991,3.91,,,,0,,$158,
2022-02-12,Sat,PB 5/69+1/26 $2 (2015-10-07+),292201338,2,172,172,172,176,117.8,,,0,0,,powerball.com,33514002,3915723,37429725,16757001,0.05735,5.57,,,,0,,$172,
2022-02-14,Mon,PB 5/69+1/26 $2 (2015-10-07+),292201338,2,183,183,185.3,185,123.9,,,1,1,CT,powerball.com,18598334,2268432,20866766,9299167,0.03182,3.13,,,,0,,$183 $185.3,
2022-02-16,Wed,PB 5/69+1/26 $2 (2015-10-07+),292201338,2,20,20,20,20,13.4,,,0,0,,powerball.com,16104444,2206407,18310851,8052222,0.02756,2.72,,,,0,,$20,
2022-02-19,Sat,PB 5/69+1/26 $2 (2015-10-07+),292201338,2,31,31,31,31,21,,,0,0,,powerball.com,22308852,2954293,25263145,11154426,0.03817,3.75,,,,1,,$31,
2022-02-21,Mon,PB 5/69+1/26 $2 (2015-10-07+),292201338,2,37,37,37,38,25.2,,,0,0,,powerball.com,12436190,1707239,14143429,6218095,0.02128,2.11,,,,0,,$37,
2022-02-23,Wed,PB 5/69+1/26 $2 (2015-10-07+),292201338,2,45,45,45,46,31,,,0,0,,powerball.com,16994224,2275916,19270140,8497112,0.02908,2.87,,,,0,,$45,
2022-02-26,Sat,PB 5/69+1/26 $2 (2015-10-07+),292201338,2,58,58,58,58,38.8,,,0,0,,powerball.com,22978302,3019420,25997722,11489151,0.03932,3.86,,,,0,,$58,
2022-02-28,Mon,PB 5/69+1/26 $2 (2015-10-07+),292201338,2,65,65,65,65,43.2,,,0,0,,powerball.com,13091210,1791962,14883172,6545605,0.02240,2.22,,,,0,,$65,
2022-03-02,Wed,PB 5/69+1/26 $2 (2015-10-07+),292201338,2,73,73,73,74,49.1,,,0,0,,powerball.com,17112584,2318421,19431005,8556292,0.02928,2.89,,,,0,,$73,
2022-03-05,Sat,PB 5/69+1/26 $2 (2015-10-07+),292201338,2,85,85,85,84,57.4,,,0,0,,powerball.com,24524232,3169864,27694096,12262116,0.04196,4.11,,,,0,,$85,
2022-03-07,Mon,PB 5/69+1/26 $2 (2015-10-07+),292201338,2,90,90,90,91,62,,,0,0,,powerball.com,13618306,1824356,15442662,6809153,0.02330,2.30,,,,0,,$90,
2022-03-09,Wed,PB 5/69+1/26 $2 (2015-10-07+),292201338,2,99,99,99,99,68.1,,,0,0,,powerball.com,17876472,2363382,20239854,8938236,0.03059,3.01,,,,0,,$99,
2022-03-12,Sat,PB 5/69+1/26 $2 (2015-10-07+),292201338,2,112,112,112,117,77.4,,,0,0,,powerball.com,27316848,3329589,30646437,13658424,0.04674,4.57,,,,0,,$112,
2022-03-14,Mon,PB 5/69+1/26 $2 (2015-10-07+),292201338,2,124,124,124,125,82.4,,,0,0,,powerball.com,15783550,1982984,17766534,7891775,0.02701,2.66,,,,0,,$124,
2022-03-16,Wed,PB 5/69+1/26 $2 (2015-10-07+),292201338,2,133,133,133,134,88.5,,,0,0,,powerball.com,20641968,2580976,23222944,10320984,0.03532,3.47,,,,0,,$133,
2022-03-19,Sat,PB 5/69+1/26 $2 (2015-10-07+),292201338,2,147,147,147,149,97.4,,,0,0,,powerball.com,29622396,3518437,33140833,14811198,0.05069,4.94,,,,0,,$147,
2022-03-21,Mon,PB 5/69+1/26 $2 (2015-10-07+),292201338,2,156,156,156,157,102.6,,,0,0,,powerball.com,17073024,2074955,19147979,8536512,0.02921,2.88,,,,0,,$156,
2022-03-23,Wed,PB 5/69+1/26 $2 (2015-10-07+),292201338,2,167,167,167,167,109,,,0,0,,powerball.com,21578640,2628187,24206827,10789320,0.03692,3.63,,,,0,,$167,
2022-03-26,Sat,PB 5/69+1/26 $2 (2015-10-07+),292201338,2,181,181,181,187,118.4,,,0,0,,powerball.com,31071596,3596969,34668565,15535798,0.05317,5.18,,,,0,,$181,
2022-03-28,Mon,PB 5/69+1/26 $2 (2015-10-07+),292201338,2,195,195,195,196,123.7,,,0,0,,powerball.com,17967912,2153954,20121866,8983956,0.03075,3.03,,,,0,,$195,
2022-03-30,Wed,PB 5/69+1/26 $2 (2015-10-07+),292201338,2,206,206,206,207,131.1,,,0,0,,powerball.com,24333820,2838306,27172126,12166910,0.04164,4.08,,,,0,,$206,
2022-04-02,Sat,PB 5/69+1/26 $2 (2015-10-07+),292201338,2,222,222,222,223,142.4,,,0,0,,powerball.com,37842638,4232336,42074974,18921319,0.06475,6.27,,,,0,,$222,
2022-04-04,Mon,PB 5/69+1/26 $2 (2015-10-07+),292201338,2,231,231,231,233,149,,,0,0,,powerball.com,21203762,2457999,23661761,10601881,0.03628,3.56,,,,0,,$231,
2022-04-06,Wed,PB 5/69+1/26 $2 (2015-10-07+),292201338,2,246,246,246,248,158,,,0,0,,powerball.com,26789786,3065407,29855193,13394893,0.04584,4.48,,,,0,,$246,
2022-04-09,Sat,PB 5/69+1/26 $2 (2015-10-07+),292201338,2,268,268,268,276,170.7,,,0,0,,powerball.com,37933870,4151470,42085340,18966935,0.06491,6.28,,,,0,,$268,
2022-04-11,Mon,PB 5/69+1/26 $2 (2015-10-07+),292201338,2,288,288,288,287,177.9,,,0,0,,powerball.com,21902222,2489010,24391232,10951111,0.03748,3.68,,,,0,,$288,
2022-04-13,Wed,PB 5/69+1/26 $2 (2015-10-07+),292201338,2,302,302,302,304,188,,,0,0,,powerball.com,30713438,3408786,34122224,15356719,0.05256,5.12,,,,0,,$302,
2022-04-16,Sat,PB 5/69+1/26 $2 (2015-10-07+),292201338,2,325,325,325,338,203.3,,,0,0,,powerball.com,45678386,4794468,50472854,22839193,0.07816,7.52,,,,0,,$325,
2022-04-18,Mon,PB 5/69+1/26 $2 (2015-10-07+),292201338,2,348,348,348,353,212.2,,,0,0,,powerball.com,26791842,2968884,29760726,13395921,0.04584,4.48,,,,0,,$348,
2022-04-20,Wed,PB 5/69+1/26 $2 (2015-10-07+),292201338,2,370,370,370,373,224.5,,,0,0,,powerball.com,36541778,3976739,40518517,18270889,0.06253,6.06,,,,0,,$370,
2022-04-23,Sat,PB 5/69+1/26 $2 (2015-10-07+),292201338,2,400,400,400,409,245.1,,,0,0,,powerball.com,61617186,6225359,67842545,30808593,0.10544,10.01,,,,0,,$400,
2022-04-25,Mon,PB 5/69+1/26 $2 (2015-10-07+),292201338,2,421,421,421,435,260.4,,,0,0,,powerball.com,45811120,4599583,50410703,22905560,0.07839,7.54,,,,0,,$421,
2022-04-27,Wed,PB 5/69+1/26 $2 (2015-10-07+),292201338,2,454,454,473.1,473,283.3,,,1,1,AZ,powerball.com,68604994,6775086,75380080,34302497,0.11739,11.08,,,,0,,$454 $473.1,
2022-04-30,Sat,PB 5/69+1/26 $2 (2015-10-07+),292201338,2,20,20,20,20,12,,,0,0,,powerball.com,24084248,3067272,27151520,12042124,0.04121,4.04,,,,0,,$20,
2022-05-02,Mon,PB 5/69+1/26 $2 (2015-10-07+),292201338,2,27,27,27,27,16.2,,,0,0,,powerball.com,12559790,1722356,14282146,6279895,0.02149,2.13,,,,0,,$27,
2022-05-04,Wed,PB 5/69+1/26 $2 (2015-10-07+),292201338,2,37,37,37,36,21.8,,,0,0,,powerball.com,16331888,2222223,18554111,8165944,0.02795,2.76,,,,0,,$37,
2022-05-07,Sat,PB 5/69+1/26 $2 (2015-10-07+),292201338,2,51,51,51,52,29.7,,,0,0,,powerball.com,23286238,2997078,26283316,11643119,0.03985,3.91,,,,0,,$51,
2022-05-09,Mon,PB 5/69+1/26 $2 (2015-10-07+),292201338,2,59,59,59,60,34.2,,,0,0,,powerball.com,13200086,1767024,14967110,6600043,0.02259,2.23,,,,0,,$59,
2022-05-11,Wed,PB 5/69+1/26 $2 (2015-10-07+),292201338,2,68,68,68,70,40,,,0,0,,powerball.com,16948102,2260712,19208814,8474051,0.02900,2.86,,,,0,,$68,
2022-05-14,Sat,PB 5/69+1/26 $2 (2015-10-07+),292201338,2,83,83,83,83,48.5,,,0,0,,powerball.com,25021656,3152999,28174655,12510828,0.04282,4.19,,,,0,,$83,
2022-05-16,Mon,PB 5/69+1/26 $2 (2015-10-07+),292201338,2,90,90,90,91,53.3,,,0,0,,powerball.com,14207704,1871134,16078838,7103852,0.02431,2.40,,,,0,,$90,
2022-05-18,Wed,PB 5/69+1/26 $2 (2015-10-07+),292201338,2,101,101,101,102,59.8,,,0,0,,powerball.com,19029508,2451976,21481484,9514754,0.03256,3.20,,,,0,,$101,
2022-05-21,Sat,PB 5/69+1/26 $2 (2015-10-07+),292201338,2,117,117,117,117,68.8,,,0,0,,powerball.com,26657476,3267776,29925252,13328738,0.04561,4.46,,,,0,,$117,
2022-05-23,Mon,PB 5/69+1/26 $2 (2015-10-07+),292201338,2,125,125,125,126,73.8,,,0,0,,powerball.com,15446688,1953293,17399981,7723344,0.02643,2.61,,,,0,,$125,
2022-05-25,Wed,PB 5/69+1/26 $2 (2015-10-07+),292201338,2,135,135,135,136,80,,,0,0,,powerball.com,19412468,2444536,21857004,9706234,0.03322,3.27,,,,0,,$135,
2022-05-28,Sat,PB 5/69+1/26 $2 (2015-10-07+),292201338,2,150,150,150,150,88.9,,,0,0,,powerball.com,28064636,3368426,31433062,14032318,0.04802,4.69,,,,0,,$150,
2022-05-30,Mon,PB 5/69+1/26 $2 (2015-10-07+),292201338,2,157,157,157,158,93.6,,,0,0,,powerball.com,14662632,1841466,16504098,7331316,0.02509,2.48,,,,0,,$157,
2022-06-01,Wed,PB 5/69+1/26 $2 (2015-10-07+),292201338,2,168,168,168,169,100.1,,,0,0,,powerball.com,20580864,2571890,23152754,10290432,0.03522,3.46,,,,0,,$168,
2022-06-04,Sat,PB 5/69+1/26 $2 (2015-10-07+),292201338,2,184,184,184,190,109.5,,,0,0,,powerball.com,29820522,3533635,33354157,14910261,0.05103,4.97,,,,0,,$184,
2022-06-06,Mon,PB 5/69+1/26 $2 (2015-10-07+),292201338,2,198,198,198,199,115.1,,,0,0,,powerball.com,17588148,2164031,19752179,8794074,0.03010,2.96,,,,0,,$198,
2022-06-08,Wed,PB 5/69+1/26 $2 (2015-10-07+),292201338,2,210,210,210,212,122.4,,,0,0,,powerball.com,22792674,2762744,25555418,11396337,0.03900,3.83,,,,0,,$210,
2022-06-11,Sat,PB 5/69+1/26 $2 (2015-10-07+),292201338,2,229,229,229,233,133,,,0,0,,powerball.com,33343086,3841114,37184200,16671543,0.05705,5.55,,,,0,,$229,
2022-06-13,Mon,PB 5/69+1/26 $2 (2015-10-07+),292201338,2,243,243,243,244,139.6,,,0,0,,powerball.com,19540502,2327280,21867782,9770251,0.03344,3.29,,,,0,,$243,
2022-06-15,Wed,PB 5/69+1/26 $2 (2015-10-07+),292201338,2,258,258,258,259,147.8,,,0,0,,powerball.com,24460132,2897420,27357552,12230066,0.04185,4.10,,,,0,,$258,
2022-06-18,Sat,PB 5/69+1/26 $2 (2015-10-07+),292201338,2,279,279,279,284,159.6,,,0,0,,powerball.com,35111100,3954274,39065374,17555550,0.06008,5.83,,,,0,,$279,
2022-06-20,Mon,PB 5/69+1/26 $2 (2015-10-07+),292201338,2,296,296,296,297,166.5,,,0,0,,powerball.com,20871942,2404590,23276532,10435971,0.03572,3.51,,,,0,,$296,
2022-06-22,Wed,PB 5/69+1/26 $2 (2015-10-07+),292201338,2,312,312,312,314,176,,,0,0,,powerball.com,28408512,3248104,31656616,14204256,0.04861,4.74,,,,0,,$312,
2022-06-25,Sat,PB 5/69+1/26 $2 (2015-10-07+),292201338,2,335,335,335,334,189.7,,,0,0,,powerball.com,40843168,4471183,45314351,20421584,0.06989,6.75,,,,0,,$335,
2022-06-27,Mon,PB 5/69+1/26 $2 (2015-10-07+),292201338,2,346,346,346,348,197.9,,,0,0,,powerball.com,24691360,2813446,27504806,12345680,0.04225,4.14,,,,0,,$346,
2022-06-29,Wed,PB 5/69+1/26 $2 (2015-10-07+),292201338,2,365,365,365,367,208.5,,,1,1,VT,powerball.com,31437830,3545401,34983231,15718915,0.05379,5.24,,,,0,,$365,
2022-07-02,Sat,PB 5/69+1/26 $2 (2015-10-07+),292201338,2,20,20,20,20,11.6,,,0,0,,powerball.com,23334880,2959353,26294233,11667440,0.03993,3.91,,,,0,,$20,
2022-07-04,Mon,PB 5/69+1/26 $2 (2015-10-07+),292201338,2,26,26,26,26,15.3,,,0,0,,powerball.com,10904828,1494132,12398960,5452414,0.01866,1.85,,,,0,,$26,
2022-07-06,Wed,PB 5/69+1/26 $2 (2015-10-07+),292201338,2,35,35,35,35,20.6,,,0,0,,powerball.com,15338120,2074905,17413025,7669060,0.02625,2.59,,,,0,,$35,
2022-07-09,Sat,PB 5/69+1/26 $2 (2015-10-07+),292201338,2,48,48,48,50,28.3,,,0,0,,powerball.com,22680930,2902937,25583867,11340465,0.03881,3.81,,,,0,,$48,
2022-07-11,Mon,PB 5/69+1/26 $2 (2015-10-07+),292201338,2,56,56,56,58,32.7,,,0,0,,powerball.com,13007094,1744907,14752001,6503547,0.02226,2.20,,,,0,,$56,
2022-07-13,Wed,PB 5/69+1/26 $2 (2015-10-07+),292201338,2,66,66,66,68,38.5,,,0,0,,powerball.com,17096590,2252963,19349553,8548295,0.02925,2.88,,,,0,,$66,
2022-07-16,Sat,PB 5/69+1/26 $2 (2015-10-07+),292201338,2,82,82,82,81,47.3,,,0,0,,powerball.com,25983100,3232950,29216050,12991550,0.04446,4.35,,,,0,,$82,
2022-07-18,Mon,PB 5/69+1/26 $2 (2015-10-07+),292201338,2,89,89,89,90,52.5,,,0,0,,powerball.com,15301166,1975259,17276425,7650583,0.02618,2.58,,,,0,,$89,
2022-07-20,Wed,PB 5/69+1/26 $2 (2015-10-07+),292201338,2,101,101,101,104,60.5,,,0,0,,powerball.com,23515852,2888120,26403972,11757926,0.04024,3.94,,,,0,,$101,
2022-07-23,Sat,PB 5/69+1/26 $2 (2015-10-07+),292201338,2,119,119,119,123,72.7,,,0,0,,powerball.com,36297290,4228580,40525870,18148645,0.06211,6.02,,,,0,,$119,
2022-07-25,Mon,PB 5/69+1/26 $2 (2015-10-07+),292201338,2,130,130,130,134,79.1,,,0,0,,powerball.com,21625480,2616429,24241909,10812740,0.03700,3.63,,,,0,,$130,
2022-07-27,Wed,PB 5/69+1/26 $2 (2015-10-07+),292201338,2,145,145,145,151,89.4,,,0,0,,powerball.com,34218290,3956566,38174856,17109145,0.05855,5.69,,,,0,,$145,
2022-07-30,Sat,PB 5/69+1/26 $2 (2015-10-07+),292201338,2,170,170,170,179,105.7,,,0,0,,powerball.com,53015030,5942916,58957946,26507515,0.09072,8.67,,,,0,,$170,
2022-08-01,Mon,PB 5/69+1/26 $2 (2015-10-07+),292201338,2,187,187,187,191,113,,,0,0,,powerball.com,21600466,2714811,24315277,10800233,0.03696,3.63,,,,0,,$187,
2022-08-03,Wed,PB 5/69+1/26 $2 (2015-10-07+),292201338,2,202,202,206.9,207,122.4,,,1,1,PA,powerball.com,27683462,3394340,31077802,13841731,0.04737,4.63,,,,0,,$202 $206.9,
2022-08-06,Sat,PB 5/69+1/26 $2 (2015-10-07+),292201338,2,20,20,20,20,11.7,,,0,0,,powerball.com,22404882,2961268,25366150,11202441,0.03834,3.76,,,,0,,$20,
2022-08-08,Mon,PB 5/69+1/26 $2 (2015-10-07+),292201338,2,26,26,26,27,16,,,0,0,,powerball.com,12372578,1726959,14099537,6186289,0.02117,2.09,,,,0,,$26,
2022-08-10,Wed,PB 5/69+1/26 $2 (2015-10-07+),292201338,2,35,35,35,36,21.2,,,0,0,,powerball.com,15466484,2150731,17617215,7733242,0.02647,2.61,,,,0,,$35,
2022-08-13,Sat,PB 5/69+1/26 $2 (2015-10-07+),292201338,2,48,48,48,50,28.7,,,0,0,,powerball.com,22148946,2922101,25071047,11074473,0.03790,3.72,,,,0,,$48,
2022-08-15,Mon,PB 5/69+1/26 $2 (2015-10-07+),292201338,2,56,56,56,57,33.1,,,0,0,,powerball.com,12790442,1792519,14582961,6395221,0.02189,2.16,,,,0,,$56,
2022-08-17,Wed,PB 5/69+1/26 $2 (2015-10-07+),292201338,2,66,66,66,67,38.6,,,0,0,,powerball.com,16122758,2219849,18342607,8061379,0.02759,2.72,,,,0,,$66,
2022-08-20,Sat,PB 5/69+1/26 $2 (2015-10-07+),292201338,2,80,80,80,82,46.5,,,0,0,,powerball.com,23170068,3030257,26200325,11585034,0.03965,3.89,,,,0,,$80,
2022-08-22,Mon,PB 5/69+1/26 $2 (2015-10-07+),292201338,2,90,90,90,90,51,,,0,0,,powerball.com,13363952,1815051,15179003,6681976,0.02287,2.26,,,,0,,$90,
2022-08-24,Wed,PB 5/69+1/26 $2 (2015-10-07+),292201338,2,100,100,100,101,57,,,0,0,,powerball.com,17630936,2334712,19965648,8815468,0.03017,2.97,,,,0,,$100,
2022-08-27,Sat,PB 5/69+1/26 $2 (2015-10-07+),292201338,2,115,115,115,117,65.4,,,0,0,,powerball.com,24781010,3151035,27932045,12390505,0.04240,4.15,,,,0,,$115,
2022-08-29,Mon,PB 5/69+1/26 $2 (2015-10-07+),292201338,2,124,124,124,125,69.9,,,0,0,,powerball.com,14280724,1882793,16163517,7140362,0.02444,2.41,,,,0,,$124,
2022-08-31,Wed,PB 5/69+1/26 $2 (2015-10-07+),292201338,2,134,134,134,134,75.4,,,0,0,,powerball.com,18108202,2372914,20481116,9054101,0.03099,3.05,,,,0,,$134,
2022-09-03,Sat,PB 5/69+1/26 $2 (2015-10-07+),292201338,2,148,148,148,151,83.3,,,0,0,,powerball.com,26367498,3305901,29673399,13183749,0.04512,4.41,,,,0,,$148,
2022-09-05,Mon,PB 5/69+1/26 $2 (2015-10-07+),292201338,2,159,159,159,158,87.4,,,0,0,,powerball.com,13764518,1809505,15574023,6882259,0.02355,2.33,,,,0,,$159,
2022-09-07,Wed,PB 5/69+1/26 $2 (2015-10-07+),292201338,2,170,170,170,169,93,,,0,0,,powerball.com,18623166,2409114,21032280,9311583,0.03187,3.14,,,,0,,$170,
2022-09-10,Sat,PB 5/69+1/26 $2 (2015-10-07+),292201338,2,186,186,186,185,101,,,0,0,,powerball.com,26779216,3280940,30060156,13389608,0.04582,4.48,,,,0,,$186,
2022-09-12,Mon,PB 5/69+1/26 $2 (2015-10-07+),292201338,2,193,193,193,195,106.2,,,0,0,,powerball.com,15453836,1973207,17427043,7726918,0.02644,2.61,,,,0,,$193,
2022-09-14,Wed,PB 5/69+1/26 $2 (2015-10-07+),292201338,2,206,206,206,207,113,,,0,0,,powerball.com,20099106,2530208,22629314,10049553,0.03439,3.38,,,,0,,$206,
2022-09-17,Sat,PB 5/69+1/26 $2 (2015-10-07+),292201338,2,225,225,225,228,122.8,,,0,0,,powerball.com,29253624,3442071,32695695,14626812,0.05006,4.88,,,,0,,$225,
2022-09-19,Mon,PB 5/69+1/26 $2 (2015-10-07+),292201338,2,238,238,238,238,128.4,,,0,0,,powerball.com,16524030,1999363,18523393,8262015,0.02828,2.79,,,,0,,$238,
2022-09-21,Wed,PB 5/69+1/26 $2 (2015-10-07+),292201338,2,251,251,251,252,135.6,,,0,0,,powerball.com,21247448,2580352,23827800,10623724,0.03636,3.57,,,,0,,$251,
2022-09-24,Sat,PB 5/69+1/26 $2 (2015-10-07+),292201338,2,270,270,270,275,145.8,,,0,0,,powerball.com,30561306,3533717,34095023,15280653,0.05229,5.10,,,,0,,$270,
2022-09-26,Mon,PB 5/69+1/26 $2 (2015-10-07+),292201338,2,285,285,285,286,151.7,,,0,0,,powerball.com,17775150,2168092,19943242,8887575,0.03042,3.00,,,,0,,$285,
2022-09-28,Wed,PB 5/69+1/26 $2 (2015-10-07+),292201338,2,300,300,300,301,159.5,,,0,0,,powerball.com,23334696,2783591,26118287,11667348,0.03993,3.91,,,,0,,$300,
2022-10-01,Sat,PB 5/69+1/26 $2 (2015-10-07+),292201338,2,322,322,322,325,171.1,,,0,0,,powerball.com,34701906,3999270,38701176,17350953,0.05938,5.77,,,,0,,$322,
2022-10-03,Mon,PB 5/69+1/26 $2 (2015-10-07+),292201338,2,336,336,336,338,177.8,,,0,0,,powerball.com,20032578,2430982,22463560,10016289,0.03428,3.37,,,,0,,$336,
2022-10-05,Wed,PB 5/69+1/26 $2 (2015-10-07+),292201338,2,353,353,353,354,186.3,,,0,0,,powerball.com,25942898,3076293,29019191,12971449,0.04439,4.34,,,,0,,$353,
2022-10-08,Sat,PB 5/69+1/26 $2 (2015-10-07+),292201338,2,378,378,378,389,199.1,,,0,0,,powerball.com,38243704,4282317,42526021,19121852,0.06544,6.33,,,,0,,$378,
2022-10-10,Mon,PB 5/69+1/26 $2 (2015-10-07+),292201338,2,401,401,401,404,206.9,,,0,0,,powerball.com,23585636,2710594,26296230,11792818,0.04036,3.96,,,,0,,$401,
2022-10-12,Wed,PB 5/69+1/26 $2 (2015-10-07+),292201338,2,420,420,420,425,217.9,,,0,0,,powerball.com,32674188,3670259,36344447,16337094,0.05591,5.44,,,,0,,$420,
2022-10-15,Sat,PB 5/69+1/26 $2 (2015-10-07+),292201338,2,454,454,454,465,234.5,,,0,0,,powerball.com,49827386,5350366,55177752,24913693,0.08526,8.17,,,,0,,$454,
2022-10-17,Mon,PB 5/69+1/26 $2 (2015-10-07+),292201338,2,480,480,480,485,244.7,,,0,0,,powerball.com,30460864,3419091,33879955,15230432,0.05212,5.08,,,,0,,$480,
2022-10-19,Wed,PB 5/69+1/26 $2 (2015-10-07+),292201338,2,508,508,508,516,260.1,,,0,0,,powerball.com,46034534,4927837,50962371,23017267,0.07877,7.57,,,,0,,$508,
2022-10-22,Sat,PB 5/69+1/26 $2 (2015-10-07+),292201338,2,580,550,580,591,283.6,,,0,0,,powerball.com,70462566,7172632,77635198,35231283,0.12057,11.36,,,,0,,$550 $580,
2022-10-24,Mon,PB 5/69+1/26 $2 (2015-10-07+),292201338,2,625,610,625,638,305.9,,,0,0,,powerball.com,66776572,6610593,73387165,33388286,0.11426,10.80,,,,0,,$610 $625,
2022-10-26,Wed,PB 5/69+1/26 $2 (2015-10-07+),292201338,2,700,680,700,715,343.1,,,0,0,,powerball.com,111388660,10596524,121985184,55694330,0.19060,17.35,,,,0,,$680 $700,
2022-10-29,Sat,PB 5/69+1/26 $2 (2015-10-07+),292201338,2,825,800,825,822,408.9,,,0,0,,powerball.com,197077702,17967849,215045551,98538851,0.33723,28.63,,,,0,,$800 $825,
2022-10-31,Mon,PB 5/69+1/26 $2 (2015-10-07+),292201338,2,1000,1000,1000,999,496.9,,,0,0,,powerball.com,263321992,23607105,286929097,131660996,0.45058,36.27,36.3,,"AP (via CBS SF, 2022-11-03): 36.3% of combinations picked for Monday 10/31/22 ($1B) drawing",0,,$1 Billion,
2022-11-02,Wed,PB 5/69+1/26 $2 (2015-10-07+),292201338,2,1200,1200,1200,1250,620.4,,,0,0,,powerball.com,366180580,33338963,399519543,183090290,0.62659,46.56,46.6,,"AP (via CBS SF, 2022-11-03): 46.6% of the 292.2M combinations covered for the $1.2B (11/2/22) drawing",0,,$1.2 Billion,
2022-11-05,Sat,PB 5/69+1/26 $2 (2015-10-07+),292201338,2,1600,1500,1600,1660,810.2,,,0,0,,powerball.com,558539942,49609766,608149708,279269971,0.95575,61.55,62.0,,Fortune/AP 2022-11-07: coverage for Saturday 11/5/22 drawing had climbed to 62%,0,,$1.5 $1.6 Billion,
2022-11-07,Mon,PB 5/69+1/26 $2 (2015-10-07+),292201338,2,1900,1900,2040,2040,997.6,2040,997.6,1,1,CA,powerball.com,551846856,48739515,600586371,275923428,0.94429,61.10,,,,0,,$1.9 $2.04 Billion,drawing delayed to morning of 2022-11-08
2022-11-09,Wed,PB 5/69+1/26 $2 (2015-10-07+),292201338,2,20,20,20,32,15.7,,,0,0,,powerball.com,46109504,5616594,51726098,23054752,0.07890,7.59,,,,0,,$20,
2022-11-12,Sat,PB 5/69+1/26 $2 (2015-10-07+),292201338,2,47,47,47,51,25.8,,,0,0,,powerball.com,29737456,3951187,33688643,14868728,0.05089,4.96,,,,0,,$47,
2022-11-14,Mon,PB 5/69+1/26 $2 (2015-10-07+),292201338,2,59,59,59,63,31.6,,,0,0,,powerball.com,17015176,2381433,19396609,8507588,0.02912,2.87,,,,0,,$59,
2022-11-16,Wed,PB 5/69+1/26 $2 (2015-10-07+),292201338,2,76,76,76,76,38.1,,,0,0,,powerball.com,19322054,2685586,22007640,9661027,0.03306,3.25,,,,0,,$76,
2022-11-19,Sat,PB 5/69+1/26 $2 (2015-10-07+),292201338,2,93,93,92.9,93,47.3,,,1,1,KS,powerball.com,26934826,3545081,30479907,13467413,0.04609,4.50,,,,0,,$93 $92.9,
2022-11-21,Mon,PB 5/69+1/26 $2 (2015-10-07+),292201338,2,20,20,20,20,10.2,,,0,0,,powerball.com,13911550,1956236,15867786,6955775,0.02380,2.35,,,,0,,$20,
2022-11-23,Wed,PB 5/69+1/26 $2 (2015-10-07+),292201338,2,30,30,30,32,16.4,,,0,0,,powerball.com,18305856,2516849,20822705,9152928,0.03132,3.08,,,,0,,$30,
2022-11-26,Sat,PB 5/69+1/26 $2 (2015-10-07+),292201338,2,48,48,48,46,23.7,,,0,0,,powerball.com,21448726,2899664,24348390,10724363,0.03670,3.60,,,,0,,$48,
2022-11-28,Mon,PB 5/69+1/26 $2 (2015-10-07+),292201338,2,56,56,56,55,28.5,,,0,0,,powerball.com,14030532,2002227,16032759,7015266,0.02401,2.37,,,,0,,$56,
2022-11-30,Wed,PB 5/69+1/26 $2 (2015-10-07+),292201338,2,65,65,65,66,34.1,,,0,0,,powerball.com,16470676,2330814,18801490,8235338,0.02818,2.78,,,,0,,$65,
2022-12-03,Sat,PB 5/69+1/26 $2 (2015-10-07+),292201338,2,81,81,81,80,42.3,,,0,0,,powerball.com,24121516,3242382,27363898,12060758,0.04128,4.04,,,,0,,$81,
2022-12-05,Mon,PB 5/69+1/26 $2 (2015-10-07+),292201338,2,89,89,89,89,47.2,,,0,0,,powerball.com,14346430,2021462,16367892,7173215,0.02455,2.43,,,,0,,$89,
2022-12-07,Wed,PB 5/69+1/26 $2 (2015-10-07+),292201338,2,100,100,100,101,53.3,,,0,0,,powerball.com,18196538,2479672,20676210,9098269,0.03114,3.07,,,,0,,$100,
2022-12-10,Sat,PB 5/69+1/26 $2 (2015-10-07+),292201338,2,116,116,116,115,62.1,,,0,0,,powerball.com,25613420,3322172,28935592,12806710,0.04383,4.29,,,,0,,$116,
2022-12-12,Mon,PB 5/69+1/26 $2 (2015-10-07+),292201338,2,124,124,124,124,67.1,,,0,0,,powerball.com,15666080,2118966,17785046,7833040,0.02681,2.65,,,,0,,$124,
2022-12-14,Wed,PB 5/69+1/26 $2 (2015-10-07+),292201338,2,134,134,134,135,72.7,,,0,0,,powerball.com,18762858,2505117,21267975,9381429,0.03211,3.16,,,,0,,$134,
2022-12-17,Sat,PB 5/69+1/26 $2 (2015-10-07+),292201338,2,149,149,149,150,80.7,,,0,0,,powerball.com,26568000,3421208,29989208,13284000,0.04546,4.44,,,,0,,$149,
2022-12-19,Mon,PB 5/69+1/26 $2 (2015-10-07+),292201338,2,158,158,158,159,85.6,,,0,0,,powerball.com,16293226,2186171,18479397,8146613,0.02788,2.75,,,,0,,$158,
2022-12-21,Wed,PB 5/69+1/26 $2 (2015-10-07+),292201338,2,170,170,170,171,91.8,,,0,0,,powerball.com,20727660,2730464,23458124,10363830,0.03547,3.48,,,,0,,$170,
2022-12-24,Sat,PB 5/69+1/26 $2 (2015-10-07+),292201338,2,186,186,186,194,101.5,,,0,0,,powerball.com,32420758,3894377,36315135,16210379,0.05548,5.40,,,,0,,$186,
2022-12-26,Mon,PB 5/69+1/26 $2 (2015-10-07+),292201338,2,201,201,201,205,106.8,,,0,0,,powerball.com,17275696,2265729,19541425,8637848,0.02956,2.91,,,,0,,$201,
2022-12-28,Wed,PB 5/69+1/26 $2 (2015-10-07+),292201338,2,215,215,215,222,116,,,0,0,,powerball.com,27020776,3334401,30355177,13510388,0.04624,4.52,,,,0,,$215,
2022-12-31,Sat,PB 5/69+1/26 $2 (2015-10-07+),292201338,2,246,246,246,259,131.6,,,0,0,,powerball.com,46016634,5363724,51380358,23008317,0.07874,7.57,,,,0,,$246,
2023-01-02,Mon,PB 5/69+1/26 $2 (2015-10-07+),292201338,2,265,265,265,275,139.6,,,0,0,,powerball.com,23626690,2935696,26562386,11813345,0.04043,3.96,,,,0,,$265,
2023-01-04,Wed,PB 5/69+1/26 $2 (2015-10-07+),292201338,2,291,291,291,296,150.5,,,0,0,,powerball.com,32137216,3857654,35994870,16068608,0.05499,5.35,,,,0,,$291,
2023-01-07,Sat,PB 5/69+1/26 $2 (2015-10-07+),292201338,2,325,325,325,321,168,,,0,0,,powerball.com,51567424,5842593,57410017,25783712,0.08824,8.45,,,,0,,$325,
2023-01-09,Mon,PB 5/69+1/26 $2 (2015-10-07+),292201338,2,340,340,340,341,178.9,,,0,0,,powerball.com,32102758,3818831,35921589,16051379,0.05493,5.35,,,,0,,$340,
2023-01-11,Wed,PB 5/69+1/26 $2 (2015-10-07+),292201338,2,360,360,360,368,192.7,,,0,0,,powerball.com,40515398,4763070,45278468,20257699,0.06933,6.70,,,,0,,$360,
2023-01-14,Sat,PB 5/69+1/26 $2 (2015-10-07+),292201338,2,404,404,404,397,214.8,,,0,0,,powerball.com,65100880,7183790,72284670,32550440,0.11140,10.54,,,,0,,$404,
2023-01-16,Mon,PB 5/69+1/26 $2 (2015-10-07+),292201338,2,416,416,416,417,225.4,,,0,0,,powerball.com,30965038,3693997,34659035,15482519,0.05299,5.16,,,,0,,$416,
2023-01-18,Wed,PB 5/69+1/26 $2 (2015-10-07+),292201338,2,439,439,439,441,238.5,,,0,0,,powerball.com,38598782,4438918,43037700,19299391,0.06605,6.39,,,,0,,$439,
2023-01-21,Sat,PB 5/69+1/26 $2 (2015-10-07+),292201338,2,473,473,473,477,257.4,,,0,0,,powerball.com,55592238,6121651,61713889,27796119,0.09513,9.07,,,,0,,$473,
2023-01-23,Mon,PB 5/69+1/26 $2 (2015-10-07+),292201338,2,502,502,502,501,270.3,,,0,0,,powerball.com,38015492,4294291,42309783,19007746,0.06505,6.30,,,,0,,$502,
2023-01-25,Wed,PB 5/69+1/26 $2 (2015-10-07+),292201338,2,526,526,526,530,286.2,,,0,0,,powerball.com,46745988,5169172,51915160,23372994,0.07999,7.69,,,,0,,$526,
2023-01-28,Sat,PB 5/69+1/26 $2 (2015-10-07+),292201338,2,572,572,572,577,309.4,,,0,0,,powerball.com,68295498,7249048,75544546,34147749,0.11686,11.03,,,,0,,$572,
2023-01-30,Mon,PB 5/69+1/26 $2 (2015-10-07+),292201338,2,613,613,613,607,325.6,,,0,0,,powerball.com,47533734,5179679,52713413,23766867,0.08134,7.81,,,,0,,$613,
2023-02-01,Wed,PB 5/69+1/26 $2 (2015-10-07+),292201338,2,653,653,653,646,346.8,,,0,0,,powerball.com,62431620,6514768,68946388,31215810,0.10683,10.13,,,,0,,$653,
2023-02-04,Sat,PB 5/69+1/26 $2 (2015-10-07+),292201338,2,700,700,700,704,380.1,,,0,0,,powerball.com,97962628,9931250,107893878,48981314,0.16763,15.43,,,,0,,$700,
2023-02-06,Mon,PB 5/69+1/26 $2 (2015-10-07+),292201338,2,747,747,747,755,407.2,754.6,407.2,1,1,WA,powerball.com,79585614,7984983,87570597,39792807,0.13618,12.73,,,,0,,$747,
2023-02-08,Wed,PB 5/69+1/26 $2 (2015-10-07+),292201338,2,20,20,20,20,10.8,,,0,0,,powerball.com,19769974,2611283,22381257,9884987,0.03383,3.33,,,,0,,$20,
2023-02-11,Sat,PB 5/69+1/26 $2 (2015-10-07+),292201338,2,34,34,34,37,19.5,,,0,0,,powerball.com,25614208,3357910,28972118,12807104,0.04383,4.29,,,,0,,$34,
2023-02-13,Mon,PB 5/69+1/26 $2 (2015-10-07+),292201338,2,45,45,45,47,24.7,,,0,0,,powerball.com,15201586,2107114,17308700,7600793,0.02601,2.57,,,,0,,$45,
2023-02-15,Wed,PB 5/69+1/26 $2 (2015-10-07+),292201338,2,57,57,57,58,30.8,,,0,0,,powerball.com,18097494,2491603,20589097,9048747,0.03097,3.05,,,,0,,$57,
2023-02-18,Sat,PB 5/69+1/26 $2 (2015-10-07+),292201338,2,73,73,73,78,39.7,,,0,0,,powerball.com,26213678,3453925,29667603,13106839,0.04486,4.39,,,,0,,$73,
2023-02-20,Mon,PB 5/69+1/26 $2 (2015-10-07+),292201338,2,87,87,87,88,45.2,,,0,0,,powerball.com,16078804,2213447,18292251,8039402,0.02751,2.71,,,,0,,$87,
2023-02-22,Wed,PB 5/69+1/26 $2 (2015-10-07+),292201338,2,100,100,100,102,52.1,,,0,0,,powerball.com,20248448,2703556,22952004,10124224,0.03465,3.41,,,,0,,$100,
2023-02-25,Sat,PB 5/69+1/26 $2 (2015-10-07+),292201338,2,119,119,119,121,61.8,,,0,0,,powerball.com,28585302,3691926,32277228,14292651,0.04891,4.77,,,,0,,$119,
2023-02-27,Mon,PB 5/69+1/26 $2 (2015-10-07+),292201338,2,131,131,131,132,67.2,,,0,0,,powerball.com,17998308,2411073,20409381,8999154,0.03080,3.03,,,,0,,$131,
2023-03-01,Wed,PB 5/69+1/26 $2 (2015-10-07+),292201338,2,143,143,143,144,73.5,,,0,0,,powerball.com,21217054,2824681,24041735,10608527,0.03631,3.57,,,,0,,$143,
2023-03-04,Sat,PB 5/69+1/26 $2 (2015-10-07+),292201338,2,161,161,162.6,163,82.7,,,1,1,VA,powerball.com,30430438,3843716,34274154,15215219,0.05207,5.07,,,,0,,$161 $162.6,
2023-03-06,Mon,PB 5/69+1/26 $2 (2015-10-07+),292201338,2,20,20,20,20,10.2,,,0,0,,powerball.com,13136438,1866406,15002844,6568219,0.02248,2.22,,,,0,,$20,
2023-03-08,Wed,PB 5/69+1/26 $2 (2015-10-07+),292201338,2,31,31,31,31,15.5,,,0,0,,powerball.com,15728942,2219713,17948655,7864471,0.02691,2.66,,,,0,,$31,
2023-03-11,Sat,PB 5/69+1/26 $2 (2015-10-07+),292201338,2,45,45,45,44,23.3,,,0,0,,powerball.com,22974232,3072720,26046952,11487116,0.03931,3.85,,,,0,,$45,
2023-03-13,Mon,PB 5/69+1/26 $2 (2015-10-07+),292201338,2,52,52,52,53,28,,,0,0,,powerball.com,13588642,1905897,15494539,6794321,0.02325,2.30,,,,0,,$52,
2023-03-15,Wed,PB 5/69+1/26 $2 (2015-10-07+),292201338,2,63,63,63,64,33.5,,,0,0,,powerball.com,16273664,2284629,18558293,8136832,0.02785,2.75,,,,0,,$63,
2023-03-18,Sat,PB 5/69+1/26 $2 (2015-10-07+),292201338,2,78,78,78,77,41.5,,,0,0,,powerball.com,23714174,3135768,26849942,11857087,0.04058,3.98,,,,0,,$78,
2023-03-20,Mon,PB 5/69+1/26 $2 (2015-10-07+),292201338,2,86,86,86,86,46.4,,,0,0,,powerball.com,14260568,1977560,16238128,7130284,0.02440,2.41,,,,0,,$86,
2023-03-22,Wed,PB 5/69+1/26 $2 (2015-10-07+),292201338,2,96,96,96,97,52.2,,,0,0,,powerball.com,17140160,2361245,19501405,8570080,0.02933,2.89,,,,0,,$96,
2023-03-25,Sat,PB 5/69+1/26 $2 (2015-10-07+),292201338,2,112,112,112,113,60.9,,,0,0,,powerball.com,25602336,3279865,28882201,12801168,0.04381,4.29,,,,0,,$112,
2023-03-27,Mon,PB 5/69+1/26 $2 (2015-10-07+),292201338,2,122,122,122,122,66.1,,,0,0,,powerball.com,15709262,2090535,17799797,7854631,0.02688,2.65,,,,0,,$122,
2023-03-29,Wed,PB 5/69+1/26 $2 (2015-10-07+),292201338,2,132,132,132,133,71.7,,,0,0,,powerball.com,18486630,2465620,20952250,9243315,0.03163,3.11,,,,0,,$132,
2023-04-01,Sat,PB 5/69+1/26 $2 (2015-10-07+),292201338,2,147,147,147,150,79.8,,,0,0,,powerball.com,27266330,3477450,30743780,13633165,0.04666,4.56,,,,0,,$147,
2023-04-03,Mon,PB 5/69+1/26 $2 (2015-10-07+),292201338,2,159,159,159,160,84.8,,,0,0,,powerball.com,16677834,2230633,18908467,8338917,0.02854,2.81,,,,0,,$159,
2023-04-05,Wed,PB 5/69+1/26 $2 (2015-10-07+),292201338,2,170,170,170,170,90.6,,,0,0,,powerball.com,19226554,2545477,21772031,9613277,0.03290,3.24,,,,0,,$170,
2023-04-08,Sat,PB 5/69+1/26 $2 (2015-10-07+),292201338,2,186,186,186,182,99.2,,,0,0,,powerball.com,28450002,3511270,31961272,14225001,0.04868,4.75,,,,0,,$186,
2023-04-10,Mon,PB 5/69+1/26 $2 (2015-10-07+),292201338,2,192,192,192,191,104.2,,,0,0,,powerball.com,16724846,2194906,18919752,8362423,0.02862,2.82,,,,0,,$192,
2023-04-12,Wed,PB 5/69+1/26 $2 (2015-10-07+),292201338,2,202,202,202,202,110.5,,,0,0,,powerball.com,21150810,2723179,23873989,10575405,0.03619,3.55,,,,0,,$202,
2023-04-15,Sat,PB 5/69+1/26 $2 (2015-10-07+),292201338,2,219,219,219,225,119.7,,,0,0,,powerball.com,30584908,3728891,34313799,15292454,0.05234,5.10,,,,0,,$219,
2023-04-17,Mon,PB 5/69+1/26 $2 (2015-10-07+),292201338,2,235,239,239,237,126.5,,,0,0,,powerball.com,19958812,2491644,22450456,9979406,0.03415,3.36,,,,0,,$239,
2023-04-19,Wed,PB 5/69+1/26 $2 (2015-10-07+),292201338,2,251,252.6,252.6,253,134.7,,,1,1,OH,powerball.com,24137170,2973391,27110561,12068585,0.04130,4.05,,,,0,,$252.6,
2023-04-22,Sat,PB 5/69+1/26 $2 (2015-10-07+),292201338,2,20,20,20,20,10.6,,,0,0,,powerball.com,21171482,2803568,23975050,10585741,0.03623,3.56,,,,0,,$20,
2023-04-24,Mon,PB 5/69+1/26 $2 (2015-10-07+),292201338,2,28,28,28,28,15,,,0,0,,powerball.com,12731852,1768777,14500629,6365926,0.02179,2.16,,,,0,,$28,
2023-04-26,Wed,PB 5/69+1/26 $2 (2015-10-07+),292201338,2,37,37,37,38,20.2,,,0,0,,powerball.com,15423526,2129943,17553469,7711763,0.02639,2.60,,,,0,,$37,
2023-04-29,Sat,PB 5/69+1/26 $2 (2015-10-07+),292201338,2,51,51,51,52,28,,,0,0,,powerball.com,23083576,3025095,26108671,11541788,0.03950,3.87,,,,0,,$51,
2023-05-01,Mon,PB 5/69+1/26 $2 (2015-10-07+),292201338,2,60,60,60,61,32.9,,,0,0,,powerball.com,14414700,1967828,16382528,7207350,0.02467,2.44,,,,0,,$60,
2023-05-03,Wed,PB 5/69+1/26 $2 (2015-10-07+),292201338,2,71,71,71,72,38.8,,,0,0,,powerball.com,17319518,2337591,19657109,8659759,0.02964,2.92,,,,0,,$71,
2023-05-06,Sat,PB 5/69+1/26 $2 (2015-10-07+),292201338,2,87,87,87,88,47.2,,,0,0,,powerball.com,24668806,3145242,27814048,12334403,0.04221,4.13,,,,0,,$87,
2023-05-08,Mon,PB 5/69+1/26 $2 (2015-10-07+),292201338,2,97,97,97,98,52.4,,,0,0,,powerball.com,15309084,2025091,17334175,7654542,0.02620,2.59,,,,0,,$97,
2023-05-10,Wed,PB 5/69+1/26 $2 (2015-10-07+),292201338,2,109,109,109,109,58.8,,,0,0,,powerball.com,18657734,2420014,21077748,9328867,0.03193,3.14,,,,0,,$109,
2023-05-13,Sat,PB 5/69+1/26 $2 (2015-10-07+),292201338,2,125,125,125,126,67.6,,,0,0,,powerball.com,27114778,3374403,30489181,13557389,0.04640,4.53,,,,0,,$125,
2023-05-15,Mon,PB 5/69+1/26 $2 (2015-10-07+),292201338,2,135,135,135,135,72.5,,,0,0,,powerball.com,16440602,2132214,18572816,8220301,0.02813,2.77,,,,0,,$135,
2023-05-17,Wed,PB 5/69+1/26 $2 (2015-10-07+),292201338,2,146,146,146,146,78.3,,,0,0,,powerball.com,19388766,2504027,21892793,9694383,0.03318,3.26,,,,0,,$146,
2023-05-20,Sat,PB 5/69+1/26 $2 (2015-10-07+),292201338,2,162,162,162,169,86.6,,,0,0,,powerball.com,27743830,3390953,31134783,13871915,0.04747,4.64,,,,0,,$162,
2023-05-22,Mon,PB 5/69+1/26 $2 (2015-10-07+),292201338,2,179,179,179,179,91.9,,,0,0,,powerball.com,17029294,2158506,19187800,8514647,0.02914,2.87,,,,0,,$179,
2023-05-24,Wed,PB 5/69+1/26 $2 (2015-10-07+),292201338,2,190,190,190,192,98.7,,,0,0,,powerball.com,20258334,2555421,22813755,10129167,0.03467,3.41,,,,0,,$190,
2023-05-27,Sat,PB 5/69+1/26 $2 (2015-10-07+),292201338,2,211,211,211,215,109.1,,,0,0,,powerball.com,30334250,3615895,33950145,15167125,0.05191,5.06,,,,0,,$211,
2023-05-29,Mon,PB 5/69+1/26 $2 (2015-10-07+),292201338,2,226,226,226,226,114.9,,,0,0,,powerball.com,17085688,2139403,19225091,8542844,0.02924,2.88,,,,0,,$226,
2023-05-31,Wed,PB 5/69+1/26 $2 (2015-10-07+),292201338,2,239,239,239,241,122.5,,,0,0,,powerball.com,22340696,2747811,25088507,11170348,0.03823,3.75,,,,0,,$239,
2023-06-03,Sat,PB 5/69+1/26 $2 (2015-10-07+),292201338,2,262,262,262,257,133.6,,,0,0,,powerball.com,32669946,3836142,36506088,16334973,0.05590,5.44,,,,0,,$262,
2023-06-05,Mon,PB 5/69+1/26 $2 (2015-10-07+),292201338,2,269,269,269,270,140.3,,,0,0,,powerball.com,19859934,2422532,22282466,9929967,0.03398,3.34,,,,0,,$269,
2023-06-07,Wed,PB 5/69+1/26 $2 (2015-10-07+),292201338,2,285,285,285,285,148.2,,,0,0,,powerball.com,23101890,2788580,25890470,11550945,0.03953,3.88,,,,0,,$285,
2023-06-10,Sat,PB 5/69+1/26 $2 (2015-10-07+),292201338,2,308,308,308,310,160.1,,,0,0,,powerball.com,35017240,3997341,39014581,17508620,0.05992,5.82,,,,0,,$308,
2023-06-12,Mon,PB 5/69+1/26 $2 (2015-10-07+),292201338,2,324,324,324,325,167.5,,,0,0,,powerball.com,21843690,2611135,24454825,10921845,0.03738,3.67,,,,0,,$324,
2023-06-14,Wed,PB 5/69+1/26 $2 (2015-10-07+),292201338,2,340,340,340,342,176.3,,,0,0,,powerball.com,25936844,3069432,29006276,12968422,0.04438,4.34,,,,0,,$340,
2023-06-17,Sat,PB 5/69+1/26 $2 (2015-10-07+),292201338,2,366,366,366,365,189.2,,,0,0,,powerball.com,37832746,4259636,42092382,18916373,0.06474,6.27,,,,0,,$366,
2023-06-19,Mon,PB 5/69+1/26 $2 (2015-10-07+),292201338,2,380,380,380,381,197.2,,,0,0,,powerball.com,23390724,2719169,26109893,11695362,0.04003,3.92,,,,0,,$380,
2023-06-21,Wed,PB 5/69+1/26 $2 (2015-10-07+),292201338,2,400,400,400,401,207.4,,,0,0,,powerball.com,30202674,3489233,33691907,15101337,0.05168,5.04,,,,0,,$400,
2023-06-24,Sat,PB 5/69+1/26 $2 (2015-10-07+),292201338,2,427,427,427,424,222.3,,,0,0,,powerball.com,43684074,4836579,48520653,21842037,0.07475,7.20,,,,0,,$427,
2023-06-26,Mon,PB 5/69+1/26 $2 (2015-10-07+),292201338,2,440,440,440,442,231.6,,,0,0,,powerball.com,27417914,3180943,30598857,13708957,0.04692,4.58,,,,0,,$440,
2023-06-28,Wed,PB 5/69+1/26 $2 (2015-10-07+),292201338,2,462,462,462,464,242.8,,,0,0,,powerball.com,32878326,3804369,36682695,16439163,0.05626,5.47,,,,0,,$462,
2023-07-01,Sat,PB 5/69+1/26 $2 (2015-10-07+),292201338,2,493,493,493,502,259.5,,,0,0,,powerball.com,49162842,5479288,54642130,24581421,0.08412,8.07,,,,0,,$493,
2023-07-03,Mon,PB 5/69+1/26 $2 (2015-10-07+),292201338,2,522,522,522,528,272.8,,,0,0,,powerball.com,39082756,4397230,43479986,19541378,0.06688,6.47,,,,0,,$522,
2023-07-05,Wed,PB 5/69+1/26 $2 (2015-10-07+),292201338,2,546,546,546,556,287.8,,,0,0,,powerball.com,43971202,4951759,48922961,21985601,0.07524,7.25,,,,0,,$546,
2023-07-08,Sat,PB 5/69+1/26 $2 (2015-10-07+),292201338,2,615,590,615,631,318.4,,,0,0,,powerball.com,90594722,9308632,99903354,45297361,0.15502,14.36,,,,0,,$590 $615,
2023-07-10,Mon,PB 5/69+1/26 $2 (2015-10-07+),292201338,2,675,650,675,681,343.8,,,0,0,,powerball.com,75038572,7749983,82788555,37519286,0.12840,12.05,,,,0,,$650 $675,
2023-07-12,Wed,PB 5/69+1/26 $2 (2015-10-07+),292201338,2,750,725,750,746,376.9,,,0,0,,powerball.com,97673974,9975333,107649307,48836987,0.16713,15.39,,,,0,,$725 $750,
2023-07-15,Sat,PB 5/69+1/26 $2 (2015-10-07+),292201338,2,875,875,829,829,428.6,,,0,0,,powerball.com,152749722,15073270,167822992,76374861,0.26138,23.00,,,,0,,$875 $829,
2023-07-17,Mon,PB 5/69+1/26 $2 (2015-10-07+),292201338,2,900,900,900,922,476.5,,,0,0,,powerball.com,141352742,13955174,155307916,70676371,0.24188,21.48,,,,0,,$900,
2023-07-19,Wed,PB 5/69+1/26 $2 (2015-10-07+),292201338,2,1000,1000,1000,1080,558.1,1080,558.1,1,1,CA,powerball.com,240717270,23669421,264386691,120358635,0.41190,33.76,,,,0,,$1 B,
2023-07-22,Sat,PB 5/69+1/26 $2 (2015-10-07+),292201338,2,20,20,20,21,10.8,,,0,0,,powerball.com,31824578,4005163,35829741,15912289,0.05446,5.30,,,,0,,$20,
2023-07-24,Mon,PB 5/69+1/26 $2 (2015-10-07+),292201338,2,28,28,28,32,16.6,,,0,0,,powerball.com,17023904,2294047,19317951,8511952,0.02913,2.87,,,,0,,$28,
2023-07-26,Wed,PB 5/69+1/26 $2 (2015-10-07+),292201338,2,41,41,41,46,23.8,,,0,0,,powerball.com,21221120,2786162,24007282,10610560,0.03631,3.57,,,,0,,$41,
2023-07-29,Sat,PB 5/69+1/26 $2 (2015-10-07+),292201338,2,60,60,60,69,34.7,,,0,0,,powerball.com,31976268,4033632,36009900,15988134,0.05472,5.32,,,,0,,$60,
2023-07-31,Mon,PB 5/69+1/26 $2 (2015-10-07+),292201338,2,74,74,74,83,41.9,,,0,0,,powerball.com,21060326,2781215,23841541,10530163,0.03604,3.54,,,,0,,$74,
2023-08-02,Wed,PB 5/69+1/26 $2 (2015-10-07+),292201338,2,95,95,95,102,51.7,,,0,0,,powerball.com,28927868,3684093,32611961,14463934,0.04950,4.83,,,,0,,$95,
2023-08-05,Sat,PB 5/69+1/26 $2 (2015-10-07+),292201338,2,124,124,124,136,66.8,,,0,0,,powerball.com,44325386,5339323,49664709,22162693,0.07585,7.30,,,,0,,$124,
2023-08-07,Mon,PB 5/69+1/26 $2 (2015-10-07+),292201338,2,145,145,145,155,76,,,0,0,,powerball.com,27298470,3444864,30743334,13649235,0.04671,4.56,,,,0,,$145,
2023-08-09,Wed,PB 5/69+1/26 $2 (2015-10-07+),292201338,2,170,170,170,178,87.2,,,0,0,,powerball.com,32979038,3979027,36958065,16489519,0.05643,5.49,,,,0,,$170,
2023-08-12,Sat,PB 5/69+1/26 $2 (2015-10-07+),292201338,2,194,194,194,204,100,,,0,0,,powerball.com,37718640,4563139,42281779,18859320,0.06454,6.25,,,,0,,$194,
2023-08-14,Mon,PB 5/69+1/26 $2 (2015-10-07+),292201338,2,215,215,215,220,108.2,,,0,0,,powerball.com,24041658,3014821,27056479,12020829,0.04114,4.03,,,,0,,$215,
2023-08-16,Wed,PB 5/69+1/26 $2 (2015-10-07+),292201338,2,236,236,236,239,118,,,0,0,,powerball.com,28861496,3546029,32407525,14430748,0.04939,4.82,,,,0,,$236,
2023-08-19,Sat,PB 5/69+1/26 $2 (2015-10-07+),292201338,2,264,264,264,275,131.8,,,0,0,,powerball.com,40899844,4779692,45679536,20449922,0.06999,6.76,,,,0,,$264,
2023-08-21,Mon,PB 5/69+1/26 $2 (2015-10-07+),292201338,2,291,291,291,293,140.5,,,0,0,,powerball.com,25665004,3157735,28822739,12832502,0.04392,4.30,,,,0,,$291,
2023-08-23,Wed,PB 5/69+1/26 $2 (2015-10-07+),292201338,2,313,313,313,315,151.1,,,0,0,,powerball.com,31269544,3741271,35010815,15634772,0.05351,5.21,,,,0,,$313,
2023-08-26,Sat,PB 5/69+1/26 $2 (2015-10-07+),292201338,2,345,345,345,345,165.8,,,0,0,,powerball.com,43420358,4955603,48375961,21710179,0.07430,7.16,,,,0,,$345,
2023-08-28,Mon,PB 5/69+1/26 $2 (2015-10-07+),292201338,2,363,363,363,364,175.3,,,0,0,,powerball.com,28061404,3336105,31397509,14030702,0.04802,4.69,,,,0,,$363,
2023-08-30,Wed,PB 5/69+1/26 $2 (2015-10-07+),292201338,2,386,386,386,387,186.3,,,0,0,,powerball.com,32508310,3793848,36302158,16254155,0.05563,5.41,,,,0,,$386,
2023-09-02,Sat,PB 5/69+1/26 $2 (2015-10-07+),292201338,2,420,420,420,419,202.8,,,0,0,,powerball.com,48913912,5479722,54393634,24456956,0.08370,8.03,,,,0,,$420,
2023-09-04,Mon,PB 5/69+1/26 $2 (2015-10-07+),292201338,2,435,435,435,438,212.3,,,0,0,,powerball.com,27985582,3333586,31319168,13992791,0.04789,4.68,,,,0,,$435,
2023-09-06,Wed,PB 5/69+1/26 $2 (2015-10-07+),292201338,2,461,461,461,463,224.5,,,0,0,,powerball.com,35939466,4178976,40118442,17969733,0.06150,5.96,,,,0,,$461,
2023-09-09,Sat,PB 5/69+1/26 $2 (2015-10-07+),292201338,2,500,500,500,502,242.7,,,0,0,,powerball.com,53684174,5908880,59593054,26842087,0.09186,8.78,,,,0,,$500,
2023-09-11,Mon,PB 5/69+1/26 $2 (2015-10-07+),292201338,2,522,522,522,527,254.9,,,0,0,,powerball.com,36054066,4103713,40157779,18027033,0.06169,5.98,,,,0,,$522,
2023-09-13,Wed,PB 5/69+1/26 $2 (2015-10-07+),292201338,2,550,550,550,557,269.5,,,0,0,,powerball.com,43178314,4819492,47997806,21589157,0.07388,7.12,,,,0,,$550,
2023-09-16,Sat,PB 5/69+1/26 $2 (2015-10-07+),292201338,2,596,596,596,608,289.9,,,0,0,,powerball.com,60455554,6547260,67002814,30227777,0.10345,9.83,,,,0,,$596,
2023-09-18,Mon,PB 5/69+1/26 $2 (2015-10-07+),292201338,2,638,638,638,639,304.7,,,0,0,,powerball.com,43475072,4792476,48267548,21737536,0.07439,7.17,,,,0,,$638,
2023-09-20,Wed,PB 5/69+1/26 $2 (2015-10-07+),292201338,2,672,672,672,677,322.9,,,0,0,,powerball.com,53800630,5795919,59596549,26900315,0.09206,8.80,,,,0,,$672,
2023-09-23,Sat,PB 5/69+1/26 $2 (2015-10-07+),292201338,2,750,725,750,748,349.9,,,0,0,,powerball.com,79717540,8264745,87982285,39858770,0.13641,12.75,,,,0,,$725 $750,
2023-09-25,Mon,PB 5/69+1/26 $2 (2015-10-07+),292201338,2,785,785,785,794,371,,,0,0,,powerball.com,62431608,6498489,68930097,31215804,0.10683,10.13,,,,0,,$785,
2023-09-27,Wed,PB 5/69+1/26 $2 (2015-10-07+),292201338,2,850,835,850,856,400.2,,,0,0,,powerball.com,86133114,8705135,94838249,43066557,0.14739,13.70,,,,0,,$835 $850,
2023-09-30,Sat,PB 5/69+1/26 $2 (2015-10-07+),292201338,2,960,925,960,969,445.4,,,0,0,,powerball.com,132789220,13141569,145930789,66394610,0.22722,20.33,,,,0,,$925 $960,
2023-10-02,Mon,PB 5/69+1/26 $2 (2015-10-07+),292201338,2,1040,1040,1040,1070,490.2,,,0,0,,powerball.com,132679996,13148852,145828848,66339998,0.22704,20.31,,,,0,,$1.040 B,
2023-10-04,Wed,PB 5/69+1/26 $2 (2015-10-07+),292201338,2,1200,1200,1200,1190,548,,,0,0,,powerball.com,170736364,16541293,187277657,85368182,0.29216,25.33,,,,0,,$1.20 B,
2023-10-07,Sat,PB 5/69+1/26 $2 (2015-10-07+),292201338,2,1400,1400,1400,1420,623.9,,,0,0,,powerball.com,230840180,22080253,252920433,115420090,0.39500,32.63,,,,0,,$1.40 B,
2023-10-09,Mon,PB 5/69+1/26 $2 (2015-10-07+),292201338,2,1550,1550,1550,1570,686.5,,,0,0,,powerball.com,186354714,18181373,204536087,93177357,0.31888,27.30,,,,0,,$1.55 B,
2023-10-11,Wed,PB 5/69+1/26 $2 (2015-10-07+),292201338,2,1720,1764,1764,1760,774.1,1765,774.1,1,1,CA,powerball.com,258496088,24769573,283265661,129248044,0.44233,35.75,,,,0,,$1.764 B,
2023-10-14,Sat,PB 5/69+1/26 $2 (2015-10-07+),292201338,2,20,20,20,23,10.3,,,0,0,,powerball.com,30383978,3967049,34351027,15191989,0.05199,5.07,,,,0,,$20,
2023-10-16,Mon,PB 5/69+1/26 $2 (2015-10-07+),292201338,2,34,34,34,35,16,,,0,0,,powerball.com,16673960,2317218,18991178,8336980,0.02853,2.81,,,,0,,$34,
2023-10-18,Wed,PB 5/69+1/26 $2 (2015-10-07+),292201338,2,49,49,49,50,22.6,,,0,0,,powerball.com,19479414,2684416,22163830,9739707,0.03333,3.28,,,,0,,$49,
2023-10-21,Sat,PB 5/69+1/26 $2 (2015-10-07+),292201338,2,70,70,70,73,31.9,,,0,0,,powerball.com,27148946,3561477,30710423,13574473,0.04646,4.54,,,,0,,$70,
2023-10-23,Mon,PB 5/69+1/26 $2 (2015-10-07+),292201338,2,85,85,85,87,37.7,,,0,0,,powerball.com,17235986,2364320,19600306,8617993,0.02949,2.91,,,,0,,$85,
2023-10-25,Wed,PB 5/69+1/26 $2 (2015-10-07+),292201338,2,100,100,100,103,44.9,,,0,0,,powerball.com,21190722,2845817,24036539,10595361,0.03626,3.56,,,,0,,$100,
2023-10-28,Sat,PB 5/69+1/26 $2 (2015-10-07+),292201338,2,125,125,125,125,54.8,,,0,0,,powerball.com,29395392,3731869,33127261,14697696,0.05030,4.91,,,,0,,$125,
2023-10-30,Mon,PB 5/69+1/26 $2 (2015-10-07+),292201338,2,137,137,137,138,60.7,,,0,0,,powerball.com,18466968,2469550,20936518,9233484,0.03160,3.11,,,,0,,$137,
2023-11-01,Wed,PB 5/69+1/26 $2 (2015-10-07+),292201338,2,152,152,152,154,67.6,,,0,0,,powerball.com,21608742,2876833,24485575,10804371,0.03698,3.63,,,,0,,$152,
2023-11-04,Sat,PB 5/69+1/26 $2 (2015-10-07+),292201338,2,173,173,173,169,77.5,,,0,0,,powerball.com,30934696,3903559,34838255,15467348,0.05293,5.16,,,,0,,$173,
2023-11-06,Mon,PB 5/69+1/26 $2 (2015-10-07+),292201338,2,179,179,179,182,83.7,,,0,0,,powerball.com,19352594,2557560,21910154,9676297,0.03312,3.26,,,,0,,$179,
2023-11-08,Wed,PB 5/69+1/26 $2 (2015-10-07+),292201338,2,196,196,196,198,91.1,,,0,0,,powerball.com,22948064,2980459,25928523,11474032,0.03927,3.85,,,,0,,$196,
2023-11-11,Sat,PB 5/69+1/26 $2 (2015-10-07+),292201338,2,220,220,220,223,102.2,,,0,0,,powerball.com,33095478,4049866,37145344,16547739,0.05663,5.51,,,,0,,$220,
2023-11-13,Mon,PB 5/69+1/26 $2 (2015-10-07+),292201338,2,235,235,235,238,109.2,,,0,0,,powerball.com,20613446,2670690,23284136,10306723,0.03527,3.47,,,,0,,$235,
2023-11-15,Wed,PB 5/69+1/26 $2 (2015-10-07+),292201338,2,255,255,255,255,117.2,,,0,0,,powerball.com,23592034,3031570,26623604,11796017,0.04037,3.96,,,,0,,$255,
2023-11-18,Sat,PB 5/69+1/26 $2 (2015-10-07+),292201338,2,280,280,280,280,128.6,,,0,0,,powerball.com,33743538,4099046,37842584,16871769,0.05774,5.61,,,,0,,$280,
2023-11-20,Mon,PB 5/69+1/26 $2 (2015-10-07+),292201338,2,295,295,295,296,136,,,0,0,,powerball.com,21733480,2735809,24469289,10866740,0.03719,3.65,,,,0,,$295,
2023-11-22,Wed,PB 5/69+1/26 $2 (2015-10-07+),292201338,2,313,313,313,316,145.6,,,0,0,,powerball.com,28456860,3502198,31959058,14228430,0.04869,4.75,,,,0,,$313,
2023-11-25,Sat,PB 5/69+1/26 $2 (2015-10-07+),292201338,2,340,340,340,338,156.8,,,0,0,,powerball.com,32925230,3998220,36923450,16462615,0.05634,5.48,,,,0,,$340,
2023-11-27,Mon,PB 5/69+1/26 $2 (2015-10-07+),292201338,2,352,352,352,355,164.6,,,0,0,,powerball.com,23147384,2874750,26022134,11573692,0.03961,3.88,,,,0,,$352,
2023-11-29,Wed,PB 5/69+1/26 $2 (2015-10-07+),292201338,2,374,374,374,374,173.5,,,0,0,,powerball.com,26276894,3250866,29527760,13138447,0.04496,4.40,,,,0,,$374,
2023-12-02,Sat,PB 5/69+1/26 $2 (2015-10-07+),292201338,2,400,400,400,398,187.2,,,0,0,,powerball.com,40347156,4726797,45073953,20173578,0.06904,6.67,,,,0,,$400,
2023-12-04,Mon,PB 5/69+1/26 $2 (2015-10-07+),292201338,2,412,412,412,416,195.9,,,0,0,,powerball.com,25822658,3152000,28974658,12911329,0.04419,4.32,,,,0,,$412,
2023-12-06,Wed,PB 5/69+1/26 $2 (2015-10-07+),292201338,2,435,435,435,437,205.9,,,0,0,,powerball.com,29567190,3585157,33152347,14783595,0.05059,4.93,,,,0,,$435,
2023-12-09,Sat,PB 5/69+1/26 $2 (2015-10-07+),292201338,2,468,468,468,458,220.4,,,0,0,,powerball.com,42838810,4905984,47744794,21419405,0.07330,7.07,,,,0,,$468,
2023-12-11,Mon,PB 5/69+1/26 $2 (2015-10-07+),292201338,2,477,477,477,478,230,,,0,0,,powerball.com,28391968,3372974,31764942,14195984,0.04858,4.74,,,,0,,$477,
2023-12-13,Wed,PB 5/69+1/26 $2 (2015-10-07+),292201338,2,500,500,500,504,242.7,,,0,0,,powerball.com,37416138,4265580,41681718,18708069,0.06402,6.20,,,,0,,$500,
2023-12-16,Sat,PB 5/69+1/26 $2 (2015-10-07+),292201338,2,535,535,535,520,260.7,,,0,0,,powerball.com,53107604,5806394,58913998,26553802,0.09088,8.69,,,,0,,$535,
2023-12-18,Mon,PB 5/69+1/26 $2 (2015-10-07+),292201338,2,543,543,543,544,272.9,,,0,0,,powerball.com,36108338,4117453,40225791,18054169,0.06179,5.99,,,,0,,$543,
2023-12-20,Wed,PB 5/69+1/26 $2 (2015-10-07+),292201338,2,572,572,572,576,288.6,,,0,0,,powerball.com,46495528,5130874,51626402,23247764,0.07956,7.65,,,,0,,$572,
2023-12-23,Sat,PB 5/69+1/26 $2 (2015-10-07+),292201338,2,620,620,620,626,315.3,,,0,0,,powerball.com,78684874,8122829,86807703,39342437,0.13464,12.60,,,,0,,$620,LottoReport parse: date typo on source '12/23/24' -> 2023-12-23
2023-12-25,Mon,PB 5/69+1/26 $2 (2015-10-07+),292201338,2,638,638,638,660,332.3,,,0,0,,powerball.com,50426838,5260102,55686940,25213419,0.08629,8.27,,,,0,,$638,
2023-12-27,Wed,PB 5/69+1/26 $2 (2015-10-07+),292201338,2,700,685,685,707,355.9,,,0,0,,powerball.com,78521654,8120132,86641786,39260827,0.13436,12.57,,,,0,,$685,
2023-12-30,Sat,PB 5/69+1/26 $2 (2015-10-07+),292201338,2,760,760,760,786,396.8,,,0,0,,powerball.com,125802272,12685220,138487492,62901136,0.21527,19.37,,,,0,,$760,
2024-01-01,Mon,PB 5/69+1/26 $2 (2015-10-07+),292201338,2,810,810,842.4,842,425.2,842.4,425.2,1,1,MI,powerball.com,94583822,9928482,104512304,47291911,0.16185,14.94,,,,0,,$810 $842.4,
2024-01-03,Wed,PB 5/69+1/26 $2 (2015-10-07+),292201338,2,20,20,20,20,10.1,,,0,0,,powerball.com,20452528,2770779,23223307,10226264,0.03500,3.44,,,,0,,$20,
2024-01-06,Sat,PB 5/69+1/26 $2 (2015-10-07+),292201338,2,35,35,35,38,18.7,,,0,0,,powerball.com,25261928,3391806,28653734,12630964,0.04323,4.23,,,,0,,$35,
2024-01-08,Mon,PB 5/69+1/26 $2 (2015-10-07+),292201338,2,46,46,46,49,24,,,0,0,,powerball.com,15731002,2222841,17953843,7865501,0.02692,2.66,,,,0,,$46,
2024-01-10,Wed,PB 5/69+1/26 $2 (2015-10-07+),292201338,2,60,60,60,61,30,,,0,0,,powerball.com,17553334,2485943,20039277,8776667,0.03004,2.96,,,,0,,$60,
2024-01-13,Sat,PB 5/69+1/26 $2 (2015-10-07+),292201338,2,77,77,77,78,38.8,,,0,0,,powerball.com,25835714,3463951,29299665,12917857,0.04421,4.32,,,,0,,$77,
2024-01-15,Mon,PB 5/69+1/26 $2 (2015-10-07+),292201338,2,88,88,88,89,44,,,0,0,,powerball.com,15247722,2099750,17347472,7623861,0.02609,2.58,,,,0,,$88,
2024-01-17,Wed,PB 5/69+1/26 $2 (2015-10-07+),292201338,2,102,102,102,102,50.2,,,0,0,,powerball.com,18396486,2523579,20920065,9198243,0.03148,3.10,,,,0,,$102,
2024-01-20,Sat,PB 5/69+1/26 $2 (2015-10-07+),292201338,2,120,120,120,123,59.2,,,0,0,,powerball.com,27024790,3528326,30553116,13512395,0.04624,4.52,,,,0,,$120,
2024-01-22,Mon,PB 5/69+1/26 $2 (2015-10-07+),292201338,2,133,133,133,134,64.4,,,0,0,,powerball.com,17237778,2352108,19589886,8618889,0.02950,2.91,,,,0,,$133,
2024-01-24,Wed,PB 5/69+1/26 $2 (2015-10-07+),292201338,2,145,145,145,146,70.3,,,0,0,,powerball.com,19805848,2666179,22472027,9902924,0.03389,3.33,,,,0,,$145,
2024-01-27,Sat,PB 5/69+1/26 $2 (2015-10-07+),292201338,2,164,164,164,164,79,,,0,0,,powerball.com,28864980,3693332,32558312,14432490,0.04939,4.82,,,,0,,$164,
2024-01-29,Mon,PB 5/69+1/26 $2 (2015-10-07+),292201338,2,174,174,174,175,84.4,,,0,0,,powerball.com,17876644,2392017,20268661,8938322,0.03059,3.01,,,,0,,$174,
2024-01-31,Wed,PB 5/69+1/26 $2 (2015-10-07+),292201338,2,188,188,188,188,90.6,,,0,0,,powerball.com,20947004,2804499,23751503,10473502,0.03584,3.52,,,,0,,$188,
2024-02-03,Sat,PB 5/69+1/26 $2 (2015-10-07+),292201338,2,206,206,206,203,100.2,,,0,0,,powerball.com,31812200,3993173,35805373,15906100,0.05444,5.30,,,,0,,$206,
2024-02-05,Mon,PB 5/69+1/26 $2 (2015-10-07+),292201338,2,214,214,214,215,106.1,,,0,0,,powerball.com,19376286,2598834,21975120,9688143,0.03316,3.26,,,,0,,$214,
2024-02-07,Wed,PB 5/69+1/26 $2 (2015-10-07+),292201338,2,228,228,228,229,113.2,,,0,0,,powerball.com,22433706,2952106,25385812,11216853,0.03839,3.77,,,,0,,$228,
2024-02-10,Sat,PB 5/69+1/26 $2 (2015-10-07+),292201338,2,248,248,248,257,123.9,,,0,0,,powerball.com,33820636,4116242,37936878,16910318,0.05787,5.62,,,,0,,$248,
2024-02-12,Mon,PB 5/69+1/26 $2 (2015-10-07+),292201338,2,270,270,270,269,130,,,0,0,,powerball.com,20020864,2582100,22602964,10010432,0.03426,3.37,,,,0,,$270,
2024-02-14,Wed,PB 5/69+1/26 $2 (2015-10-07+),292201338,2,285,285,285,285,137.6,,,0,0,,powerball.com,23262220,3017649,26279869,11631110,0.03981,3.90,,,,0,,$285,
2024-02-17,Sat,PB 5/69+1/26 $2 (2015-10-07+),292201338,2,306,306,306,316,149.3,,,0,0,,powerball.com,34666998,4243622,38910620,17333499,0.05932,5.76,,,,0,,$306,
2024-02-19,Mon,PB 5/69+1/26 $2 (2015-10-07+),292201338,2,330,330,330,332,156.7,,,0,0,,powerball.com,21981544,2819095,24800639,10990772,0.03761,3.69,,,,0,,$330,
2024-02-21,Wed,PB 5/69+1/26 $2 (2015-10-07+),292201338,2,348,348,348,351,165.5,,,0,0,,powerball.com,25982838,3297805,29280643,12991419,0.04446,4.35,,,,0,,$348,
2024-02-24,Sat,PB 5/69+1/26 $2 (2015-10-07+),292201338,2,376,376,376,376,178.4,,,0,0,,powerball.com,38075728,4593437,42669165,19037864,0.06515,6.31,,,,0,,$376,
2024-02-26,Mon,PB 5/69+1/26 $2 (2015-10-07+),292201338,2,391,391,391,393,186.7,,,0,0,,powerball.com,24431042,3087603,27518645,12215521,0.04181,4.09,,,,0,,$391,
2024-02-28,Wed,PB 5/69+1/26 $2 (2015-10-07+),292201338,2,412,412,412,414,196.6,,,0,0,,powerball.com,29438072,3692321,33130393,14719036,0.05037,4.91,,,,0,,$412,
2024-03-02,Sat,PB 5/69+1/26 $2 (2015-10-07+),292201338,2,443,443,443,442,211.8,,,0,0,,powerball.com,44910094,5321712,50231806,22455047,0.07685,7.40,,,,0,,$443,
2024-03-04,Mon,PB 5/69+1/26 $2 (2015-10-07+),292201338,2,460,460,460,463,221.7,,,0,0,,powerball.com,29158410,3537948,32696358,14579205,0.04989,4.87,,,,0,,$460,
2024-03-06,Wed,PB 5/69+1/26 $2 (2015-10-07+),292201338,2,485,485,485,486,233,,,0,0,,powerball.com,33222212,3992479,37214691,16611106,0.05685,5.53,,,,0,,$485,
2024-03-09,Sat,PB 5/69+1/26 $2 (2015-10-07+),292201338,2,521,521,521,511,250,,,0,0,,powerball.com,50419158,5724961,56144119,25209579,0.08627,8.27,,,,0,,$521,
2024-03-11,Mon,PB 5/69+1/26 $2 (2015-10-07+),292201338,2,532,532,532,534,261.3,,,0,0,,powerball.com,33190718,3916361,37107079,16595359,0.05679,5.52,,,,0,,$532,
2024-03-13,Wed,PB 5/69+1/26 $2 (2015-10-07+),292201338,2,559,559,559,563,275.4,,,0,0,,powerball.com,41645488,4830178,46475666,20822744,0.07126,6.88,,,,0,,$559,
2024-03-16,Sat,PB 5/69+1/26 $2 (2015-10-07+),292201338,2,600,600,600,623,297,,,0,0,,powerball.com,63824556,6977869,70802425,31912278,0.10921,10.35,,,,0,,$600,
2024-03-18,Mon,PB 5/69+1/26 $2 (2015-10-07+),292201338,2,645,645,645,656,312.4,,,0,0,,powerball.com,45504700,5073583,50578283,22752350,0.07787,7.49,,,,0,,$645,
2024-03-20,Wed,PB 5/69+1/26 $2 (2015-10-07+),292201338,2,687,687,687,699,332.8,,,0,0,,powerball.com,60346412,6524769,66871181,30173206,0.10326,9.81,,,,0,,$687,
2024-03-23,Sat,PB 5/69+1/26 $2 (2015-10-07+),292201338,2,750,750,750,758,364.6,,,0,0,,powerball.com,93912674,9626918,103539592,46956337,0.16070,14.85,,,,1,,$750,
2024-03-25,Mon,PB 5/69+1/26 $2 (2015-10-07+),292201338,2,800,800,800,813,391.1,,,0,0,,powerball.com,78074318,7953214,86027532,39037159,0.13360,12.51,,,,0,,$800,
2024-03-27,Wed,PB 5/69+1/26 $2 (2015-10-07+),292201338,2,865,865,865,873,419.9,,,0,0,,powerball.com,85196206,8738246,93934452,42598103,0.14578,13.57,,,,0,,$865,
2024-03-30,Sat,PB 5/69+1/26 $2 (2015-10-07+),292201338,2,935,935,935,951,460.1,,,0,0,,powerball.com,118655858,11990380,130646238,59327929,0.20304,18.38,,,,0,,$935,
2024-04-01,Mon,PB 5/69+1/26 $2 (2015-10-07+),292201338,2,1000,975,1000,1030,496.4,,,0,0,,powerball.com,108410694,11205416,119616110,54205347,0.18551,16.93,,,,0,,$975 $1 B,
2024-04-03,Wed,PB 5/69+1/26 $2 (2015-10-07+),292201338,2,1090,1090,1090,1130,547.3,,,0,0,,powerball.com,150329726,15222529,165552255,75164863,0.25724,22.68,,,,0,,$1.09 B,
2024-04-06,Sat,PB 5/69+1/26 $2 (2015-10-07+),292201338,2,1300,1230,1325,1330,621,1326,621,1,1,OR,powerball.com,217930490,21689628,239620118,108965245,0.37291,31.13,,,,0,,$1.23 $1.325 B,drawing held after midnight (early 2024-04-07); some sources date the win 2024-04-07
2024-04-08,Mon,PB 5/69+1/26 $2 (2015-10-07+),292201338,2,20,20,20,20,9.4,,,0,0,,powerball.com,21033178,2830710,23863888,10516589,0.03599,3.54,,,,0,,$20,
2024-04-10,Wed,PB 5/69+1/26 $2 (2015-10-07+),292201338,2,31,31,31,34,16,,,0,0,,powerball.com,19615876,2727742,22343618,9807938,0.03357,3.30,,,,0,,$31,
2024-04-13,Sat,PB 5/69+1/26 $2 (2015-10-07+),292201338,2,46,46,46,54,25.3,,,0,0,,powerball.com,27334952,3634473,30969425,13667476,0.04677,4.57,,,,0,,$46,
2024-04-15,Mon,PB 5/69+1/26 $2 (2015-10-07+),292201338,2,63,63,63,67,31.1,,,0,0,,powerball.com,16993234,2391054,19384288,8496617,0.02908,2.87,,,,0,,$63,
2024-04-17,Wed,PB 5/69+1/26 $2 (2015-10-07+),292201338,2,78,78,78,81,37.7,,,0,0,,powerball.com,19452268,2726379,22178647,9726134,0.03329,3.27,,,,0,,$78,
2024-04-20,Sat,PB 5/69+1/26 $2 (2015-10-07+),292201338,2,98,98,98,103,47.3,,,0,0,,powerball.com,28166508,3706232,31872740,14083254,0.04820,4.71,,,,0,,$98,
2024-04-22,Mon,PB 5/69+1/26 $2 (2015-10-07+),292201338,2,115,115,115,116,53.6,,,0,0,,powerball.com,18414836,2513442,20928278,9207418,0.03151,3.10,,,,0,,$115,
2024-04-24,Wed,PB 5/69+1/26 $2 (2015-10-07+),292201338,2,129,129,129,130,60.1,,,0,0,,powerball.com,21019378,2859511,23878889,10509689,0.03597,3.53,,,,0,,$129,
2024-04-27,Sat,PB 5/69+1/26 $2 (2015-10-07+),292201338,2,149,149,149,151,69,,,0,0,,powerball.com,29733516,3853470,33586986,14866758,0.05088,4.96,,,,0,,$149,
2024-04-29,Mon,PB 5/69+1/26 $2 (2015-10-07+),292201338,2,164,164,164,164,75,,,0,0,,powerball.com,18697348,2537037,21234385,9348674,0.03199,3.15,,,,0,,$164,
2024-05-01,Wed,PB 5/69+1/26 $2 (2015-10-07+),292201338,2,178,178,178,180,82.4,,,0,0,,powerball.com,21738356,2932091,24670447,10869178,0.03720,3.65,,,,0,,$178,
2024-05-04,Sat,PB 5/69+1/26 $2 (2015-10-07+),292201338,2,203,203,203,200,93.3,,,0,0,,powerball.com,32198370,4056154,36254524,16099185,0.05510,5.36,,,,0,,$203,
2024-05-06,Mon,PB 5/69+1/26 $2 (2015-10-07+),292201338,2,214,214,214,215,100.1,,,1,1,FL,powerball.com,20100050,2643638,22743688,10050025,0.03439,3.38,,,,0,,$214,
2024-05-08,Wed,PB 5/69+1/26 $2 (2015-10-07+),292201338,2,20,20,20,20,9.3,,,0,0,,powerball.com,16543574,2303921,18847495,8271787,0.02831,2.79,,,,0,,$20,
2024-05-11,Sat,PB 5/69+1/26 $2 (2015-10-07+),292201338,2,36,36,36,37,17.4,,,0,0,,powerball.com,23781504,3168160,26949664,11890752,0.04069,3.99,,,,0,,$36,
2024-05-13,Mon,PB 5/69+1/26 $2 (2015-10-07+),292201338,2,47,47,47,48,22.4,,,0,0,,powerball.com,14631902,2045974,16677876,7315951,0.02504,2.47,,,,0,,$47,
2024-05-15,Wed,PB 5/69+1/26 $2 (2015-10-07+),292201338,2,59,59,59,60,28.1,,,0,0,,powerball.com,16842176,2356287,19198463,8421088,0.02882,2.84,,,,0,,$59,
2024-05-18,Sat,PB 5/69+1/26 $2 (2015-10-07+),292201338,2,77,77,77,78,36.4,,,0,0,,powerball.com,24397416,3225496,27622912,12198708,0.04175,4.09,,,,0,,$77,
2024-05-20,Mon,PB 5/69+1/26 $2 (2015-10-07+),292201338,2,88,88,88,89,41.6,,,0,0,,powerball.com,15260610,2106281,17366891,7630305,0.02611,2.58,,,,0,,$88,
2024-05-22,Wed,PB 5/69+1/26 $2 (2015-10-07+),292201338,2,100,100,100,102,47.8,,,0,0,,powerball.com,18259400,2482074,20741474,9129700,0.03124,3.08,,,,0,,$100,
2024-05-25,Sat,PB 5/69+1/26 $2 (2015-10-07+),292201338,2,120,120,120,121,56.7,,,0,0,,powerball.com,26333482,3397105,29730587,13166741,0.04506,4.41,,,,0,,$120,
2024-05-27,Mon,PB 5/69+1/26 $2 (2015-10-07+),292201338,2,131,131,131,131,61.2,,,0,0,,powerball.com,15091444,2070317,17161761,7545722,0.02582,2.55,,,,0,,$131,
2024-05-29,Wed,PB 5/69+1/26 $2 (2015-10-07+),292201338,2,143,143,143,143,66.9,,,0,0,,powerball.com,19034910,2583550,21618460,9517455,0.03257,3.20,,,,0,,$143,
2024-06-01,Sat,PB 5/69+1/26 $2 (2015-10-07+),292201338,2,161,161,161,162,75.3,,,0,0,,powerball.com,27848972,3615288,31464260,13924486,0.04765,4.65,,,,0,,$161,
2024-06-03,Mon,PB 5/69+1/26 $2 (2015-10-07+),292201338,2,171,171,171,173,80.6,,,0,0,,powerball.com,17723382,2401831,20125213,8861691,0.03033,2.99,,,,0,,$171,
2024-06-05,Wed,PB 5/69+1/26 $2 (2015-10-07+),292201338,2,185,185,185,187,87,,,0,0,,powerball.com,20355410,2711595,23067005,10177705,0.03483,3.42,,,,0,,$185,
2024-06-08,Sat,PB 5/69+1/26 $2 (2015-10-07+),292201338,2,206,206,206,208,97.7,,,0,0,,powerball.com,31655442,3910468,35565910,15827721,0.05417,5.27,,,,0,,$206,
2024-06-10,Mon,PB 5/69+1/26 $2 (2015-10-07+),292201338,2,221,221,222.6,223,104.7,,,1,1,NJ,powerball.com,20627252,2666190,23293442,10313626,0.03530,3.47,,,,0,,$221 $222.6,
2024-06-12,Wed,PB 5/69+1/26 $2 (2015-10-07+),292201338,2,20,20,20,20,9.4,,,0,0,,powerball.com,15332108,2162701,17494809,7666054,0.02624,2.59,,,,0,,$20,
2024-06-15,Sat,PB 5/69+1/26 $2 (2015-10-07+),292201338,2,34,34,34,35,17,,,0,0,,powerball.com,22266762,2990007,25256769,11133381,0.03810,3.74,,,,0,,$34,
2024-06-17,Mon,PB 5/69+1/26 $2 (2015-10-07+),292201338,2,44,44,44,45,21.8,,,0,0,,powerball.com,14235872,1995756,16231628,7117936,0.02436,2.41,,,,0,,$44,
2024-06-19,Wed,PB 5/69+1/26 $2 (2015-10-07+),292201338,2,56,56,56,57,27.3,,,0,0,,powerball.com,16108784,2258832,18367616,8054392,0.02756,2.72,,,,0,,$56,
2024-06-22,Sat,PB 5/69+1/26 $2 (2015-10-07+),292201338,2,72,72,72,73,35.2,,,0,0,,powerball.com,23348742,3116195,26464937,11674371,0.03995,3.92,,,,0,,$72,
2024-06-24,Mon,PB 5/69+1/26 $2 (2015-10-07+),292201338,2,84,84,84,84,40.4,,,0,0,,powerball.com,15116104,2096627,17212731,7558052,0.02587,2.55,,,,0,,$84,
2024-06-26,Wed,PB 5/69+1/26 $2 (2015-10-07+),292201338,2,95,95,95,96,46.2,,,0,0,,powerball.com,17244320,2381776,19626096,8622160,0.02951,2.91,,,,0,,$95,
2024-06-29,Sat,PB 5/69+1/26 $2 (2015-10-07+),292201338,2,113,113,113,116,55.1,,,0,0,,powerball.com,26063270,3410403,29473673,13031635,0.04460,4.36,,,,0,,$113,
2024-07-01,Mon,PB 5/69+1/26 $2 (2015-10-07+),292201338,2,125,125,125,127,60.4,,,0,0,,powerball.com,16826318,2304762,19131080,8413159,0.02879,2.84,,,,0,,$125,
2024-07-03,Wed,PB 5/69+1/26 $2 (2015-10-07+),292201338,2,138,138,138,139,66.5,,,1,1,OH,powerball.com,20175718,2713267,22888985,10087859,0.03452,3.39,,,,0,,$138,
2024-07-06,Sat,PB 5/69+1/26 $2 (2015-10-07+),292201338,2,20,20,20,20,9.5,,,0,0,,powerball.com,19789516,2730995,22520511,9894758,0.03386,3.33,,,,0,,$20,
2024-07-08,Mon,PB 5/69+1/26 $2 (2015-10-07+),292201338,2,29,29,29,29,13.9,,,0,0,,powerball.com,12863436,1836733,14700169,6431718,0.02201,2.18,,,,0,,$29,
2024-07-10,Wed,PB 5/69+1/26 $2 (2015-10-07+),292201338,2,41,41,41,40,18.9,,,0,0,,powerball.com,14883284,2129371,17012655,7441642,0.02547,2.51,,,,0,,$41,
2024-07-13,Sat,PB 5/69+1/26 $2 (2015-10-07+),292201338,2,54,54,54,55,26.3,,,0,0,,powerball.com,21724660,2944119,24668779,10862330,0.03717,3.65,,,,0,,$54,
2024-07-15,Mon,PB 5/69+1/26 $2 (2015-10-07+),292201338,2,64,64,64,65,31,,,0,0,,powerball.com,13715576,1956192,15671768,6857788,0.02347,2.32,,,,0,,$64,
2024-07-17,Wed,PB 5/69+1/26 $2 (2015-10-07+),292201338,2,75,75,75,76,36.3,,,0,0,,powerball.com,15824076,2238614,18062690,7912038,0.02708,2.67,,,,0,,$75,
2024-07-20,Sat,PB 5/69+1/26 $2 (2015-10-07+),292201338,2,91,91,91,92,44.2,,,0,0,,powerball.com,23076744,3089061,26165805,11538372,0.03949,3.87,,,,0,,$91,
2024-07-22,Mon,PB 5/69+1/26 $2 (2015-10-07+),292201338,2,102,102,102,103,49.4,,,0,0,,powerball.com,15309626,2112291,17421917,7654813,0.02620,2.59,,,,0,,$102,
2024-07-24,Wed,PB 5/69+1/26 $2 (2015-10-07+),292201338,2,114,114,114,116,55.3,,,0,0,,powerball.com,17430532,2383528,19814060,8715266,0.02983,2.94,,,,0,,$114,
2024-07-27,Sat,PB 5/69+1/26 $2 (2015-10-07+),292201338,2,131,131,131,133,63.1,,,0,0,,powerball.com,25156700,3251756,28408456,12578350,0.04305,4.21,,,,0,,$131,
2024-07-29,Mon,PB 5/69+1/26 $2 (2015-10-07+),292201338,2,144,144,144,143,67.9,,,0,0,,powerball.com,15973036,2166759,18139795,7986518,0.02733,2.70,,,,0,,$144,
2024-07-31,Wed,PB 5/69+1/26 $2 (2015-10-07+),292201338,2,154,154,154,154,73.4,,,0,0,,powerball.com,18289530,2474612,20764142,9144765,0.03130,3.08,,,,0,,$154,
2024-08-03,Sat,PB 5/69+1/26 $2 (2015-10-07+),292201338,2,171,171,171,164,81.4,,,0,0,,powerball.com,26623508,3452949,30076457,13311754,0.04556,4.45,,,,0,,$171,
2024-08-05,Mon,PB 5/69+1/26 $2 (2015-10-07+),292201338,2,174,174,174,174,86.3,,,0,0,,powerball.com,16614854,2261327,18876181,8307427,0.02843,2.80,,,,0,,$174,
2024-08-07,Wed,PB 5/69+1/26 $2 (2015-10-07+),292201338,2,185,185,185,185,92,,,0,0,,powerball.com,18676080,2516045,21192125,9338040,0.03196,3.15,,,,0,,$185,
2024-08-10,Sat,PB 5/69+1/26 $2 (2015-10-07+),292201338,2,201,201,201,202,100.5,,,0,0,,powerball.com,28334856,3564233,31899089,14167428,0.04849,4.73,,,,0,,$201,
2024-08-12,Mon,PB 5/69+1/26 $2 (2015-10-07+),292201338,2,212,212,212,214,106.4,,,1,1,PA,powerball.com,17872864,2355123,20227987,8936432,0.03058,3.01,,,,0,,$212,
2024-08-14,Wed,PB 5/69+1/26 $2 (2015-10-07+),292201338,2,20,20,20,20,10,,,0,0,,powerball.com,14685914,1990427,16676341,7342957,0.02513,2.48,,,,0,,$20,
2024-08-17,Sat,PB 5/69+1/26 $2 (2015-10-07+),292201338,2,35,35,35,35,17.2,,,0,0,,powerball.com,21443886,2871681,24315567,10721943,0.03669,3.60,,,,0,,$35,
2024-08-19,Mon,PB 5/69+1/26 $2 (2015-10-07+),292201338,2,44,44,44,44,21.9,,,1,1,CA,powerball.com,13642462,1920760,15563222,6821231,0.02334,2.31,,,,0,,$44,
2024-08-21,Wed,PB 5/69+1/26 $2 (2015-10-07+),292201338,2,20,20,20,20,9.9,,,0,0,,powerball.com,14301170,2015585,16316755,7150585,0.02447,2.42,,,,0,,$20,
2024-08-24,Sat,PB 5/69+1/26 $2 (2015-10-07+),292201338,2,34,34,34,35,17.2,,,0,0,,powerball.com,21527344,2875561,24402905,10763672,0.03684,3.62,,,,0,,$34,
2024-08-26,Mon,PB 5/69+1/26 $2 (2015-10-07+),292201338,2,44,44,44,44,21.8,,,0,0,,powerball.com,13593154,1893056,15486210,6796577,0.02326,2.30,,,,0,,$44,
2024-08-28,Wed,PB 5/69+1/26 $2 (2015-10-07+),292201338,2,54,54,54,55,27.3,,,0,0,,powerball.com,16083912,2234147,18318059,8041956,0.02752,2.71,,,,0,,$54,
2024-08-31,Sat,PB 5/69+1/26 $2 (2015-10-07+),292201338,2,69,69,69,72,35.6,,,0,0,,powerball.com,24511864,3265756,27777620,12255932,0.04194,4.11,,,,0,,$69,
2024-09-02,Mon,PB 5/69+1/26 $2 (2015-10-07+),292201338,2,80,80,80,82,40.4,,,0,0,,powerball.com,13915572,1947777,15863349,6957786,0.02381,2.35,,,,0,,$80,
2024-09-04,Wed,PB 5/69+1/26 $2 (2015-10-07+),292201338,2,93,93,93,95,46.7,,,0,0,,powerball.com,18562596,2524051,21086647,9281298,0.03176,3.13,,,,0,,$93,
2024-09-07,Sat,PB 5/69+1/26 $2 (2015-10-07+),292201338,2,112,112,112,112,56.2,,,0,0,,powerball.com,28099140,3595296,31694436,14049570,0.04808,4.69,,,,0,,$112,
2024-09-09,Mon,PB 5/69+1/26 $2 (2015-10-07+),292201338,2,121,121,121,123,62.1,,,0,0,,powerball.com,17919214,2376256,20295470,8959607,0.03066,3.02,,,,0,,$121,
2024-09-11,Wed,PB 5/69+1/26 $2 (2015-10-07+),292201338,2,134,134,134,136,68.4,,,0,0,,powerball.com,20937718,2753379,23691097,10468859,0.03583,3.52,,,,0,,$134,
2024-09-14,Sat,PB 5/69+1/26 $2 (2015-10-07+),292201338,2,152,152,152,152,77.4,,,0,0,,powerball.com,29952580,3752759,33705339,14976290,0.05125,5.00,,,,0,,$152,
2024-09-16,Mon,PB 5/69+1/26 $2 (2015-10-07+),292201338,2,165,165,165,163,83,,,0,0,,powerball.com,18813380,2445380,21258760,9406690,0.03219,3.17,,,,0,,$165,
2024-09-18,Wed,PB 5/69+1/26 $2 (2015-10-07+),292201338,2,176,176,176,176,89.6,,,0,0,,powerball.com,21747174,2807333,24554507,10873587,0.03721,3.65,,,,0,,$176,
2024-09-21,Sat,PB 5/69+1/26 $2 (2015-10-07+),292201338,2,195,195,195,197,99,,,0,0,,powerball.com,31491396,3860876,35352272,15745698,0.05389,5.25,,,,0,,$195,
2024-09-23,Mon,PB 5/69+1/26 $2 (2015-10-07+),292201338,2,208,208,208,209,105.3,,,0,0,,powerball.com,20919350,2631202,23550552,10459675,0.03580,3.52,,,,0,,$208,
2024-09-25,Wed,PB 5/69+1/26 $2 (2015-10-07+),292201338,2,223,223,223,224,112.6,,,0,0,,powerball.com,24514752,3042550,27557302,12257376,0.04195,4.11,,,,0,,$223,
2024-09-28,Sat,PB 5/69+1/26 $2 (2015-10-07+),292201338,2,243,243,243,245,122.8,,,0,0,,powerball.com,33969756,4042362,38012118,16984878,0.05813,5.65,,,,0,,$243,
2024-09-30,Mon,PB 5/69+1/26 $2 (2015-10-07+),292201338,2,258,258,258,258,129.5,,,0,0,,powerball.com,22273230,2761354,25034584,11136615,0.03811,3.74,,,,0,,$258,
2024-10-02,Wed,PB 5/69+1/26 $2 (2015-10-07+),292201338,2,275,275,275,274,137.1,,,0,0,,powerball.com,25183432,3089632,28273064,12591716,0.04309,4.22,,,,0,,$275,
2024-10-05,Sat,PB 5/69+1/26 $2 (2015-10-07+),292201338,2,295,295,295,303,148.9,,,0,0,,powerball.com,35506842,4189633,39696475,17753421,0.06076,5.89,,,,0,,$295,
2024-10-07,Mon,PB 5/69+1/26 $2 (2015-10-07+),292201338,2,315,315,315,319,156.9,,,0,0,,powerball.com,23755096,2886776,26641872,11877548,0.04065,3.98,,,,0,,$315,
2024-10-09,Wed,PB 5/69+1/26 $2 (2015-10-07+),292201338,2,336,336,336,337,165.9,,,0,0,,powerball.com,26534344,3200814,29735158,13267172,0.04540,4.44,,,,0,,$336,
2024-10-12,Sat,PB 5/69+1/26 $2 (2015-10-07+),292201338,2,364,364,364,371,178.5,,,0,0,,powerball.com,37140770,4332690,41473460,18570385,0.06355,6.16,,,,0,,$364,
2024-10-14,Mon,PB 5/69+1/26 $2 (2015-10-07+),292201338,2,388,388,388,388,186.8,,,0,0,,powerball.com,24302704,2950188,27252892,12151352,0.04159,4.07,,,,0,,$388,
2024-10-16,Wed,PB 5/69+1/26 $2 (2015-10-07+),292201338,2,408,408,408,409,196.7,,,0,0,,powerball.com,29233470,3485456,32718926,14616735,0.05002,4.88,,,,0,,$408,
2024-10-19,Sat,PB 5/69+1/26 $2 (2015-10-07+),292201338,2,437,437,437,437,210.5,,,0,0,,powerball.com,40608324,4657773,45266097,20304162,0.06949,6.71,,,,0,,$437,
2024-10-21,Mon,PB 5/69+1/26 $2 (2015-10-07+),292201338,2,456,456,456,456,219.8,,,0,0,,powerball.com,27336458,3253665,30590123,13668229,0.04678,4.57,,,,0,lr_internal_discrepancy,$456,"LR internal discrepancy: ticketcomparison24 says 13,688,229 tickets (=> $27,376,458) vs sales page $27,336,458 (kept)"
2024-10-23,Wed,PB 5/69+1/26 $2 (2015-10-07+),292201338,2,478,478,478,478,230.6,,,1,1,GA,powerball.com,31601168,3695702,35296870,15800584,0.05407,5.26,,,,0,,$478,
2024-10-26,Sat,PB 5/69+1/26 $2 (2015-10-07+),292201338,2,20,20,20,20,9.5,,,0,0,,powerball.com,20690172,2749126,23439298,10345086,0.03540,3.48,,,,0,,$20,
2024-10-28,Mon,PB 5/69+1/26 $2 (2015-10-07+),292201338,2,28,28,28,29,13.8,,,0,0,,powerball.com,12486288,1766775,14253063,6243144,0.02137,2.11,,,,0,,$28,
2024-10-30,Wed,PB 5/69+1/26 $2 (2015-10-07+),292201338,2,39,39,39,39,18.7,,,0,0,,powerball.com,14458432,2042898,16501330,7229216,0.02474,2.44,,,,0,,$39,
2024-11-02,Sat,PB 5/69+1/26 $2 (2015-10-07+),292201338,2,54,54,54,55,26,,,0,0,,powerball.com,21516544,2914373,24430917,10758272,0.03682,3.61,,,,0,,$54,
2024-11-04,Mon,PB 5/69+1/26 $2 (2015-10-07+),292201338,2,63,63,63,65,30.7,,,0,0,,powerball.com,13736898,1954304,15691202,6868449,0.02351,2.32,,,,0,,$63,
2024-11-06,Wed,PB 5/69+1/26 $2 (2015-10-07+),292201338,2,75,75,75,76,35.9,,,0,0,,powerball.com,15271384,2159769,17431153,7635692,0.02613,2.58,,,,0,,$75,
2024-11-09,Sat,PB 5/69+1/26 $2 (2015-10-07+),292201338,2,92,92,92,92,43.5,,,0,0,,powerball.com,22327724,2999370,25327094,11163862,0.03821,3.75,,,,0,,$92,
2024-11-11,Mon,PB 5/69+1/26 $2 (2015-10-07+),292201338,2,103,103,103,103,48.5,,,0,0,,powerball.com,14779496,2044621,16824117,7389748,0.02529,2.50,,,,0,,$103,
2024-11-13,Wed,PB 5/69+1/26 $2 (2015-10-07+),292201338,2,113,113,113,115,54.2,,,0,0,,powerball.com,16826148,2325526,19151674,8413074,0.02879,2.84,,,,0,,$113,
2024-11-16,Sat,PB 5/69+1/26 $2 (2015-10-07+),292201338,2,130,130,130,134,61.5,,,0,0,,powerball.com,23959382,3134907,27094289,11979691,0.04100,4.02,,,,0,,$130,
2024-11-18,Mon,PB 5/69+1/26 $2 (2015-10-07+),292201338,2,144,144,144,144,66.2,,,0,0,,powerball.com,15465892,2134329,17600221,7732946,0.02646,2.61,,,,0,,$144,
2024-11-20,Wed,PB 5/69+1/26 $2 (2015-10-07+),292201338,2,155,155,155,155,71.4,,,0,0,,powerball.com,17505538,2404907,19910445,8752769,0.02995,2.95,,,,0,,$155,
2024-11-23,Sat,PB 5/69+1/26 $2 (2015-10-07+),292201338,2,171,171,171,172,79.5,,,0,0,,powerball.com,24754402,3240868,27995270,12377201,0.04236,4.15,,,,0,,$171,
2024-11-25,Mon,PB 5/69+1/26 $2 (2015-10-07+),292201338,2,184,184,184,184,85,,,0,0,,powerball.com,16134378,2188386,18322764,8067189,0.02761,2.72,,,,0,,$184,
2024-11-27,Wed,PB 5/69+1/26 $2 (2015-10-07+),292201338,2,196,196,196,199,91.9,,,0,0,,powerball.com,20497202,2725635,23222837,10248601,0.03507,3.45,,,,0,,$196,
2024-11-30,Sat,PB 5/69+1/26 $2 (2015-10-07+),292201338,2,214,214,214,212,100.5,,,0,0,,powerball.com,25194134,3290870,28485004,12597067,0.04311,4.22,,,,0,,$214,
2024-12-02,Mon,PB 5/69+1/26 $2 (2015-10-07+),292201338,2,224,224,224,225,106.6,,,0,0,,powerball.com,17954034,2405732,20359766,8977017,0.03072,3.03,,,,0,,$224,
2024-12-04,Wed,PB 5/69+1/26 $2 (2015-10-07+),292201338,2,240,240,240,240,113.6,,,0,0,,powerball.com,20519566,2716551,23236117,10259783,0.03511,3.45,,,,0,,$240,
2024-12-07,Sat,PB 5/69+1/26 $2 (2015-10-07+),292201338,2,260,260,256,256,123.5,,,1,1,NY,powerball.com,29272778,3664565,32937343,14636389,0.05009,4.89,,,,0,,$260 $256,
2024-12-09,Mon,PB 5/69+1/26 $2 (2015-10-07+),292201338,2,20,20,20,20,9.7,,,0,0,,powerball.com,12925200,1813066,14738266,6462600,0.02212,2.19,,,,0,,$20,
2024-12-11,Wed,PB 5/69+1/26 $2 (2015-10-07+),292201338,2,30,30,30,30,14.7,,,0,0,,powerball.com,14818208,2078561,16896769,7409104,0.02536,2.50,,,,0,,$30,
2024-12-14,Sat,PB 5/69+1/26 $2 (2015-10-07+),292201338,2,45,45,45,48,22.3,,,0,0,,powerball.com,22509686,2981386,25491072,11254843,0.03852,3.78,,,,0,,$45,
2024-12-16,Mon,PB 5/69+1/26 $2 (2015-10-07+),292201338,2,55,55,55,58,27.1,,,0,0,,powerball.com,14039270,1958962,15998232,7019635,0.02402,2.37,,,,0,,$55,
2024-12-18,Wed,PB 5/69+1/26 $2 (2015-10-07+),292201338,2,69,69,69,71,33,,,0,0,,powerball.com,17539340,2368490,19907830,8769670,0.03001,2.96,,,,0,lr_internal_discrepancy,$69,"LR internal discrepancy: ticketcomparison24 says 8,679,670 tickets (=> $17,359,340) vs sales page $17,539,340 (kept)"
2024-12-21,Sat,PB 5/69+1/26 $2 (2015-10-07+),292201338,2,88,88,88,92,42.1,,,0,0,,powerball.com,26588824,3409993,29998817,13294412,0.04550,4.45,,,,0,,$88,
2024-12-23,Mon,PB 5/69+1/26 $2 (2015-10-07+),292201338,2,103,103,103,108,49.3,,,0,0,,powerball.com,21301422,2732607,24034029,10650711,0.03645,3.58,,,,0,,$103,
2024-12-25,Wed,PB 5/69+1/26 $2 (2015-10-07+),292201338,2,117,117,117,124,56.7,,,0,0,,powerball.com,22399414,2765518,25164932,11199707,0.03833,3.76,,,,0,,$117,
2024-12-28,Sat,PB 5/69+1/26 $2 (2015-10-07+),292201338,2,145,145,145,152,68.8,,,0,0,,powerball.com,40563864,4873604,45437468,20281932,0.06941,6.71,,,,0,,$145,
2024-12-30,Mon,PB 5/69+1/26 $2 (2015-10-07+),292201338,2,163,163,163,166,75.2,,,0,0,,powerball.com,21284754,2783717,24068471,10642377,0.03642,3.58,,,,0,,$163,
2025-01-01,Wed,PB 5/69+1/26 $2 (2015-10-07+),292201338,2,178,178,178,181,82.1,,,0,0,,powerball.com,22895610,2863020,25758630,11447805,0.03918,3.84,,,,0,,$178,
2025-01-04,Sat,PB 5/69+1/26 $2 (2015-10-07+),292201338,2,200,200,200,206,92.1,,,0,0,,powerball.com,33340194,4095404,37435598,16670097,0.05705,5.55,,,,0,,$200,
2025-01-06,Mon,PB 5/69+1/26 $2 (2015-10-07+),292201338,2,220,220,220,220,98.5,,,0,0,,powerball.com,19967767,2525286,22493053,9983884,0.03417,3.36,,,,0,minor_typo,$220,base sales not a multiple of $2 -> transcription error on source (small)
2025-01-08,Wed,PB 5/69+1/26 $2 (2015-10-07+),292201338,2,240,240,240,238,106.5,,,0,0,,powerball.com,23386186,2937533,26323719,11693093,0.04002,3.92,,,,0,,$240,
2025-01-11,Sat,PB 5/69+1/26 $2 (2015-10-07+),292201338,2,263,263,263,268,117.6,,,0,0,,powerball.com,32845078,3926125,36771203,16422539,0.05620,5.47,,,,0,,$263,
2025-01-13,Mon,PB 5/69+1/26 $2 (2015-10-07+),292201338,2,285,285,285,285,125.1,,,0,0,,powerball.com,22005170,2752445,24757615,11002585,0.03765,3.70,,,,0,,$285,
2025-01-15,Wed,PB 5/69+1/26 $2 (2015-10-07+),292201338,2,303,303,303,305,133.7,,,0,0,,powerball.com,25330816,3140238,28471054,12665408,0.04334,4.24,,,,0,,$303,
2025-01-18,Sat,PB 5/69+1/26 $2 (2015-10-07+),292201338,2,331,331,328.5,329,146.4,,,1,1,OR,powerball.com,37244584,4417886,41662470,18622292,0.06373,6.17,,,,0,,$331 $328.5,
2025-01-20,Mon,PB 5/69+1/26 $2 (2015-10-07+),292201338,2,20,20,20,20,8.9,,,0,0,,powerball.com,12354962,1738413,14093375,6177481,0.02114,2.09,,,,0,,$20,
2025-01-22,Wed,PB 5/69+1/26 $2 (2015-10-07+),292201338,2,31,31,31,31,13.7,,,0,0,,powerball.com,14060082,1957781,16017863,7030041,0.02406,2.38,,,,0,,$31,
2025-01-25,Sat,PB 5/69+1/26 $2 (2015-10-07+),292201338,2,46,46,46,48,21.3,,,0,0,,powerball.com,22292998,2923429,25216427,11146499,0.03815,3.74,,,,0,,$46,
2025-01-27,Mon,PB 5/69+1/26 $2 (2015-10-07+),292201338,2,56,56,56,59,26.1,,,0,0,,powerball.com,14119284,1938612,16057896,7059642,0.02416,2.39,,,,0,,$56,
2025-01-29,Wed,PB 5/69+1/26 $2 (2015-10-07+),292201338,2,69,69,69,71,31.7,,,0,0,,powerball.com,16632432,2228661,18861093,8316216,0.02846,2.81,,,,0,,$69,
2025-02-01,Sat,PB 5/69+1/26 $2 (2015-10-07+),292201338,2,89,89,89,88,40,,,0,0,,powerball.com,24422280,3187504,27609784,12211140,0.04179,4.09,,,,0,,$89,
2025-02-03,Mon,PB 5/69+1/26 $2 (2015-10-07+),292201338,2,100,100,100,101,45.8,,,0,0,,powerball.com,16813488,2228772,19042260,8406744,0.02877,2.84,,,,0,,$100,
2025-02-05,Wed,PB 5/69+1/26 $2 (2015-10-07+),292201338,2,113,113,113,115,52.1,,,0,0,,powerball.com,18615948,2472377,21088325,9307974,0.03185,3.14,,,,0,,$113,
2025-02-08,Sat,PB 5/69+1/26 $2 (2015-10-07+),292201338,2,133,133,133,131,60.6,,,0,0,,powerball.com,27064192,3410935,30475127,13532096,0.04631,4.53,,,,0,,$133,
2025-02-10,Mon,PB 5/69+1/26 $2 (2015-10-07+),292201338,2,142,142,142,142,65.6,,,0,0,,powerball.com,16656960,2196525,18853485,8328480,0.02850,2.81,,,,0,,$142,
2025-02-12,Wed,PB 5/69+1/26 $2 (2015-10-07+),292201338,2,154,154,154,154,71.2,,,0,0,,powerball.com,18674094,2454260,21128354,9337047,0.03195,3.14,,,,0,,$154,
2025-02-15,Sat,PB 5/69+1/26 $2 (2015-10-07+),292201338,2,172,172,172,172,79.4,,,0,0,,powerball.com,27327596,3443396,30770992,13663798,0.04676,4.57,,,,0,,$172,
2025-02-17,Mon,PB 5/69+1/26 $2 (2015-10-07+),292201338,2,183,183,183,183,84.5,,,0,0,,powerball.com,16967200,2228521,19195721,8483600,0.02903,2.86,,,,0,,$183,
2025-02-19,Wed,PB 5/69+1/26 $2 (2015-10-07+),292201338,2,195,195,195,196,90.3,,,0,0,,powerball.com,19193912,2503671,21697583,9596956,0.03284,3.23,,,,0,,$195,
2025-02-22,Sat,PB 5/69+1/26 $2 (2015-10-07+),292201338,2,215,215,215,219,100.1,,,0,0,,powerball.com,29220740,3568092,32788832,14610370,0.05000,4.88,,,,0,,$215,
2025-02-24,Mon,PB 5/69+1/26 $2 (2015-10-07+),292201338,2,230,230,230,233,106.6,,,0,0,,powerball.com,19146394,2414446,21560840,9573197,0.03276,3.22,,,,0,,$230,LottoReport parse: date typo on source '02/2424' -> 2025-02-24
2025-02-26,Wed,PB 5/69+1/26 $2 (2015-10-07+),292201338,2,248,248,248,249,114,,,0,0,,powerball.com,21818006,2740174,24558180,10909003,0.03733,3.66,,,,0,,$248,
2025-03-01,Sat,PB 5/69+1/26 $2 (2015-10-07+),292201338,2,272,272,272,265,124.7,,,0,0,,powerball.com,31514970,3815379,35330349,15757485,0.05393,5.25,,,,0,,$272,
2025-03-03,Mon,PB 5/69+1/26 $2 (2015-10-07+),292201338,2,279,279,279,279,131.5,,,0,0,,powerball.com,20007642,2534769,22542411,10003821,0.03424,3.37,,,,0,,$279,
2025-03-05,Wed,PB 5/69+1/26 $2 (2015-10-07+),292201338,2,295,295,295,295,139,,,0,0,,powerball.com,21855414,2734199,24589613,10927707,0.03740,3.67,,,,0,,$295,
2025-03-08,Sat,PB 5/69+1/26 $2 (2015-10-07+),292201338,2,320,320,320,320,150.3,,,0,0,,powerball.com,33432970,3940343,37373313,16716485,0.05721,5.56,,,,0,,$320,
2025-03-10,Mon,PB 5/69+1/26 $2 (2015-10-07+),292201338,2,335,335,335,336,157.6,,,0,0,,powerball.com,21398016,2628283,24026299,10699008,0.03662,3.60,,,,1,,$335,
2025-03-12,Wed,PB 5/69+1/26 $2 (2015-10-07+),292201338,2,353,353,353,353,165.9,,,0,0,,powerball.com,24257250,2965716,27222966,12128625,0.04151,4.07,,,,0,,$353,
2025-03-15,Sat,PB 5/69+1/26 $2 (2015-10-07+),292201338,2,378,378,378,381,177.6,,,0,0,,powerball.com,34508956,4055536,38564492,17254478,0.05905,5.73,,,,0,,$378,
2025-03-17,Mon,PB 5/69+1/26 $2 (2015-10-07+),292201338,2,398,398,398,398,185.8,,,0,0,,powerball.com,24135914,2903073,27038987,12067957,0.04130,4.05,,,,0,,$398,
2025-03-19,Wed,PB 5/69+1/26 $2 (2015-10-07+),292201338,2,416,416,416,418,195,,,0,0,,powerball.com,27121524,3247412,30368936,13560762,0.04641,4.53,,,,0,,$416,
2025-03-22,Sat,PB 5/69+1/26 $2 (2015-10-07+),292201338,2,444,444,444,443,208.9,,,0,0,,powerball.com,40849710,4661510,45511220,20424855,0.06990,6.75,,,,0,,$444,
2025-03-24,Mon,PB 5/69+1/26 $2 (2015-10-07+),292201338,2,461,461,461,462,217.6,,,0,0,,powerball.com,25415592,3060622,28476214,12707796,0.04349,4.26,,,,0,,$461,
2025-03-26,Wed,PB 5/69+1/26 $2 (2015-10-07+),292201338,2,484,484,484,483,227.7,,,0,0,,powerball.com,29783092,3528370,33311462,14891546,0.05096,4.97,,,,0,,$484,
2025-03-29,Sat,PB 5/69+1/26 $2 (2015-10-07+),292201338,2,515,515,515,527,243.8,,,1,1,CA,powerball.com,47255320,5350334,52605654,23627660,0.08086,7.77,,,,0,,$515,
2025-03-31,Mon,PB 5/69+1/26 $2 (2015-10-07+),292201338,2,20,20,20,20,9.3,,,0,0,,powerball.com,13071848,1848459,14920307,6535924,0.02237,2.21,,,,0,,$20,
2025-04-02,Wed,PB 5/69+1/26 $2 (2015-10-07+),292201338,2,30,30,30,31,14.2,,,0,0,,powerball.com,14667586,2066948,16734534,7333793,0.02510,2.48,,,,0,,$30,
2025-04-05,Sat,PB 5/69+1/26 $2 (2015-10-07+),292201338,2,47,47,47,45,21.7,,,0,0,,powerball.com,21924692,2885965,24810657,10962346,0.03752,3.68,,,,0,,$47,
2025-04-07,Mon,PB 5/69+1/26 $2 (2015-10-07+),292201338,2,54,54,54,55,26.5,,,0,0,,powerball.com,14098780,1932557,16031337,7049390,0.02413,2.38,,,,0,,$54,
2025-04-09,Wed,PB 5/69+1/26 $2 (2015-10-07+),292201338,2,65,65,65,66,31.9,,,0,0,,powerball.com,15810686,2145167,17955853,7905343,0.02705,2.67,,,,0,,$65,
2025-04-12,Sat,PB 5/69+1/26 $2 (2015-10-07+),292201338,2,82,82,82,89,39.7,,,0,0,,powerball.com,22969112,2956946,25926058,11484556,0.03930,3.85,,,,0,,$82,
2025-04-14,Mon,PB 5/69+1/26 $2 (2015-10-07+),292201338,2,100,100,100,101,45,,,0,0,,powerball.com,15660990,2062858,17723848,7830495,0.02680,2.64,,,,0,,$100,
2025-04-16,Wed,PB 5/69+1/26 $2 (2015-10-07+),292201338,2,113,113,113,114,51,,,0,0,,powerball.com,17502400,2280486,19782886,8751200,0.02995,2.95,,,,0,,$113,
2025-04-19,Sat,PB 5/69+1/26 $2 (2015-10-07+),292201338,2,131,131,131,129,59.1,,,0,0,,powerball.com,25586362,3139381,28725743,12793181,0.04378,4.28,,,,0,,$131,
2025-04-21,Mon,PB 5/69+1/26 $2 (2015-10-07+),292201338,2,139,139,139,139,63.8,,,0,0,,powerball.com,15752642,2062582,17815224,7876321,0.02696,2.66,,,,0,,$139,
2025-04-23,Wed,PB 5/69+1/26 $2 (2015-10-07+),292201338,2,151,151,151,151,69.4,,,0,0,,powerball.com,18580158,2402805,20982963,9290079,0.03179,3.13,,,,0,,$151,
2025-04-26,Sat,PB 5/69+1/26 $2 (2015-10-07+),292201338,2,168,168,167.3,167,77.3,,,1,1,KY,powerball.com,26221884,3229727,29451611,13110942,0.04487,4.39,,,,0,,$168 $167.3,
2025-04-28,Mon,PB 5/69+1/26 $2 (2015-10-07+),292201338,2,20,20,20,20,9.2,,,0,0,,powerball.com,11965698,1659921,13625619,5982849,0.02048,2.03,,,,0,,$20,
2025-04-30,Wed,PB 5/69+1/26 $2 (2015-10-07+),292201338,2,30,30,30,30,13.9,,,0,0,,powerball.com,13772530,1912246,15684776,6886265,0.02357,2.33,,,,0,,$30,LottoReport parse: date typo on source '04/30/15' -> 2025-04-30
2025-05-03,Sat,PB 5/69+1/26 $2 (2015-10-07+),292201338,2,44,44,44,46,20.9,,,0,0,,powerball.com,20650550,2699876,23350426,10325275,0.03534,3.47,,,,0,,$44,
2025-05-05,Mon,PB 5/69+1/26 $2 (2015-10-07+),292201338,2,54,54,54,55,25.4,,,0,0,,powerball.com,13069710,1790099,14859809,6534855,0.02236,2.21,,,,0,,$54,
2025-05-07,Wed,PB 5/69+1/26 $2 (2015-10-07+),292201338,2,65,65,65,66,30.5,,,0,0,,powerball.com,14881676,2012896,16894572,7440838,0.02546,2.51,,,,0,,$65,
2025-05-10,Sat,PB 5/69+1/26 $2 (2015-10-07+),292201338,2,82,82,82,84,38,,,0,0,,powerball.com,22076946,2817777,24894723,11038473,0.03778,3.71,,,,0,,$82,
2025-05-12,Mon,PB 5/69+1/26 $2 (2015-10-07+),292201338,2,93,93,93,94,42.8,,,0,0,,powerball.com,14089592,1868649,15958241,7044796,0.02411,2.38,,,,0,,$93,
2025-05-14,Wed,PB 5/69+1/26 $2 (2015-10-07+),292201338,2,106,106,106,106,48.3,,,0,0,,powerball.com,16446728,2154363,18601091,8223364,0.02814,2.78,,,,0,,$106,
2025-05-17,Sat,PB 5/69+1/26 $2 (2015-10-07+),292201338,2,123,123,123,125,56.2,,,0,0,,powerball.com,23975906,2965252,26941158,11987953,0.04103,4.02,,,,0,,$123,
2025-05-19,Mon,PB 5/69+1/26 $2 (2015-10-07+),292201338,2,134,134,134,135,60.7,,,0,0,,powerball.com,15162754,1950168,17112922,7581377,0.02595,2.56,,,,0,,$134,
2025-05-21,Wed,PB 5/69+1/26 $2 (2015-10-07+),292201338,2,146,146,146,147,65.9,,,0,0,,powerball.com,17248838,2209738,19458576,8624419,0.02952,2.91,,,,0,,$146,
2025-05-24,Sat,PB 5/69+1/26 $2 (2015-10-07+),292201338,2,163,163,163,167,73.4,,,0,0,,powerball.com,25046674,3047529,28094203,12523337,0.04286,4.20,,,,0,corrected,$163,"CORRECTED: sales page shows $12,523,337 (odd, so impossible for $2 plays, and ~50% of comparable Saturdays); that number equals the ticket count on LottoReport ticketcomparison25, so base sales = 2 x 12,523,337 = $25,046,674 (PowerPlay/base ratio then 12.2%, normal)"
2025-05-26,Mon,PB 5/69+1/26 $2 (2015-10-07+),292201338,2,177,177,177,177,77.9,,,0,0,,powerball.com,14971188,1917287,16888475,7485594,0.02562,2.53,,,,0,,$177,
2025-05-28,Wed,PB 5/69+1/26 $2 (2015-10-07+),292201338,2,189,189,189,190,83.4,,,0,0,,powerball.com,18240452,2307431,20547883,9120226,0.03121,3.07,,,,0,,$189,
2025-05-31,Sat,PB 5/69+1/26 $2 (2015-10-07+),292201338,2,207,207,204.5,205,91.6,,,1,1,CA,powerball.com,27351612,3275282,30626894,13675806,0.04680,4.57,,,,0,,$207 $204.5,
2025-06-02,Mon,PB 5/69+1/26 $2 (2015-10-07+),292201338,2,20,20,20,20,9,,,0,0,,powerball.com,11821186,1629461,13450647,5910593,0.02023,2.00,,,,0,,$20,
2025-06-04,Wed,PB 5/69+1/26 $2 (2015-10-07+),292201338,2,30,30,30,30,13.5,,,0,0,,powerball.com,13461928,1848926,15310854,6730964,0.02304,2.28,,,,0,,$30,
2025-06-07,Sat,PB 5/69+1/26 $2 (2015-10-07+),292201338,2,44,44,44,45,20.2,,,0,0,,powerball.com,19648588,2569202,22217790,9824294,0.03362,3.31,,,,0,,$44,
2025-06-09,Mon,PB 5/69+1/26 $2 (2015-10-07+),292201338,2,54,54,54,54,24.5,,,0,0,,powerball.com,12460316,1698641,14158957,6230158,0.02132,2.11,,,,0,,$54,
2025-06-11,Wed,PB 5/69+1/26 $2 (2015-10-07+),292201338,2,65,65,65,65,29.3,,,0,0,,powerball.com,14241786,1933130,16174916,7120893,0.02437,2.41,,,,0,,$65,
2025-06-14,Sat,PB 5/69+1/26 $2 (2015-10-07+),292201338,2,80,80,80,80,36.3,,,0,0,,powerball.com,20722100,2665792,23387892,10361050,0.03546,3.48,,,,0,,$80,
2025-06-16,Mon,PB 5/69+1/26 $2 (2015-10-07+),292201338,2,90,90,90,90,40.8,,,0,0,,powerball.com,13234672,1782779,15017451,6617336,0.02265,2.24,,,,0,,$90,
2025-06-18,Wed,PB 5/69+1/26 $2 (2015-10-07+),292201338,2,101,101,101,102,46.3,,,0,0,,powerball.com,15888862,2108299,17997161,7944431,0.02719,2.68,,,,0,,$101,
2025-06-21,Sat,PB 5/69+1/26 $2 (2015-10-07+),292201338,2,118,118,118,120,53.8,,,0,0,,powerball.com,22338770,2806707,25145477,11169385,0.03822,3.75,,,,0,,$118,
2025-06-23,Mon,PB 5/69+1/26 $2 (2015-10-07+),292201338,2,128,128,128,129,58.1,,,0,0,,powerball.com,14239658,1884032,16123690,7119829,0.02437,2.41,,,,0,,$128,
2025-06-25,Wed,PB 5/69+1/26 $2 (2015-10-07+),292201338,2,140,140,140,140,63,,,0,0,,powerball.com,16024704,2096054,18120758,8012352,0.02742,2.70,,,,0,,$140,
2025-06-28,Sat,PB 5/69+1/26 $2 (2015-10-07+),292201338,2,155,155,155,153,70,,,0,0,,powerball.com,23387138,2903384,26290522,11693569,0.04002,3.92,,,,0,,$155,
2025-06-30,Mon,PB 5/69+1/26 $2 (2015-10-07+),292201338,2,162,162,162,163,74.7,,,0,0,,powerball.com,15645776,2025269,17671045,7822888,0.02677,2.64,,,,0,,$162,
2025-07-02,Wed,PB 5/69+1/26 $2 (2015-10-07+),292201338,2,174,174,174,175,80.1,,,0,0,,powerball.com,18183506,2340969,20524475,9091753,0.03111,3.06,,,,0,,$174,
2025-07-05,Sat,PB 5/69+1/26 $2 (2015-10-07+),292201338,2,190,190,190,192,87.7,,,0,0,,powerball.com,25170308,3087069,28257377,12585154,0.04307,4.22,,,,0,,$190,
2025-07-07,Mon,PB 5/69+1/26 $2 (2015-10-07+),292201338,2,203,203,203,204,93,,,0,0,,powerball.com,17677380,2231654,19909034,8838690,0.03025,2.98,,,,0,,$203,
2025-07-09,Wed,PB 5/69+1/26 $2 (2015-10-07+),292201338,2,216,216,216,217,98.9,,,0,0,,powerball.com,19722804,2488563,22211367,9861402,0.03375,3.32,,,,0,,$216,
2025-07-12,Sat,PB 5/69+1/26 $2 (2015-10-07+),292201338,2,234,234,234,237,107.5,,,0,0,,powerball.com,28620138,3435957,32056095,14310069,0.04897,4.78,,,,0,,$234,
2025-07-14,Mon,PB 5/69+1/26 $2 (2015-10-07+),292201338,2,248,248,248,250,113.5,,,0,0,,powerball.com,18557912,2310902,20868814,9278956,0.03176,3.13,,,,0,,$248,
2025-07-16,Wed,PB 5/69+1/26 $2 (2015-10-07+),292201338,2,264,264,264,266,120.8,,,0,0,,powerball.com,21293248,2630301,23923549,10646624,0.03644,3.58,,,,0,,$264,
2025-07-19,Sat,PB 5/69+1/26 $2 (2015-10-07+),292201338,2,288,288,288,293,131,,,0,0,,powerball.com,30131400,3549145,33680545,15065700,0.05156,5.03,,,,0,,$288,
2025-07-21,Mon,PB 5/69+1/26 $2 (2015-10-07+),292201338,2,308,308,308,309,138,,,0,0,,powerball.com,20484372,2502592,22986964,10242186,0.03505,3.44,,,,0,,$308,
2025-07-23,Wed,PB 5/69+1/26 $2 (2015-10-07+),292201338,2,325,325,325,326,145.8,,,0,0,,powerball.com,23165724,2807890,25973614,11582862,0.03964,3.89,,,,0,,$325,
2025-07-26,Sat,PB 5/69+1/26 $2 (2015-10-07+),292201338,2,350,350,350,349,157.1,,,0,0,,powerball.com,33147576,3829592,36977168,16573788,0.05672,5.51,,,,0,,$350,
2025-07-28,Mon,PB 5/69+1/26 $2 (2015-10-07+),292201338,2,364,364,364,365,164.5,,,0,0,,powerball.com,21841312,2627668,24468980,10920656,0.03737,3.67,,,,0,,$364,
2025-07-30,Wed,PB 5/69+1/26 $2 (2015-10-07+),292201338,2,384,384,384,384,173,,,0,0,,powerball.com,24909618,2989208,27898826,12454809,0.04262,4.17,,,,0,,$384,
2025-08-02,Sat,PB 5/69+1/26 $2 (2015-10-07+),292201338,2,410,410,410,410,186.1,,,0,0,,powerball.com,38436064,4438064,42874128,19218032,0.06577,6.37,,,,0,,$410,
2025-08-04,Mon,PB 5/69+1/26 $2 (2015-10-07+),292201338,2,426,426,426,429,194.9,,,0,0,,powerball.com,25869490,3053489,28922979,12934745,0.04427,4.33,,,,0,,$426,
2025-08-06,Wed,PB 5/69+1/26 $2 (2015-10-07+),292201338,2,449,449,449,451,204.9,,,0,0,,powerball.com,29532078,3435653,32967731,14766039,0.05053,4.93,,,,0,,$449,
2025-08-09,Sat,PB 5/69+1/26 $2 (2015-10-07+),292201338,2,482,482,482,479,219.4,,,0,0,,powerball.com,42459222,4749750,47208972,21229611,0.07265,7.01,,,,0,,$482,
2025-08-11,Mon,PB 5/69+1/26 $2 (2015-10-07+),292201338,2,501,501,501,503,230.3,,,0,0,,powerball.com,31192040,3673682,34865722,15596020,0.05337,5.20,,,,0,lr_internal_discrepancy,$501,"LR internal discrepancy: ticketcomparison25 says 16,096,020 tickets (=> $32,192,040) vs sales page $31,192,040 (kept)"
2025-08-13,Wed,PB 5/69+1/26 $2 (2015-10-07+),292201338,2,526,526,526,531,243.2,,,0,0,,powerball.com,37898906,4273774,42172680,18949453,0.06485,6.28,,,,0,,$526,
2025-08-16,Sat,PB 5/69+1/26 $2 (2015-10-07+),292201338,2,565,565,565,579,261.5,,,0,0,,powerball.com,53895124,5909221,59804345,26947562,0.09222,8.81,,,,0,,$565,
2025-08-18,Mon,PB 5/69+1/26 $2 (2015-10-07+),292201338,2,605,605,605,609,275.2,,,0,0,,powerball.com,40277598,4507009,44784607,20138799,0.06892,6.66,,,,0,,$605,
2025-08-20,Wed,PB 5/69+1/26 $2 (2015-10-07+),292201338,2,643,643,643,650,293.8,,,0,0,,powerball.com,54508358,5934650,60443008,27254179,0.09327,8.91,,,,0,,$643,
2025-08-23,Sat,PB 5/69+1/26 $2 (2015-10-07+),292201338,2,700,700,700,716,323.1,,,0,0,,powerball.com,86387262,9037474,95424736,43193631,0.14782,13.74,,,,0,,$700,
2025-08-25,Mon,PB 5/69+1/26 $2 (2015-10-07+),292201338,2,750,750,750,777,350.7,,,0,0,,powerball.com,80930698,8426056,89356754,40465349,0.13848,12.93,,,,0,,$750,
2025-08-27,Wed,PB 5/69+1/26 $2 (2015-10-07+),292201338,2,850,815,850,861,388.8,,,0,0,,powerball.com,112197304,11431742,123629046,56098652,0.19199,17.47,,,,0,,$815 $850,
2025-08-30,Sat,PB 5/69+1/26 $2 (2015-10-07+),292201338,2,1000,950,1000,1030,468.3,,,0,0,,powerball.com,233733034,23581948,257314982,116866517,0.39995,32.96,,,,0,,$950 $1 B,
2025-09-01,Mon,PB 5/69+1/26 $2 (2015-10-07+),292201338,2,1100,1100,1100,1200,544.1,,,0,0,,powerball.com,222944156,22657970,245602126,111472078,0.38149,31.72,,,,0,,$1.10 B,
2025-09-03,Wed,PB 5/69+1/26 $2 (2015-10-07+),292201338,2,1400,1300,1400,1440,654.3,,,0,0,,powerball.com,324064424,32849073,356913497,162032212,0.55452,42.57,,,,0,,$1.30 $1.4 B,
2025-09-06,Sat,PB 5/69+1/26 $2 (2015-10-07+),292201338,2,1800,1700,1800,1790,820.6,1787,820.6,1,2,"MO, TX",powerball.com,489114112,48822675,537936787,244557056,0.83695,56.70,,,,0,,$1.7 $1.8 B,Texas Lottery lists 1 Texas jackpot winner (CVO)
2025-09-08,Mon,PB 5/69+1/26 $2 (2015-10-07+),292201338,2,20,20,20,20,9.2,,,0,0,,powerball.com,25474390,3425787,28900177,12737195,0.04359,4.27,,,,0,,$20,
2025-09-10,Wed,PB 5/69+1/26 $2 (2015-10-07+),292201338,2,33,33,33,35,16.2,,,0,0,,powerball.com,20774762,2855132,23629894,10387381,0.03555,3.49,,,,0,,$33,
2025-09-13,Sat,PB 5/69+1/26 $2 (2015-10-07+),292201338,2,50,50,50,55,25.6,,,0,0,,powerball.com,27383106,3585641,30968747,13691553,0.04686,4.58,,,,0,,$50,
2025-09-15,Mon,PB 5/69+1/26 $2 (2015-10-07+),292201338,2,64,64,64,67,31.2,,,0,0,,powerball.com,16638090,2285594,18923684,8319045,0.02847,2.81,,,,0,,$64,
2025-09-17,Wed,PB 5/69+1/26 $2 (2015-10-07+),292201338,2,81,81,81,80,37.6,,,0,0,,powerball.com,18863832,2561349,21425181,9431916,0.03228,3.18,,,,0,,$81,
2025-09-20,Sat,PB 5/69+1/26 $2 (2015-10-07+),292201338,2,99,99,99,101,46.9,,,0,0,,powerball.com,27397808,3522864,30920672,13698904,0.04688,4.58,,,,0,,$99,
2025-09-22,Mon,PB 5/69+1/26 $2 (2015-10-07+),292201338,2,113,113,113,114,52.8,,,0,0,,powerball.com,17330344,2307587,19637931,8665172,0.02965,2.92,,,,0,,$113,
2025-09-24,Wed,PB 5/69+1/26 $2 (2015-10-07+),292201338,2,127,127,127,127,59,,,0,0,,powerball.com,19514392,2586758,22101150,9757196,0.03339,3.28,,,,0,,$127,
2025-09-27,Sat,PB 5/69+1/26 $2 (2015-10-07+),292201338,2,145,145,145,148,68.5,,,0,0,,powerball.com,27881112,3530879,31411991,13940556,0.04771,4.66,,,,0,,$145,
2025-09-29,Mon,PB 5/69+1/26 $2 (2015-10-07+),292201338,2,160,160,160,160,74.4,,,0,0,,powerball.com,17341460,2295205,19636665,8670730,0.02967,2.92,,,,0,,$160,
2025-10-01,Wed,PB 5/69+1/26 $2 (2015-10-07+),292201338,2,174,174,174,175,81.2,,,0,0,,powerball.com,20224000,2667549,22891549,10112000,0.03461,3.40,,,,0,,$174,
2025-10-04,Sat,PB 5/69+1/26 $2 (2015-10-07+),292201338,2,195,195,195,194,91,,,0,0,,powerball.com,28852002,3626538,32478540,14426001,0.04937,4.82,,,,1,,$195,
2025-10-06,Mon,PB 5/69+1/26 $2 (2015-10-07+),292201338,2,207,207,207,208,97.2,,,0,0,,powerball.com,18479362,2399904,20879266,9239681,0.03162,3.11,,,,0,,$207,
2025-10-08,Wed,PB 5/69+1/26 $2 (2015-10-07+),292201338,2,223,223,223,223,104.3,,,0,0,,powerball.com,20930564,2683708,23614272,10465282,0.03582,3.52,,,,0,,$223,
2025-10-11,Sat,PB 5/69+1/26 $2 (2015-10-07+),292201338,2,244,244,244,244,114.4,,,0,0,,powerball.com,29707474,3637589,33345063,14853737,0.05083,4.96,,,,0,,$244,
2025-10-13,Mon,PB 5/69+1/26 $2 (2015-10-07+),292201338,2,258,258,258,258,120.6,,,0,0,,powerball.com,18482226,2362069,20844295,9241113,0.03163,3.11,,,,0,,$258,
2025-10-15,Wed,PB 5/69+1/26 $2 (2015-10-07+),292201338,2,273,273,273,273,127.9,,,0,0,,powerball.com,21509236,2721262,24230498,10754618,0.03681,3.61,,,,0,,$273,
2025-10-18,Sat,PB 5/69+1/26 $2 (2015-10-07+),292201338,2,295,295,295,290,138.2,,,0,0,,powerball.com,30621266,3702970,34324236,15310633,0.05240,5.10,,,,0,,$295,
2025-10-20,Mon,PB 5/69+1/26 $2 (2015-10-07+),292201338,2,304,304,304,305,144.9,,,0,0,,powerball.com,20085568,2532441,22618009,10042784,0.03437,3.38,,,,0,,$304,
2025-10-22,Wed,PB 5/69+1/26 $2 (2015-10-07+),292201338,2,320,320,320,321,152.7,,,0,0,,powerball.com,23083110,2877877,25960987,11541555,0.03950,3.87,,,,0,,$320,
2025-10-25,Sat,PB 5/69+1/26 $2 (2015-10-07+),292201338,2,344,344,344,344,164,,,0,0,,powerball.com,33358400,3949345,37307745,16679200,0.05708,5.55,,,,0,,$344,
2025-10-27,Mon,PB 5/69+1/26 $2 (2015-10-07+),292201338,2,358,358,358,359,171.1,,,0,0,,powerball.com,21120194,2616614,23736808,10560097,0.03614,3.55,,,,0,,$358,
2025-10-29,Wed,PB 5/69+1/26 $2 (2015-10-07+),292201338,2,376,376,376,375,179,,,0,0,,powerball.com,23477302,2870289,26347591,11738651,0.04017,3.94,,,,0,,$376,
2025-11-01,Sat,PB 5/69+1/26 $2 (2015-10-07+),292201338,2,400,400,400,404,191.1,,,0,0,,powerball.com,35833030,4198105,40031135,17916515,0.06132,5.95,,,,0,,$400,
2025-11-03,Mon,PB 5/69+1/26 $2 (2015-10-07+),292201338,2,419,419,419,421,198.9,,,0,0,,powerball.com,23091182,2833286,25924468,11545591,0.03951,3.87,,,,0,,$419,
2025-11-05,Wed,PB 5/69+1/26 $2 (2015-10-07+),292201338,2,438,438,438,440,207.8,,,0,0,,powerball.com,26294730,3164240,29458970,13147365,0.04499,4.40,,,,0,,$438,
2025-11-08,Sat,PB 5/69+1/26 $2 (2015-10-07+),292201338,2,467,467,467,474,221.4,,,0,0,,powerball.com,39859426,4566783,44426209,19929713,0.06821,6.59,,,,0,,$467,
2025-11-10,Mon,PB 5/69+1/26 $2 (2015-10-07+),292201338,2,490,490,490,492,229.9,,,0,0,,powerball.com,25295498,3032597,28328095,12647749,0.04328,4.24,,,,0,,$490,
2025-11-12,Wed,PB 5/69+1/26 $2 (2015-10-07+),292201338,2,512,512,512,516,240.9,,,0,0,,powerball.com,32220580,3686152,35906732,16110290,0.05513,5.36,,,,0,,$512,
2025-11-15,Sat,PB 5/69+1/26 $2 (2015-10-07+),292201338,2,546,546,546,549,256.9,,,0,0,,powerball.com,47217762,5284192,52501954,23608881,0.08080,7.76,,,,0,,$546,
2025-11-17,Mon,PB 5/69+1/26 $2 (2015-10-07+),292201338,2,570,570,570,569,266.3,,,0,0,,powerball.com,27947756,3378893,31326649,13973878,0.04782,4.67,,,,0,,$570,
2025-11-19,Wed,PB 5/69+1/26 $2 (2015-10-07+),292201338,2,593,593,593,592,277.3,,,0,0,,powerball.com,32470340,3841167,36311507,16235170,0.05556,5.40,,,,0,,$593,
2025-11-22,Sat,PB 5/69+1/26 $2 (2015-10-07+),292201338,2,629,629,629,633,293.2,,,0,0,,powerball.com,46849744,5294235,52143979,23424872,0.08017,7.70,,,,0,,$629,
2025-11-24,Mon,PB 5/69+1/26 $2 (2015-10-07+),292201338,2,654,654,654,655,303.8,,,0,0,,powerball.com,31213060,3634678,34847738,15606530,0.05341,5.20,,,,0,,$654,
2025-11-26,Wed,PB 5/69+1/26 $2 (2015-10-07+),292201338,2,681,681,681,685,317.5,,,0,0,,powerball.com,40112662,4533063,44645725,20056331,0.06864,6.63,,,,0,,$681,
2025-11-29,Sat,PB 5/69+1/26 $2 (2015-10-07+),292201338,2,719,719,719,715,334.3,,,0,0,,powerball.com,49642320,5592489,55234809,24821160,0.08495,8.14,,,,0,,$719,
2025-12-01,Mon,PB 5/69+1/26 $2 (2015-10-07+),292201338,2,740,740,740,745,348.3,,,0,0,,powerball.com,41142270,4647064,45789334,20571135,0.07040,6.80,,,,0,,$740,
2025-12-03,Wed,PB 5/69+1/26 $2 (2015-10-07+),292201338,2,775,775,775,779,364.3,,,0,0,,powerball.com,46909558,5252974,52162532,23454779,0.08027,7.71,,,,0,,$775,
2025-12-06,Sat,PB 5/69+1/26 $2 (2015-10-07+),292201338,2,820,820,820,841,388.1,,,0,0,,powerball.com,70000608,7543020,77543628,35000304,0.11978,11.29,,,,0,,$820,
2025-12-08,Mon,PB 5/69+1/26 $2 (2015-10-07+),292201338,2,875,875,875,880,405.9,,,0,0,,powerball.com,52355702,5725328,58081030,26177851,0.08959,8.57,,,,0,,$875,
2025-12-10,Wed,PB 5/69+1/26 $2 (2015-10-07+),292201338,2,930,930,930,936,431.5,,,0,0,,powerball.com,75391984,7957110,83349094,37695992,0.12901,12.10,,,,0,,$930,
2025-12-13,Sat,PB 5/69+1/26 $2 (2015-10-07+),292201338,2,1000,1000,1000,1060,484.6,,,0,0,,powerball.com,155964094,15816271,171780365,77982047,0.26688,23.42,,,,0,,$1 Billion,
2025-12-15,Mon,PB 5/69+1/26 $2 (2015-10-07+),292201338,2,1100,1100,1100,1150,524.7,,,0,0,,powerball.com,118003510,12280217,130283727,59001755,0.20192,18.28,,,,0,,$1.10 B,
2025-12-17,Wed,PB 5/69+1/26 $2 (2015-10-07+),292201338,2,1250,1250,1250,1270,579.7,,,0,0,,powerball.com,161854018,16335103,178189121,80927009,0.27696,24.19,,,,0,,$1.25 B,
2025-12-20,Sat,PB 5/69+1/26 $2 (2015-10-07+),292201338,2,1500,1500,1500,1430,659.3,,,0,0,,powerball.com,233888492,23487135,257375627,116944246,0.40022,32.98,,,,0,,$1.5 B,
2025-12-22,Mon,PB 5/69+1/26 $2 (2015-10-07+),292201338,2,1600,1600,1600,1590,729.1,,,0,0,,powerball.com,205482346,20881178,226363524,102741173,0.35161,29.64,,,,0,,$1.6 B,
2025-12-24,Wed,PB 5/69+1/26 $2 (2015-10-07+),292201338,2,1700,1700,1700,1820,834.9,1817,834.9,1,1,AR,powerball.com,311105354,30908500,342013854,155552677,0.53235,41.28,,,,0,,$1.7 B,
2025-12-27,Sat,PB 5/69+1/26 $2 (2015-10-07+),292201338,2,20,20,20,21,9.7,,,0,0,,powerball.com,28599644,3753585,32353229,14299822,0.04894,4.78,,,,0,,$20,
2025-12-29,Mon,PB 5/69+1/26 $2 (2015-10-07+),292201338,2,33,33,33,34,15.8,,,0,0,,powerball.com,17816328,2434062,20250390,8908164,0.03049,3.00,,,,0,,$33,
2025-12-31,Wed,PB 5/69+1/26 $2 (2015-10-07+),292201338,2,45,45,45,53,24.6,,,0,0,,powerball.com,25855206,3383459,29238665,12927603,0.04424,4.33,,,,0,,$45,
2026-01-03,Sat,PB 5/69+1/26 $2 (2015-10-07+),292201338,2,64,64,64,74,33.6,,,0,0,,powerball.com,26563552,3552561,30116113,13281776,0.04545,4.44,,,,0,,$64,
2026-01-05,Mon,PB 5/69+1/26 $2 (2015-10-07+),292201338,2,86,86,86,88,39.8,,,0,0,,powerball.com,18111816,2499941,20611757,9055908,0.03099,3.05,,,,0,,$86,
2026-01-07,Wed,PB 5/69+1/26 $2 (2015-10-07+),292201338,2,105,105,105,104,47,,,0,0,,powerball.com,21130224,2799786,23930010,10565112,0.03616,3.55,,,,0,,$105,
2026-01-10,Sat,PB 5/69+1/26 $2 (2015-10-07+),292201338,2,124,124,124,126,57.1,,,0,0,,powerball.com,29721946,3785944,33507890,14860973,0.05086,4.96,,,,0,,$124,
2026-01-12,Mon,PB 5/69+1/26 $2 (2015-10-07+),292201338,2,137,137,137,141,63.6,,,0,0,,powerball.com,19294276,2566290,21860566,9647138,0.03302,3.25,,,,0,,$137,
2026-01-14,Wed,PB 5/69+1/26 $2 (2015-10-07+),292201338,2,156,156,156,157,71,,,0,0,,powerball.com,21719820,2842616,24562436,10859910,0.03717,3.65,,,,0,,$156,
2026-01-17,Sat,PB 5/69+1/26 $2 (2015-10-07+),292201338,2,179,179,179,178,81.2,,,0,0,,powerball.com,29982380,3770078,33752458,14991190,0.05130,5.00,,,,0,,$179,
2026-01-19,Mon,PB 5/69+1/26 $2 (2015-10-07+),292201338,2,193,193,193,193,87.7,,,0,0,,powerball.com,19021190,2516215,21537405,9510595,0.03255,3.20,,,,0,,$193,
2026-01-21,Wed,PB 5/69+1/26 $2 (2015-10-07+),292201338,2,209,209,209,209,95.3,,,1,1,NC,powerball.com,24477778,2916446,27394224,12238889,0.04189,4.10,,,,0,lr_internal_discrepancy,$209,"LR internal discrepancy: ticketcomparison (2026) says 11,238,889 tickets (=> $22,477,778) vs sales page $24,477,778 (kept; PowerPlay ratio slightly favours the lower value)"
2026-01-24,Sat,PB 5/69+1/26 $2 (2015-10-07+),292201338,2,20,20,20,20,9,,,0,0,,powerball.com,23435644,3043581,26479225,11717822,0.04010,3.93,,,,0,,$20,
2026-01-26,Mon,PB 5/69+1/26 $2 (2015-10-07+),292201338,2,30,30,30,29,13,,,0,0,,powerball.com,11510310,1626213,13136523,5755155,0.01970,1.95,,,,0,,$30,
2026-01-28,Wed,PB 5/69+1/26 $2 (2015-10-07+),292201338,2,43,43,43,41,18.4,,,0,0,,powerball.com,15975932,2198395,18174327,7987966,0.02734,2.70,,,,0,,$43,
2026-01-31,Sat,PB 5/69+1/26 $2 (2015-10-07+),292201338,2,57,57,57,59,26.5,,,0,0,,powerball.com,23755276,3166017,26921293,11877638,0.04065,3.98,,,,0,,$57,
2026-02-02,Mon,PB 5/69+1/26 $2 (2015-10-07+),292201338,2,65,65,65,70,31.6,,,0,0,,powerball.com,15107474,2100459,17207933,7553737,0.02585,2.55,,,,0,,$65,
2026-02-04,Wed,PB 5/69+1/26 $2 (2015-10-07+),292201338,2,80,80,80,83,37.6,,,0,0,,powerball.com,17575656,2397754,19973410,8787828,0.03007,2.96,,,,0,,$80,
2026-02-07,Sat,PB 5/69+1/26 $2 (2015-10-07+),292201338,2,102,102,102,101,46.5,,,0,0,,powerball.com,26098860,3344158,29443018,13049430,0.04466,4.37,,,,0,,$102,
2026-02-09,Mon,PB 5/69+1/26 $2 (2015-10-07+),292201338,2,113,113,113,113,52,,,0,0,,powerball.com,16294126,2180521,18474647,8147063,0.02788,2.75,,,,0,,$113,
2026-02-11,Wed,PB 5/69+1/26 $2 (2015-10-07+),292201338,2,126,126,126,126,58,,,0,0,,powerball.com,18742240,2491747,21233987,9371120,0.03207,3.16,,,,0,,$126,
2026-02-14,Sat,PB 5/69+1/26 $2 (2015-10-07+),292201338,2,146,146,146,142,66.7,,,0,0,,powerball.com,27703938,3479639,31183577,13851969,0.04741,4.63,,,,0,,$146,
2026-02-16,Mon,PB 5/69+1/26 $2 (2015-10-07+),292201338,2,154,154,154,155,72.5,,,0,0,,powerball.com,17042488,2245432,19287920,8521244,0.02916,2.87,,,,0,,$154,
2026-02-18,Wed,PB 5/69+1/26 $2 (2015-10-07+),292201338,2,169,169,169,169,79.1,,,0,0,,powerball.com,19528694,2539075,22067769,9764347,0.03342,3.29,,,,0,,$169,
2026-02-21,Sat,PB 5/69+1/26 $2 (2015-10-07+),292201338,2,190,190,190,190,88.7,,,0,0,,powerball.com,28032050,3502742,31534792,14016025,0.04797,4.68,,,,0,,$190,
2026-02-23,Mon,PB 5/69+1/26 $2 (2015-10-07+),292201338,2,203,203,203,203,94.4,,,0,0,,powerball.com,16886682,2230657,19117339,8443341,0.02890,2.85,,,,0,,$203,
2026-02-25,Wed,PB 5/69+1/26 $2 (2015-10-07+),292201338,2,218,218,218,217,101.3,,,0,0,,powerball.com,20200622,2623628,22824250,10100311,0.03457,3.40,,,,0,,$218,
2026-02-28,Sat,PB 5/69+1/26 $2 (2015-10-07+),292201338,2,238,238,238,237,111.5,,,0,0,,powerball.com,30064288,3719734,33784022,15032144,0.05144,5.01,,,,0,,$238,
2026-03-02,Mon,PB 5/69+1/26 $2 (2015-10-07+),292201338,2,249,249,249,251,118,,,1,1,AR,powerball.com,19125652,2475087,21600739,9562826,0.03273,3.22,,,,0,,$249,
2026-03-04,Wed,PB 5/69+1/26 $2 (2015-10-07+),292201338,2,20,20,20,20,9.4,,,0,0,,powerball.com,15498484,2135174,17633658,7749242,0.02652,2.62,,,,0,,$20,
2026-03-07,Sat,PB 5/69+1/26 $2 (2015-10-07+),292201338,2,35,35,35,37,16.9,,,0,0,,powerball.com,22044388,2909652,24954040,11022194,0.03772,3.70,,,,0,,$35,
2026-03-09,Mon,PB 5/69+1/26 $2 (2015-10-07+),292201338,2,46,46,46,47,21.7,,,0,0,,powerball.com,14202976,1953517,16156493,7101488,0.02430,2.40,,,,0,,$46,
2026-03-11,Wed,PB 5/69+1/26 $2 (2015-10-07+),292201338,2,58,58,58,59,27.2,,,0,0,,powerball.com,16154730,2206129,18360859,8077365,0.02764,2.73,,,,0,,$58,
2026-03-14,Sat,PB 5/69+1/26 $2 (2015-10-07+),292201338,2,75,75,75,78,35.3,,,0,0,,powerball.com,23837402,3077888,26915290,11918701,0.04079,4.00,,,,0,,$75,
2026-03-16,Mon,PB 5/69+1/26 $2 (2015-10-07+),292201338,2,88,88,88,89,40.5,,,0,0,,powerball.com,15069892,2040123,17110015,7534946,0.02579,2.55,,,,0,,$88,
2026-03-18,Wed,PB 5/69+1/26 $2 (2015-10-07+),292201338,2,101,101,101,103,46.8,,,0,0,,powerball.com,18679690,2459019,21138709,9339845,0.03196,3.15,,,,0,,$101,
2026-03-21,Sat,PB 5/69+1/26 $2 (2015-10-07+),292201338,2,120,120,120,123,55.8,,,0,0,,powerball.com,26913388,3363639,30277027,13456694,0.04605,4.50,,,,0,,$120,
2026-03-23,Mon,PB 5/69+1/26 $2 (2015-10-07+),292201338,2,133,133,133,135,61,,,0,0,,powerball.com,17346912,2252236,19599148,8673456,0.02968,2.92,,,,0,,$133,
2026-03-25,Wed,PB 5/69+1/26 $2 (2015-10-07+),292201338,2,147,147,147,148,66.9,,,0,0,,powerball.com,19766642,2576539,22343181,9883321,0.03382,3.33,,,,0,,$147,
2026-03-28,Sat,PB 5/69+1/26 $2 (2015-10-07+),292201338,2,166,166,166,168,75.4,,,0,0,,powerball.com,28190868,3495126,31685994,14095434,0.04824,4.71,,,,0,,$166,
2026-03-30,Mon,PB 5/69+1/26 $2 (2015-10-07+),292201338,2,180,180,180,180,80.9,,,0,0,,powerball.com,18543556,2404815,20948371,9271778,0.03173,3.12,,,,0,,$180,
2026-04-01,Wed,PB 5/69+1/26 $2 (2015-10-07+),292201338,2,194,194,194,195,87.5,,,0,0,,powerball.com,21491174,2756962,24248136,10745587,0.03677,3.61,,,,0,,$194,
2026-04-04,Sat,PB 5/69+1/26 $2 (2015-10-07+),292201338,2,217,217,217,216,98.2,,,0,0,,powerball.com,31430910,3797126,35228036,15715455,0.05378,5.24,,,,0,,$217,
2026-04-06,Mon,PB 5/69+1/26 $2 (2015-10-07+),292201338,2,231,231,231,231,104.9,,,1,1,DE,powerball.com,19749568,2533993,22283561,9874784,0.03379,3.32,,,,0,,$231,
2026-04-08,Wed,PB 5/69+1/26 $2 (2015-10-07+),292201338,2,20,20,20,20,9.1,,,0,0,,powerball.com,15162386,2099548,17261934,7581193,0.02595,2.56,,,,0,,$20,
2026-04-11,Sat,PB 5/69+1/26 $2 (2015-10-07+),292201338,2,35,35,35,36,16.4,,,0,0,,powerball.com,21640146,2842605,24482751,10820073,0.03703,3.64,,,,0,,$35,
2026-04-13,Mon,PB 5/69+1/26 $2 (2015-10-07+),292201338,2,45,45,45,47,21.3,,,0,0,,powerball.com,14125854,1937790,16063644,7062927,0.02417,2.39,,,,0,,$45,
2026-04-15,Wed,PB 5/69+1/26 $2 (2015-10-07+),292201338,2,58,58,58,59,26.7,,,0,0,,powerball.com,16114636,2194461,18309097,8057318,0.02757,2.72,,,,0,,$58,
2026-04-18,Sat,PB 5/69+1/26 $2 (2015-10-07+),292201338,2,75,75,75,76,34.6,,,0,0,,powerball.com,23096366,2990027,26086393,11548183,0.03952,3.88,,,,0,,$75,
2026-04-20,Mon,PB 5/69+1/26 $2 (2015-10-07+),292201338,2,87,87,87,87,39.7,,,0,0,,powerball.com,15096750,2058349,17155099,7548375,0.02583,2.55,,,,0,,$87,
2026-04-22,Wed,PB 5/69+1/26 $2 (2015-10-07+),292201338,2,100,100,100,100,45.8,,,0,0,,powerball.com,17926236,2377206,20303442,8963118,0.03067,3.02,,,,0,,$100,
2026-04-25,Sat,PB 5/69+1/26 $2 (2015-10-07+),292201338,2,118,118,118,120,54.5,,,0,0,,powerball.com,25626850,3220174,28847024,12813425,0.04385,4.29,,,,0,,$118,
2026-04-27,Mon,PB 5/69+1/26 $2 (2015-10-07+),292201338,2,130,130,130,131,59.5,,,0,0,,powerball.com,16670798,2186413,18857211,8335399,0.02853,2.81,,,,0,,$130,
2026-04-29,Wed,PB 5/69+1/26 $2 (2015-10-07+),292201338,2,143,143,143,143,65.2,,,1,2,"IN, KS",powerball.com,18886422,2453625,21340047,9443211,0.03232,3.18,,,,0,,$143,
2026-05-02,Sat,PB 5/69+1/26 $2 (2015-10-07+),292201338,2,20,20,20,20,9,,,1,2,"FL, TX",powerball.com,20900778,2774015,23674793,10450389,0.03576,3.51,,,,0,,$20,Texas Lottery lists 1 Texas jackpot winner (CVO)
2026-05-04,Mon,PB 5/69+1/26 $2 (2015-10-07+),292201338,2,20,20,20,20,9,,,0,0,,powerball.com,12897798,1804805,14702603,6448899,0.02207,2.18,,,,0,,$20,
2026-05-06,Wed,PB 5/69+1/26 $2 (2015-10-07+),292201338,2,30,30,30,31,14,,,0,0,,powerball.com,14804514,2034851,16839365,7402257,0.02533,2.50,,,,0,,$30,
2026-05-09,Sat,PB 5/69+1/26 $2 (2015-10-07+),292201338,2,47,47,47,48,21.5,,,0,0,,powerball.com,21901868,2847477,24749345,10950934,0.03748,3.68,,,,0,,$47,
2026-05-11,Mon,PB 5/69+1/26 $2 (2015-10-07+),292201338,2,57,57,57,58,26.2,,,0,0,,powerball.com,13910292,1897071,15807363,6955146,0.02380,2.35,,,,0,,$57,
2026-05-13,Wed,PB 5/69+1/26 $2 (2015-10-07+),292201338,2,69,69,69,70,31.6,,,0,0,,powerball.com,15790488,2138779,17929267,7895244,0.02702,2.67,,,,0,,$69,
2026-05-16,Sat,PB 5/69+1/26 $2 (2015-10-07+),292201338,2,86,86,86,89,39.3,,,0,0,,powerball.com,22622080,2902435,25524515,11311040,0.03871,3.80,,,,0,,$86,
2026-05-18,Mon,PB 5/69+1/26 $2 (2015-10-07+),292201338,2,100,100,100,101,44.5,,,0,0,,powerball.com,15480214,2040414,17520628,7740107,0.02649,2.61,,,,0,,$100,
2026-05-20,Wed,PB 5/69+1/26 $2 (2015-10-07+),292201338,2,113,113,113,115,50.4,,,0,0,,powerball.com,17179994,2256757,19436751,8589997,0.02940,2.90,,,,0,,$113,
2026-05-23,Sat,PB 5/69+1/26 $2 (2015-10-07+),292201338,2,131,131,131,132,58.1,,,0,0,,powerball.com,24916590,3122942,28039532,12458295,0.04264,4.17,,,,0,,$131,
2026-05-25,Mon,PB 5/69+1/26 $2 (2015-10-07+),292201338,2,141,141,141,142,62.6,,,0,0,,powerball.com,14948590,1967074,16915664,7474295,0.02558,2.53,,,,0,,$141,
2026-05-27,Wed,PB 5/69+1/26 $2 (2015-10-07+),292201338,2,154,154,154,155,68,,,0,0,,powerball.com,18008404,2334675,20343079,9004202,0.03082,3.03,,,,0,,$154,
2026-05-30,Sat,PB 5/69+1/26 $2 (2015-10-07+),292201338,2,172,172,172,170,75.9,,,0,0,,powerball.com,26143846,3284912,29428758,13071923,0.04474,4.38,,,,0,,$172,
2026-06-01,Mon,PB 5/69+1/26 $2 (2015-10-07+),292201338,2,180,180,180,181,81,,,0,0,,powerball.com,17066368,2229236,19295604,8533184,0.02920,2.88,,,,0,,$180,
2026-06-03,Wed,PB 5/69+1/26 $2 (2015-10-07+),292201338,2,194,194,194,194,86.8,,,0,0,,powerball.com,19284612,2467915,21752527,9642306,0.03300,3.25,,,,0,,$194,
2026-06-06,Sat,PB 5/69+1/26 $2 (2015-10-07+),292201338,2,212,212,212,213,95,,,0,0,,powerball.com,27460454,3375658,30836112,13730227,0.04699,4.59,,,,0,,$212,
2026-06-08,Mon,PB 5/69+1/26 $2 (2015-10-07+),292201338,2,225,225,225,225,100.4,,,0,0,,powerball.com,18075958,2303945,20379903,9037979,0.03093,3.05,,,,0,,$225,
2026-06-10,Wed,PB 5/69+1/26 $2 (2015-10-07+),292201338,2,238,238,238,239,106.5,,,0,0,,powerball.com,20380272,2569594,22949866,10190136,0.03487,3.43,,,,0,,$238,
2026-06-13,Sat,PB 5/69+1/26 $2 (2015-10-07+),292201338,2,258,258,258,257,115,,,0,0,,powerball.com,28326840,3458674,31785514,14163420,0.04847,4.73,,,,0,,$258,
2026-06-15,Mon,PB 5/69+1/26 $2 (2015-10-07+),292201338,2,269,269,269,269,120.5,,,0,0,,powerball.com,18337824,2343014,20680838,9168912,0.03138,3.09,,,,0,,$269,
2026-06-17,Wed,PB 5/69+1/26 $2 (2015-10-07+),292201338,2,283,283,283,283,126.7,,,0,0,,powerball.com,20639550,2601361,23240911,10319775,0.03532,3.47,,,,0,,$283,
2026-06-20,Sat,PB 5/69+1/26 $2 (2015-10-07+),292201338,2,302,302,302,300,135.8,,,0,0,,powerball.com,30112728,3623311,33736039,15056364,0.05153,5.02,,,,0,,$302,
2026-06-22,Mon,PB 5/69+1/26 $2 (2015-10-07+),292201338,2,312,312,312,313,141.6,,,0,0,,powerball.com,19521798,2448812,21970610,9760899,0.03340,3.29,,,,0,,$312,
2026-06-24,Wed,PB 5/69+1/26 $2 (2015-10-07+),292201338,2,327,327,327,327,148.2,,,0,0,,powerball.com,21999044,2729375,24728419,10999522,0.03764,3.69,,,,0,,$327,
2026-06-27,Sat,PB 5/69+1/26 $2 (2015-10-07+),292201338,2,348,348,348,346,157.6,,,0,0,,powerball.com,31204716,3739398,34944114,15602358,0.05340,5.20,,,,0,,$348,
2026-06-29,Mon,PB 5/69+1/26 $2 (2015-10-07+),292201338,2,360,360,360,360,163.8,,,0,0,,powerball.com,20519148,2562729,23081877,10259574,0.03511,3.45,,,,0,,$360,
2026-07-01,Wed,PB 5/69+1/26 $2 (2015-10-07+),292201338,2,375,375,375,375,170.8,,,0,0,,powerball.com,23457596,2919093,26376689,11728798,0.04014,3.93,,,,0,,$375,
2026-07-04,Sat,PB 5/69+1/26 $2 (2015-10-07+),292201338,2,396,396,396,403,180.7,,,0,0,,powerball.com,32970894,3943725,36914619,16485447,0.05642,5.49,,,,0,,$396,
2026-07-06,Mon,PB 5/69+1/26 $2 (2015-10-07+),292201338,2,416,416,416,418,187.3,,,0,0,,powerball.com,22089216,2759048,24848264,11044608,0.03780,3.71,,,,0,,$416,
2026-07-08,Wed,PB 5/69+1/26 $2 (2015-10-07+),292201338,2,434,434,434,435,195,,,0,0,,powerball.com,25668738,3125192,28793930,12834369,0.04392,4.30,,,,0,,$434,
2026-07-11,Sat,PB 5/69+1/26 $2 (2015-10-07+),292201338,2,457,457,457,464,205.9,,,0,0,,powerball.com,36413182,4306524,40719706,18206591,0.06231,6.04,,,,0,,$457,
2026-07-13,Mon,PB 5/69+1/26 $2 (2015-10-07+),292201338,2,478,478,478,480,213.2,,,0,0,,powerball.com,24076500,2945803,27022303,12038250,0.04120,4.04,,,,0,,$478,
2026-07-15,Wed,PB 5/69+1/26 $2 (2015-10-07+),292201338,2,498,498,498,499,221.6,,,0,0,,powerball.com,28057672,3382871,31440543,14028836,0.04801,4.69,,,,0,,$498,
2026-07-18,Sat,PB 5/69+1/26 $2 (2015-10-07+),292201338,2,526,526,526,526,233.7,,,0,0,,powerball.com,40480066,4703251,45183317,20240033,0.06927,6.69,,,,0,,$526,
2026-07-20,Mon,PB 5/69+1/26 $2 (2015-10-07+),292201338,2,544,544,544,545,242,,,0,0,,powerball.com,27479778,3325259,30805037,13739889,0.04702,4.59,,,,0,,$544,
2026-07-22,Wed,PB 5/69+1/26 $2 (2015-10-07+),292201338,2,567,567,567,570,253,,,0,0,,powerball.com,35387160,3859210,39246370,17693580,0.06055,5.88,,,,0,,$567,UK players joined the Powerball jackpot pool from 2026-07-22 (per LottoReport); unknown whether UK sales are included
2026-07-25,Sat,PB 5/69+1/26 $2 (2015-10-07+),292201338,2,600,600,600,613,268.4,,,0,0,,powerball.com,52633888,5573823,58207711,26316944,0.09006,8.61,,,,0,,$600,UK players joined the Powerball jackpot pool from 2026-07-22 (per LottoReport); unknown whether UK sales are included
2026-07-27,Mon,PB 5/69+1/26 $2 (2015-10-07+),292201338,2,633,633,633,638,279.3,,,0,0,,powerball.com,36525916,4064702,40590618,18262958,0.06250,6.06,,,,0,,$633,UK players joined the Powerball jackpot pool from 2026-07-22 (per LottoReport); unknown whether UK sales are included
2026-07-29,Wed,PB 5/69+1/26 $2 (2015-10-07+),292201338,2,663,663,663,668,292.5,,,0,0,,powerball.com,43701972,4800981,48502953,21850986,0.07478,7.21,,,,0,,$663,UK players joined the Powerball jackpot pool from 2026-07-22 (per LottoReport); unknown whether UK sales are included
2026-08-01,Sat,PB 5/69+1/26 $2 (2015-10-07+),292201338,2,707,707,707,719,312.4,,,0,0,,powerball.com,66309884,7194454,73504338,33154942,0.11347,10.73,,,,0,,$707,UK players joined the Powerball jackpot pool from 2026-07-22 (per LottoReport); unknown whether UK sales are included
2026-08-03,Mon,PB 5/69+1/26 $2 (2015-10-07+),292201338,2,748,748,748,754,327.5,,,0,0,,powerball.com,50518060,5609161,56127221,25259030,0.08644,8.28,,,,0,,$748,UK players joined the Powerball jackpot pool from 2026-07-22 (per LottoReport); unknown whether UK sales are included
2026-08-05,Wed,PB 5/69+1/26 $2 (2015-10-07+),292201338,2,786,786,786,794,345.2,,,0,0,,powerball.com,58978950,6412684,65391634,29489475,0.10092,9.60,,,,0,,$786,UK players joined the Powerball jackpot pool from 2026-07-22 (per LottoReport); unknown whether UK sales are included
2026-08-08,Sat,PB 5/69+1/26 $2 (2015-10-07+),292201338,2,856,856,856,864,374.1,,,0,0,,powerball.com,96332144,10152487,106484631,48166072,0.16484,15.20,,,,0,,$856,UK players joined the Powerball jackpot pool from 2026-07-22 (per LottoReport); unknown whether UK sales are included
2026-08-10,Mon,PB 5/69+1/26 $2 (2015-10-07+),292201338,2,905,905,905,929,402.4,,,0,0,,powerball.com,94188092,9977110,104165202,47094046,0.16117,14.89,,,,0,,$905,UK players joined the Powerball jackpot pool from 2026-07-22 (per LottoReport); unknown whether UK sales are included
2026-08-12,Wed,PB 5/69+1/26 $2 (2015-10-07+),292201338,2,1000,975,1040,1040,450.5,1040,450.5,1,1,IL,powerball.com,157235762,16329007,173564769,78617881,0.26905,23.59,,,,0,,$975 $1.040 B,UK players joined the Powerball jackpot pool from 2026-07-22 (per LottoReport); unknown whether UK sales are included
2026-08-15,Sat,PB 5/69+1/26 $2 (2015-10-07+),292201338,2,20,20,20,22,9.4,,,0,0,,powerball.com,27661184,3479037,31140221,13830592,0.04733,4.62,,,,0,,$20,UK players joined the Powerball jackpot pool from 2026-07-22 (per LottoReport); unknown whether UK sales are included
2026-08-17,Mon,PB 5/69+1/26 $2 (2015-10-07+),292201338,2,35,35,35,34,14.8,,,0,0,,powerball.com,15995018,2127184,18122202,7997509,0.02737,2.70,,,,0,,$35,UK players joined the Powerball jackpot pool from 2026-07-22 (per LottoReport); unknown whether UK sales are included
2026-08-19,Wed,PB 5/69+1/26 $2 (2015-10-07+),292201338,2,48,48,48,48,21,,,0,0,,powerball.com,18078198,2395958,20474156,9039099,0.03093,3.05,,,,0,,$48,UK players joined the Powerball jackpot pool from 2026-07-22 (per LottoReport); unknown whether UK sales are included
2026-08-22,Sat,PB 5/69+1/26 $2 (2015-10-07+),292201338,2,68,68,68,69,29.7,,,0,0,,powerball.com,25597406,3219067,28816473,12798703,0.04380,4.29,,,,0,,$68,UK players joined the Powerball jackpot pool from 2026-07-22 (per LottoReport); unknown whether UK sales are included
2026-08-24,Mon,PB 5/69+1/26 $2 (2015-10-07+),292201338,2,81,81,81,83,35.5,,,0,0,,powerball.com,17023838,2224715,19248553,8511919,0.02913,2.87,,,,0,,$81,UK players joined the Powerball jackpot pool from 2026-07-22 (per LottoReport); unknown whether UK sales are included
2026-08-26,Wed,PB 5/69+1/26 $2 (2015-10-07+),292201338,2,96,96,96,98,42,,,0,0,,powerball.com,19285710,2497825,21783535,9642855,0.03300,3.25,,,,0,,$96,UK players joined the Powerball jackpot pool from 2026-07-22 (per LottoReport); unknown whether UK sales are included
2026-08-29,Sat,PB 5/69+1/26 $2 (2015-10-07+),292201338,2,119,119,119,119,51.7,,,0,0,,powerball.com,28450742,3496987,31947729,14225371,0.04868,4.75,,,,0,,$119,UK players joined the Powerball jackpot pool from 2026-07-22 (per LottoReport); unknown whether UK sales are included
2026-08-31,Mon,PB 5/69+1/26 $2 (2015-10-07+),292201338,2,131,131,131,134,58.1,,,0,0,,powerball.com,18816686,2399013,21215699,9408343,0.03220,3.17,,,,0,,$131,UK players joined the Powerball jackpot pool from 2026-07-22 (per LottoReport); unknown whether UK sales are included
2026-09-02,Wed,PB 5/69+1/26 $2 (2015-10-07+),292201338,2,146,146,146,150,65.2,,,0,0,,powerball.com,21024410,2659235,23683645,10512205,0.03598,3.53,,,,0,,$146,UK players joined the Powerball jackpot pool from 2026-07-22 (per LottoReport); unknown whether UK sales are included
2026-09-05,Sat,PB 5/69+1/26 $2 (2015-10-07+),292201338,2,173,173,173,175,75.4,,,0,0,,powerball.com,30201870,3630912,33832782,15100935,0.05168,5.04,,,,0,,$173,UK players joined the Powerball jackpot pool from 2026-07-22 (per LottoReport); unknown whether UK sales are included
2026-09-07,Mon,PB 5/69+1/26 $2 (2015-10-07+),292201338,2,190,190,190,190,81.7,,,0,0,,powerball.com,18619924,9309962,27929886,9309962,0.03186,3.14,,,,0,suspect,$190,SUSPECT PowerPlay value ($9.31M = 50% of base; normal ~12%); base sales look normal | UK players joined the Powerball jackpot pool from 2026-07-22 (per LottoReport); unknown whether UK sales are included
2026-09-09,Wed,PB 5/69+1/26 $2 (2015-10-07+),292201338,2,207,207,207,207,89.4,,,0,0,,powerball.com,22825574,2813546,25639120,11412787,0.03906,3.83,,,,0,,$207,UK players joined the Powerball jackpot pool from 2026-07-22 (per LottoReport); unknown whether UK sales are included
2026-09-12,Sat,PB 5/69+1/26 $2 (2015-10-07+),292201338,2,232,232,232,236,100.2,,,0,0,,powerball.com,31827122,3765164,35592286,15913561,0.05446,5.30,,,,0,,$232,UK players joined the Powerball jackpot pool from 2026-07-22 (per LottoReport); unknown whether UK sales are included
2026-09-14,Mon,PB 5/69+1/26 $2 (2015-10-07+),292201338,2,251,251,251,253,107.4,,,0,0,,powerball.com,21218580,2580905,23799485,10609290,0.03631,3.57,,,,0,,$251,UK players joined the Powerball jackpot pool from 2026-07-22 (per LottoReport); unknown whether UK sales are included
2026-09-16,Wed,PB 5/69+1/26 $2 (2015-10-07+),292201338,2,271,271,271,271,115.2,,,0,0,,powerball.com,23361212,2832665,26193877,11680606,0.03997,3.92,,,,0,,$271,UK players joined the Powerball jackpot pool from 2026-07-22 (per LottoReport); unknown whether UK sales are included
2026-09-19,Sat,PB 5/69+1/26 $2 (2015-10-07+),292201338,2,298,298,298,298,127.2,,,0,0,,powerball.com,33069238,3823204,36892442,16534619,0.05659,5.50,,,,0,,$298,UK players joined the Powerball jackpot pool from 2026-07-22 (per LottoReport); unknown whether UK sales are included
2026-09-21,Mon,PB 5/69+1/26 $2 (2015-10-07+),292201338,2,313,313,313,314,133.8,,,0,0,,powerball.com,22123272,2650815,24774087,11061636,0.03786,3.71,,,,0,,$313,UK players joined the Powerball jackpot pool from 2026-07-22 (per LottoReport); unknown whether UK sales are included
2026-09-23,Wed,PB 5/69+1/26 $2 (2015-10-07+),292201338,2,332,332,332,333,142.2,,,0,0,,powerball.com,24975136,2971916,27947052,12487568,0.04274,4.18,,,,0,,$332,UK players joined the Powerball jackpot pool from 2026-07-22 (per LottoReport); unknown whether UK sales are included
2026-09-26,Sat,PB 5/69+1/26 $2 (2015-10-07+),292201338,2,360,360,360,370,153.9,,,0,0,,powerball.com,34888496,4005218,38893714,17444248,0.05970,5.80,,,,0,,$360,UK players joined the Powerball jackpot pool from 2026-07-22 (per LottoReport); unknown whether UK sales are included
2026-09-28,Mon,PB 5/69+1/26 $2 (2015-10-07+),292201338,2,389,389,389,389,161.7,,,0,0,,powerball.com,23232240,2732092,25964332,11616120,0.03975,3.90,,,,0,,$389,UK players joined the Powerball jackpot pool from 2026-07-22 (per LottoReport); unknown whether UK sales are included
